url_len,dom_len,is_ip,tld_len,subdom_cnt,letter_cnt,digit_cnt,special_cnt,eq_cnt,qm_cnt,amp_cnt,dot_cnt,dash_cnt,under_cnt,letter_ratio,digit_ratio,spec_ratio,is_https,slash_cnt,entropy,path_len,query_len,tld_com,tld_org,tld_edu,tld_de,tld_fr,tld_cz,tld_ru,tld_gov,tld_net,tld_dev,tld_ca,tld_no,tld_it,tld_org.uk,tld_co.uk,tld_ac.jp,tld_cn,tld_ch,tld_nhs.uk,tld_nl,tld_se,tld_ly,tld_eu,tld_es,tld_edu.cn,tld_com.br,tld_pl,tld_or.jp,tld_ac.uk,tld_ac.id,tld_jp,tld_co.jp,tld_app,tld_com.cn,tld_io,tld_ac.in,tld_pt,tld_co,tld_me,tld_dk,tld_be,tld_org.au,tld_or.kr,tld_ie,tld_fi,tld_gr,tld_com.au,tld_shop,tld_org.br,tld_sk,tld_other
18,6,0,2,1,13,0,5,0,0,0,2,0,0,0.722222222,0.0,0.277777778,1,2,3.392147224,0,0,False,False,False,False,False,False,False,False,False,False,False,False,False,False,False,False,False,False,False,False,False,False,False,False,False,False,True,False,False,False,False,False,False,False,False,False,False,False,False,False,False,False,False,False,False,False,False,False,False,False,False
25,17,0,3,0,20,0,5,0,0,0,1,0,0,0.8,0.0,0.2,0,3,3.94346519,1,0,True,False,False,False,False,False,False,False,False,False,False,False,False,False,False,False,False,False,False,False,False,False,False,False,False,False,False,False,False,False,False,False,False,False,False,False,False,False,False,False,False,False,False,False,False,False,False,False,False,False,False
52,11,0,3,1,39,2,11,0,0,0,2,4,0,0.75,0.038461538,0.211538462,1,4,4.472087738,26,0,True,False,False,False,False,False,False,False,False,False,False,False,False,False,False,False,False,False,False,False,False,False,False,False,False,False,False,False,False,False,False,False,False,False,False,False,False,False,False,False,False,False,False,False,False,False,False,False,False,False,False
20,8,0,3,1,14,0,6,0,0,0,2,0,0,0.7,0.0,0.3,0,3,3.38418372,1,0,True,False,False,False,False,False,False,False,False,False,False,False,False,False,False,False,False,False,False,False,False,False,False,False,False,False,False,False,False,False,False,False,False,False,False,False,False,False,False,False,False,False,False,False,False,False,False,False,False,False,False
19,11,0,3,0,14,0,5,0,0,0,1,0,0,0.736842105,0.0,0.263157895,0,3,3.681880803,1,0,False,True,False,False,False,False,False,False,False,False,False,False,False,False,False,False,False,False,False,False,False,False,False,False,False,False,False,False,False,False,False,False,False,False,False,False,False,False,False,False,False,False,False,False,False,False,False,False,False,False,False
41,18,0,3,1,34,0,7,0,0,0,3,0,0,0.829268293,0.0,0.170731707,1,3,4.210733712,11,0,True,False,False,False,False,False,False,False,False,False,False,False,False,False,False,False,False,False,False,False,False,False,False,False,False,False,False,False,False,False,False,False,False,False,False,False,False,False,False,False,False,False,False,False,False,False,False,False,False,False,False
175,10,0,3,1,139,16,20,3,1,2,2,1,1,0.794285714,0.091428571,0.114285714,1,7,5.543032054,108,43,True,False,False,False,False,False,False,False,False,False,False,False,False,False,False,False,False,False,False,False,False,False,False,False,False,False,False,False,False,False,False,False,False,False,False,False,False,False,False,False,False,False,False,False,False,False,False,False,False,False,False
34,20,0,3,1,27,1,6,0,0,0,2,0,0,0.794117647,0.029411765,0.176470588,0,3,4.116299606,1,0,True,False,False,False,False,False,False,False,False,False,False,False,False,False,False,False,False,False,False,False,False,False,False,False,False,False,False,False,False,False,False,False,False,False,False,False,False,False,False,False,False,False,False,False,False,False,False,False,False,False,False
38,15,0,3,1,32,0,6,0,0,0,2,0,0,0.842105263,0.0,0.157894737,1,3,4.214132447,1,0,True,False,False,False,False,False,False,False,False,False,False,False,False,False,False,False,False,False,False,False,False,False,False,False,False,False,False,False,False,False,False,False,False,False,False,False,False,False,False,False,False,False,False,False,False,False,False,False,False,False,False
32,24,0,3,0,27,0,5,0,0,0,1,0,0,0.84375,0.0,0.15625,0,3,3.968139062,1,0,True,False,False,False,False,False,False,False,False,False,False,False,False,False,False,False,False,False,False,False,False,False,False,False,False,False,False,False,False,False,False,False,False,False,False,False,False,False,False,False,False,False,False,False,False,False,False,False,False,False,False
26,18,0,3,0,21,0,5,0,0,0,1,0,0,0.807692308,0.0,0.192307692,0,3,3.657385277,1,0,True,False,False,False,False,False,False,False,False,False,False,False,False,False,False,False,False,False,False,False,False,False,False,False,False,False,False,False,False,False,False,False,False,False,False,False,False,False,False,False,False,False,False,False,False,False,False,False,False,False,False
24,13,0,6,0,18,0,6,0,0,0,2,0,0,0.75,0.0,0.25,1,3,3.54248125,3,0,False,False,False,False,False,False,False,False,False,False,False,False,False,False,False,False,False,False,False,False,False,False,False,False,False,False,False,False,False,False,False,False,False,False,False,False,False,False,False,False,False,False,False,False,False,False,False,False,False,False,True
98,16,0,4,1,87,0,11,0,0,0,3,1,0,0.887755102,0.0,0.112244898,1,6,4.367503029,34,0,False,False,False,False,False,False,False,False,False,False,False,False,False,False,False,False,False,False,False,False,False,False,False,False,False,False,False,False,False,False,False,False,False,False,False,False,False,False,False,False,False,False,False,False,False,False,False,False,False,False,True
22,10,0,5,1,15,0,7,0,0,0,3,0,0,0.681818182,0.0,0.318181818,0,3,3.629219687,1,0,False,False,False,False,False,False,False,False,False,False,False,False,False,False,False,False,False,False,False,False,False,False,False,False,False,False,False,False,False,False,False,False,False,False,False,True,False,False,False,False,False,False,False,False,False,False,False,False,False,False,False
23,8,0,2,1,17,0,6,0,0,0,2,0,0,0.739130435,0.0,0.260869565,0,3,3.501397825,1,0,False,False,False,False,False,False,False,False,False,False,False,False,False,False,False,False,False,False,False,False,False,False,False,False,False,False,True,False,False,False,False,False,False,False,False,False,False,False,False,False,False,False,False,False,False,False,False,False,False,False,False
17,9,0,2,0,12,0,5,0,0,0,1,0,0,0.705882353,0.0,0.294117647,0,3,3.4548224,1,0,False,False,False,False,False,True,False,False,False,False,False,False,False,False,False,False,False,False,False,False,False,False,False,False,False,False,False,False,False,False,False,False,False,False,False,False,False,False,False,False,False,False,False,False,False,False,False,False,False,False,False
32,15,0,5,0,25,0,7,0,0,0,3,0,0,0.78125,0.0,0.21875,0,3,3.730337797,10,0,False,False,False,False,False,False,False,False,False,False,False,False,False,False,False,False,False,False,False,False,False,False,False,False,False,False,False,False,False,False,False,False,False,False,False,True,False,False,False,False,False,False,False,False,False,False,False,False,False,False,False
190,10,0,3,1,148,13,29,4,1,3,3,5,2,0.778947368,0.068421053,0.152631579,1,7,5.470980592,108,58,True,False,False,False,False,False,False,False,False,False,False,False,False,False,False,False,False,False,False,False,False,False,False,False,False,False,False,False,False,False,False,False,False,False,False,False,False,False,False,False,False,False,False,False,False,False,False,False,False,False,False
28,15,0,5,1,20,0,8,0,0,0,3,1,0,0.714285714,0.0,0.285714286,1,3,3.726474118,1,0,False,False,False,False,False,False,False,False,False,False,False,False,False,False,False,True,False,False,False,False,False,False,False,False,False,False,False,False,False,False,False,False,False,False,False,False,False,False,False,False,False,False,False,False,False,False,False,False,False,False,False
30,17,0,5,1,23,0,7,0,0,0,3,0,0,0.766666667,0.0,0.233333333,1,3,4.072905595,1,0,False,False,False,False,False,False,False,False,False,False,False,False,False,False,True,False,False,False,False,False,False,False,False,False,False,False,False,False,False,False,False,False,False,False,False,False,False,False,False,False,False,False,False,False,False,False,False,False,False,False,False
30,18,0,2,1,24,0,6,0,0,0,2,1,0,0.8,0.0,0.2,1,2,3.828072996,0,0,False,False,False,False,False,False,False,False,False,False,False,False,True,False,False,False,False,False,False,False,False,False,False,False,False,False,False,False,False,False,False,False,False,False,False,False,False,False,False,False,False,False,False,False,False,False,False,False,False,False,False
23,11,0,2,1,17,0,6,0,0,0,2,0,0,0.739130435,0.0,0.260869565,0,3,3.555533151,1,0,False,False,False,False,False,False,False,False,False,False,False,False,False,False,False,False,False,True,False,False,False,False,False,False,False,False,False,False,False,False,False,False,False,False,False,False,False,False,False,False,False,False,False,False,False,False,False,False,False,False,False
23,11,0,3,1,17,0,6,0,0,0,2,0,0,0.739130435,0.0,0.260869565,0,3,3.555533151,1,0,True,False,False,False,False,False,False,False,False,False,False,False,False,False,False,False,False,False,False,False,False,False,False,False,False,False,False,False,False,False,False,False,False,False,False,False,False,False,False,False,False,False,False,False,False,False,False,False,False,False,False
28,20,0,2,0,22,0,6,0,0,0,1,1,0,0.785714286,0.0,0.214285714,0,3,3.865764637,1,0,False,False,False,False,False,False,False,False,False,False,False,True,False,False,False,False,False,False,False,False,False,False,False,False,False,False,False,False,False,False,False,False,False,False,False,False,False,False,False,False,False,False,False,False,False,False,False,False,False,False,False
35,22,0,5,1,27,0,8,0,0,0,3,1,0,0.771428571,0.0,0.228571429,1,3,4.24301016,1,0,False,False,False,False,False,False,False,False,False,False,False,False,False,False,False,False,False,False,False,False,False,False,False,False,False,False,False,False,True,False,False,False,False,False,False,False,False,False,False,False,False,False,False,False,False,False,False,False,False,False,False
35,22,0,3,1,29,0,6,0,0,0,2,0,0,0.828571429,0.0,0.171428571,1,3,4.050013374,1,0,False,True,False,False,False,False,False,False,False,False,False,False,False,False,False,False,False,False,False,False,False,False,False,False,False,False,False,False,False,False,False,False,False,False,False,False,False,False,False,False,False,False,False,False,False,False,False,False,False,False,False
20,8,0,2,1,14,0,6,0,0,0,2,0,0,0.7,0.0,0.3,0,3,3.446439345,1,0,False,False,False,False,False,False,False,False,False,False,False,False,False,False,False,False,True,False,False,False,False,False,False,False,False,False,False,False,False,False,False,False,False,False,False,False,False,False,False,False,False,False,False,False,False,False,False,False,False,False,False
32,19,0,3,1,26,0,6,0,0,0,2,0,0,0.8125,0.0,0.1875,1,3,3.952819531,1,0,True,False,False,False,False,False,False,False,False,False,False,False,False,False,False,False,False,False,False,False,False,False,False,False,False,False,False,False,False,False,False,False,False,False,False,False,False,False,False,False,False,False,False,False,False,False,False,False,False,False,False
35,14,0,3,1,22,6,7,0,0,0,2,1,0,0.628571429,0.171428571,0.2,1,3,4.229003731,1,0,True,False,False,False,False,False,False,False,False,False,False,False,False,False,False,False,False,False,False,False,False,False,False,False,False,False,False,False,False,False,False,False,False,False,False,False,False,False,False,False,False,False,False,False,False,False,False,False,False,False,False
27,14,0,2,1,21,0,6,0,0,0,2,0,0,0.777777778,0.0,0.222222222,1,3,3.736006946,1,0,False,False,False,True,False,False,False,False,False,False,False,False,False,False,False,False,False,False,False,False,False,False,False,False,False,False,False,False,False,False,False,False,False,False,False,False,False,False,False,False,False,False,False,False,False,False,False,False,False,False,False
17,8,0,4,0,12,0,5,0,0,0,1,0,0,0.705882353,0.0,0.294117647,1,3,3.4548224,1,0,False,False,False,False,False,False,False,False,False,False,False,False,False,False,False,False,False,False,False,False,False,False,False,False,False,False,False,False,False,False,False,False,False,False,False,False,False,False,False,False,False,False,False,False,False,False,False,False,False,False,True
26,11,0,6,1,18,0,8,0,0,0,3,0,0,0.692307692,0.0,0.307692308,0,4,3.642371449,4,0,False,False,False,False,False,False,False,False,False,False,False,False,False,False,False,False,False,False,False,False,False,False,False,False,False,False,False,False,False,False,False,False,False,False,False,False,False,False,False,False,False,False,False,False,False,False,False,False,False,False,True
26,18,0,3,0,21,0,5,0,0,0,1,0,0,0.807692308,0.0,0.192307692,0,3,3.921029622,1,0,True,False,False,False,False,False,False,False,False,False,False,False,False,False,False,False,False,False,False,False,False,False,False,False,False,False,False,False,False,False,False,False,False,False,False,False,False,False,False,False,False,False,False,False,False,False,False,False,False,False,False
23,13,0,6,0,17,0,6,0,0,0,2,0,0,0.739130435,0.0,0.260869565,0,3,3.501397825,3,0,False,False,False,False,False,False,False,False,False,False,False,False,False,False,False,False,False,False,False,False,False,False,False,False,False,False,False,False,False,False,False,False,False,False,False,False,False,False,False,False,False,False,False,False,False,False,False,False,False,False,True
36,23,0,3,1,30,0,6,0,0,0,2,0,0,0.833333333,0.0,0.166666667,1,3,3.919381946,1,0,True,False,False,False,False,False,False,False,False,False,False,False,False,False,False,False,False,False,False,False,False,False,False,False,False,False,False,False,False,False,False,False,False,False,False,False,False,False,False,False,False,False,False,False,False,False,False,False,False,False,False
20,11,0,3,0,15,0,5,0,0,0,1,0,0,0.75,0.0,0.25,1,3,3.746439345,1,0,False,True,False,False,False,False,False,False,False,False,False,False,False,False,False,False,False,False,False,False,False,False,False,False,False,False,False,False,False,False,False,False,False,False,False,False,False,False,False,False,False,False,False,False,False,False,False,False,False,False,False
30,18,0,3,1,24,0,6,0,0,0,2,0,0,0.8,0.0,0.2,0,3,3.872905595,1,0,False,True,False,False,False,False,False,False,False,False,False,False,False,False,False,False,False,False,False,False,False,False,False,False,False,False,False,False,False,False,False,False,False,False,False,False,False,False,False,False,False,False,False,False,False,False,False,False,False,False,False
37,25,0,3,1,31,0,6,0,0,0,2,0,0,0.837837838,0.0,0.162162162,0,3,3.905003028,1,0,True,False,False,False,False,False,False,False,False,False,False,False,False,False,False,False,False,False,False,False,False,False,False,False,False,False,False,False,False,False,False,False,False,False,False,False,False,False,False,False,False,False,False,False,False,False,False,False,False,False,False
34,9,0,3,1,26,0,8,0,0,0,2,2,0,0.764705882,0.0,0.235294118,1,3,4.138502179,1,0,False,False,False,False,False,False,False,False,False,True,False,False,False,False,False,False,False,False,False,False,False,False,False,False,False,False,False,False,False,False,False,False,False,False,False,False,False,False,False,False,False,False,False,False,False,False,False,False,False,False,False
24,6,0,3,1,18,0,6,0,0,0,2,0,0,0.75,0.0,0.25,1,3,3.625814584,6,0,False,False,False,False,False,False,False,True,False,False,False,False,False,False,False,False,False,False,False,False,False,False,False,False,False,False,False,False,False,False,False,False,False,False,False,False,False,False,False,False,False,False,False,False,False,False,False,False,False,False,False
20,9,0,5,0,13,0,7,0,0,0,2,0,0,0.65,0.0,0.35,0,4,3.321928095,4,0,False,False,False,False,False,False,False,False,False,False,False,False,False,False,False,False,False,False,False,False,False,False,False,False,False,False,False,False,False,False,False,False,False,False,False,False,False,False,False,False,False,False,False,False,False,False,False,False,False,False,True
22,10,0,3,1,17,0,5,0,0,0,2,0,0,0.772727273,0.0,0.227272727,1,2,3.663532755,0,0,True,False,False,False,False,False,False,False,False,False,False,False,False,False,False,False,False,False,False,False,False,False,False,False,False,False,False,False,False,False,False,False,False,False,False,False,False,False,False,False,False,False,False,False,False,False,False,False,False,False,False
32,20,0,2,1,25,0,7,0,0,0,2,1,0,0.78125,0.0,0.21875,0,3,4.179229297,1,0,False,False,False,False,False,False,True,False,False,False,False,False,False,False,False,False,False,False,False,False,False,False,False,False,False,False,False,False,False,False,False,False,False,False,False,False,False,False,False,False,False,False,False,False,False,False,False,False,False,False,False
32,6,0,2,1,24,0,8,0,0,0,2,0,0,0.75,0.0,0.25,0,5,3.863608501,12,0,False,False,False,False,True,False,False,False,False,False,False,False,False,False,False,False,False,False,False,False,False,False,False,False,False,False,False,False,False,False,False,False,False,False,False,False,False,False,False,False,False,False,False,False,False,False,False,False,False,False,False
22,10,0,2,1,15,0,7,0,0,0,2,1,0,0.681818182,0.0,0.318181818,0,3,3.538310596,1,0,False,False,False,False,False,False,False,False,False,False,False,False,False,False,False,False,False,False,False,False,False,False,False,False,False,False,False,False,False,False,False,False,False,False,False,False,False,False,False,False,False,False,False,False,False,False,False,False,False,False,True
184,10,0,3,1,139,17,28,5,1,4,3,6,1,0.755434783,0.092391304,0.152173913,1,7,5.586392922,108,52,True,False,False,False,False,False,False,False,False,False,False,False,False,False,False,False,False,False,False,False,False,False,False,False,False,False,False,False,False,False,False,False,False,False,False,False,False,False,False,False,False,False,False,False,False,False,False,False,False,False,False
21,10,0,3,1,16,0,5,0,0,0,2,0,0,0.761904762,0.0,0.238095238,0,2,3.332095399,0,0,False,True,False,False,False,False,False,False,False,False,False,False,False,False,False,False,False,False,False,False,False,False,False,False,False,False,False,False,False,False,False,False,False,False,False,False,False,False,False,False,False,False,False,False,False,False,False,False,False,False,False
26,19,0,3,0,22,0,4,0,0,0,1,0,0,0.846153846,0.0,0.153846154,0,2,3.902174814,0,0,True,False,False,False,False,False,False,False,False,False,False,False,False,False,False,False,False,False,False,False,False,False,False,False,False,False,False,False,False,False,False,False,False,False,False,False,False,False,False,False,False,False,False,False,False,False,False,False,False,False,False
26,13,0,4,1,20,0,6,0,0,0,2,0,0,0.769230769,0.0,0.230769231,1,3,3.642371449,1,0,False,False,False,False,False,False,False,False,False,False,False,False,False,False,False,False,False,False,False,False,False,False,False,False,False,False,False,False,False,False,False,False,False,False,False,False,False,False,False,False,False,False,False,False,False,False,False,False,False,False,True
21,9,0,3,1,15,0,6,0,0,0,2,0,0,0.714285714,0.0,0.285714286,0,3,3.653756708,1,0,True,False,False,False,False,False,False,False,False,False,False,False,False,False,False,False,False,False,False,False,False,False,False,False,False,False,False,False,False,False,False,False,False,False,False,False,False,False,False,False,False,False,False,False,False,False,False,False,False,False,False
16,8,0,3,0,11,0,5,0,0,0,1,0,0,0.6875,0.0,0.3125,0,3,3.452819531,1,0,False,True,False,False,False,False,False,False,False,False,False,False,False,False,False,False,False,False,False,False,False,False,False,False,False,False,False,False,False,False,False,False,False,False,False,False,False,False,False,False,False,False,False,False,False,False,False,False,False,False,False
28,15,0,5,1,21,0,7,0,0,0,3,0,0,0.75,0.0,0.25,1,3,3.770942422,1,0,False,False,False,False,False,False,False,False,False,False,False,False,False,False,True,False,False,False,False,False,False,False,False,False,False,False,False,False,False,False,False,False,False,False,False,False,False,False,False,False,False,False,False,False,False,False,False,False,False,False,False
36,10,0,3,1,28,2,6,0,0,0,2,0,0,0.777777778,0.055555556,0.166666667,1,3,4.231746182,1,0,True,False,False,False,False,False,False,False,False,False,False,False,False,False,False,False,False,False,False,False,False,False,False,False,False,False,False,False,False,False,False,False,False,False,False,False,False,False,False,False,False,False,False,False,False,False,False,False,False,False,False
22,14,0,3,0,17,0,5,0,0,0,1,0,0,0.772727273,0.0,0.227272727,0,3,3.606936732,1,0,True,False,False,False,False,False,False,False,False,False,False,False,False,False,False,False,False,False,False,False,False,False,False,False,False,False,False,False,False,False,False,False,False,False,False,False,False,False,False,False,False,False,False,False,False,False,False,False,False,False,False
54,8,0,2,0,42,1,11,1,0,0,1,0,0,0.777777778,0.018518519,0.203703704,1,8,4.379615974,38,0,False,False,False,False,False,False,False,False,False,False,False,False,False,False,False,False,True,False,False,False,False,False,False,False,False,False,False,False,False,False,False,False,False,False,False,False,False,False,False,False,False,False,False,False,False,False,False,False,False,False,False
53,16,0,3,0,44,0,9,0,0,0,2,1,0,0.830188679,0.0,0.169811321,1,5,4.300585728,29,0,True,False,False,False,False,False,False,False,False,False,False,False,False,False,False,False,False,False,False,False,False,False,False,False,False,False,False,False,False,False,False,False,False,False,False,False,False,False,False,False,False,False,False,False,False,False,False,False,False,False,False
186,17,0,3,0,156,20,10,1,1,0,2,0,0,0.838709677,0.107526882,0.053763441,1,4,5.655662577,12,120,True,False,False,False,False,False,False,False,False,False,False,False,False,False,False,False,False,False,False,False,False,False,False,False,False,False,False,False,False,False,False,False,False,False,False,False,False,False,False,False,False,False,False,False,False,False,False,False,False,False,False
24,10,0,5,1,17,0,7,0,0,0,3,1,0,0.708333333,0.0,0.291666667,1,2,3.886842188,0,0,False,False,False,False,False,False,False,False,False,False,False,False,False,False,False,False,False,False,False,False,False,False,False,False,False,False,False,False,True,False,False,False,False,False,False,False,False,False,False,False,False,False,False,False,False,False,False,False,False,False,False
34,25,0,4,0,27,0,7,0,0,0,1,2,0,0.794117647,0.0,0.205882353,1,3,4.152920562,1,0,False,False,False,False,False,False,False,False,False,False,False,False,False,False,False,False,False,False,False,False,False,False,False,False,False,False,False,False,False,False,False,False,False,False,False,False,False,False,False,False,False,False,False,False,False,False,False,False,False,False,True
20,12,0,2,0,16,0,4,0,0,0,1,0,0,0.8,0.0,0.2,1,2,3.68418372,0,0,False,False,False,False,False,False,False,False,False,False,False,False,False,False,False,False,False,False,False,False,False,False,False,True,False,False,False,False,False,False,False,False,False,False,False,False,False,False,False,False,False,False,False,False,False,False,False,False,False,False,False
31,13,0,3,1,25,0,6,0,0,0,2,0,0,0.806451613,0.0,0.193548387,1,3,3.950344198,1,0,True,False,False,False,False,False,False,False,False,False,False,False,False,False,False,False,False,False,False,False,False,False,False,False,False,False,False,False,False,False,False,False,False,False,False,False,False,False,False,False,False,False,False,False,False,False,False,False,False,False,False
22,10,0,5,1,16,0,6,0,0,0,3,0,0,0.727272727,0.0,0.272727273,1,2,3.538310596,0,0,False,False,False,False,False,False,False,False,False,False,False,False,False,False,False,False,False,False,False,False,False,False,False,False,False,False,False,True,False,False,False,False,False,False,False,False,False,False,False,False,False,False,False,False,False,False,False,False,False,False,False
63,20,0,3,1,48,4,11,1,1,0,3,0,0,0.761904762,0.063492063,0.174603175,0,5,4.488542623,22,9,True,False,False,False,False,False,False,False,False,False,False,False,False,False,False,False,False,False,False,False,False,False,False,False,False,False,False,False,False,False,False,False,False,False,False,False,False,False,False,False,False,False,False,False,False,False,False,False,False,False,False
33,9,0,3,1,26,0,7,0,0,0,2,1,0,0.787878788,0.0,0.212121212,1,3,3.752600468,1,0,False,False,False,False,False,False,False,False,False,True,False,False,False,False,False,False,False,False,False,False,False,False,False,False,False,False,False,False,False,False,False,False,False,False,False,False,False,False,False,False,False,False,False,False,False,False,False,False,False,False,False
36,17,0,3,1,30,0,6,0,0,0,2,0,0,0.833333333,0.0,0.166666667,1,3,3.787301737,7,0,False,False,True,False,False,False,False,False,False,False,False,False,False,False,False,False,False,False,False,False,False,False,False,False,False,False,False,False,False,False,False,False,False,False,False,False,False,False,False,False,False,False,False,False,False,False,False,False,False,False,False
56,12,0,2,0,46,0,10,0,0,0,1,4,0,0.821428571,0.0,0.178571429,0,4,3.93980005,37,0,False,False,False,False,False,False,False,False,False,False,False,True,False,False,False,False,False,False,False,False,False,False,False,False,False,False,False,False,False,False,False,False,False,False,False,False,False,False,False,False,False,False,False,False,False,False,False,False,False,False,False
20,7,0,2,0,14,0,6,0,0,0,1,1,0,0.7,0.0,0.3,0,3,3.646439345,6,0,False,False,False,False,False,True,False,False,False,False,False,False,False,False,False,False,False,False,False,False,False,False,False,False,False,False,False,False,False,False,False,False,False,False,False,False,False,False,False,False,False,False,False,False,False,False,False,False,False,False,False
31,18,0,3,1,25,0,6,0,0,0,2,0,0,0.806451613,0.0,0.193548387,1,3,3.824533407,1,0,True,False,False,False,False,False,False,False,False,False,False,False,False,False,False,False,False,False,False,False,False,False,False,False,False,False,False,False,False,False,False,False,False,False,False,False,False,False,False,False,False,False,False,False,False,False,False,False,False,False,False
22,11,0,6,1,16,0,6,0,0,0,3,0,0,0.727272727,0.0,0.272727273,0,2,3.663532755,0,0,False,False,False,False,False,False,False,False,False,False,False,False,False,False,False,False,False,False,False,False,False,False,False,False,False,False,False,False,False,False,False,False,False,True,False,False,False,False,False,False,False,False,False,False,False,False,False,False,False,False,False
45,10,0,2,1,37,0,8,0,0,0,2,2,0,0.822222222,0.0,0.177777778,1,3,4.146756985,1,0,False,False,False,False,False,False,False,False,False,False,False,False,False,False,False,False,False,False,False,False,False,False,False,False,False,False,False,False,False,False,False,False,False,False,True,False,False,False,False,False,False,False,False,False,False,False,False,False,False,False,False
27,16,0,6,1,20,0,7,0,0,0,3,0,0,0.740740741,0.0,0.259259259,0,3,3.782122224,1,0,False,False,False,False,False,False,False,False,False,False,False,False,False,False,False,False,False,False,False,False,False,False,False,False,False,False,False,False,False,False,False,False,False,True,False,False,False,False,False,False,False,False,False,False,False,False,False,False,False,False,False
17,9,0,2,0,12,0,5,0,0,0,1,0,0,0.705882353,0.0,0.294117647,0,3,3.410417253,1,0,False,False,False,False,False,False,False,False,False,False,False,True,False,False,False,False,False,False,False,False,False,False,False,False,False,False,False,False,False,False,False,False,False,False,False,False,False,False,False,False,False,False,False,False,False,False,False,False,False,False,False
28,20,0,5,0,21,0,7,0,0,0,2,1,0,0.75,0.0,0.25,0,3,3.869331261,1,0,False,False,False,False,False,False,False,False,False,False,False,False,False,False,True,False,False,False,False,False,False,False,False,False,False,False,False,False,False,False,False,False,False,False,False,False,False,False,False,False,False,False,False,False,False,False,False,False,False,False,False
27,18,0,3,0,22,0,5,0,0,0,1,0,0,0.814814815,0.0,0.185185185,1,3,3.884155095,1,0,False,True,False,False,False,False,False,False,False,False,False,False,False,False,False,False,False,False,False,False,False,False,False,False,False,False,False,False,False,False,False,False,False,False,False,False,False,False,False,False,False,False,False,False,False,False,False,False,False,False,False
24,12,0,2,0,18,0,6,0,0,0,1,0,0,0.75,0.0,0.25,1,4,3.720175521,4,0,False,False,False,False,False,False,True,False,False,False,False,False,False,False,False,False,False,False,False,False,False,False,False,False,False,False,False,False,False,False,False,False,False,False,False,False,False,False,False,False,False,False,False,False,False,False,False,False,False,False,False
25,13,0,3,1,19,0,6,0,0,0,2,0,0,0.76,0.0,0.24,0,3,3.86346519,1,0,True,False,False,False,False,False,False,False,False,False,False,False,False,False,False,False,False,False,False,False,False,False,False,False,False,False,False,False,False,False,False,False,False,False,False,False,False,False,False,False,False,False,False,False,False,False,False,False,False,False,False
20,8,0,2,1,14,0,6,0,0,0,2,0,0,0.7,0.0,0.3,0,3,3.646439345,1,0,False,False,False,False,False,False,False,False,False,False,False,False,False,False,False,False,False,False,False,False,False,False,True,False,False,False,False,False,False,False,False,False,False,False,False,False,False,False,False,False,False,False,False,False,False,False,False,False,False,False,False
26,9,0,3,2,19,0,7,0,0,0,3,0,0,0.730769231,0.0,0.269230769,0,3,3.690260391,1,0,False,False,False,False,False,False,False,True,False,False,False,False,False,False,False,False,False,False,False,False,False,False,False,False,False,False,False,False,False,False,False,False,False,False,False,False,False,False,False,False,False,False,False,False,False,False,False,False,False,False,False
30,18,0,2,1,24,0,6,0,0,0,2,0,0,0.8,0.0,0.2,0,3,3.589898095,1,0,False,False,False,False,False,False,False,False,False,False,False,False,False,False,False,False,False,False,False,False,True,False,False,False,False,False,False,False,False,False,False,False,False,False,False,False,False,False,False,False,False,False,False,False,False,False,False,False,False,False,False
28,16,0,6,1,21,0,7,0,0,0,3,0,0,0.75,0.0,0.25,0,3,3.574164743,1,0,False,False,False,False,False,False,False,False,False,False,False,False,False,False,False,False,False,False,False,False,False,False,False,False,False,False,False,False,False,False,False,False,False,True,False,False,False,False,False,False,False,False,False,False,False,False,False,False,False,False,False
34,10,0,3,1,28,0,6,0,0,0,2,0,0,0.823529412,0.0,0.176470588,1,3,4.138502179,1,0,True,False,False,False,False,False,False,False,False,False,False,False,False,False,False,False,False,False,False,False,False,False,False,False,False,False,False,False,False,False,False,False,False,False,False,False,False,False,False,False,False,False,False,False,False,False,False,False,False,False,False
26,18,0,3,0,21,0,5,0,0,0,1,0,0,0.807692308,0.0,0.192307692,0,3,3.796217603,1,0,False,True,False,False,False,False,False,False,False,False,False,False,False,False,False,False,False,False,False,False,False,False,False,False,False,False,False,False,False,False,False,False,False,False,False,False,False,False,False,False,False,False,False,False,False,False,False,False,False,False,False
30,18,0,3,1,24,0,6,0,0,0,2,0,0,0.8,0.0,0.2,0,3,4.006238929,1,0,False,True,False,False,False,False,False,False,False,False,False,False,False,False,False,False,False,False,False,False,False,False,False,False,False,False,False,False,False,False,False,False,False,False,False,False,False,False,False,False,False,False,False,False,False,False,False,False,False,False,False
29,17,0,3,1,23,0,6,0,0,0,2,0,0,0.793103448,0.0,0.206896552,0,3,3.995237891,1,0,True,False,False,False,False,False,False,False,False,False,False,False,False,False,False,False,False,False,False,False,False,False,False,False,False,False,False,False,False,False,False,False,False,False,False,False,False,False,False,False,False,False,False,False,False,False,False,False,False,False,False
32,16,0,2,1,25,0,7,0,0,0,2,0,0,0.78125,0.0,0.21875,1,4,3.929229297,4,0,False,False,False,False,False,False,False,False,False,False,False,False,False,False,False,False,False,False,False,False,False,False,False,False,False,False,True,False,False,False,False,False,False,False,False,False,False,False,False,False,False,False,False,False,False,False,False,False,False,False,False
22,7,0,2,2,16,0,6,0,0,0,3,0,0,0.727272727,0.0,0.272727273,1,2,3.538310596,0,0,False,False,False,False,False,False,False,False,False,False,False,False,True,False,False,False,False,False,False,False,False,False,False,False,False,False,False,False,False,False,False,False,False,False,False,False,False,False,False,False,False,False,False,False,False,False,False,False,False,False,False
35,10,0,6,0,27,0,8,0,0,0,3,0,0,0.771428571,0.0,0.228571429,0,4,4.071581588,18,0,False,False,False,False,False,False,False,False,False,False,False,False,False,False,False,False,False,False,False,False,False,False,False,False,False,False,False,False,False,False,False,False,False,False,False,False,False,False,False,False,False,False,False,False,False,False,False,False,False,False,True
31,12,0,3,0,25,0,6,0,0,0,1,0,0,0.806451613,0.0,0.193548387,1,3,4.042433004,1,0,True,False,False,False,False,False,False,False,False,False,False,False,False,False,False,False,False,False,False,False,False,False,False,False,False,False,False,False,False,False,False,False,False,False,False,False,False,False,False,False,False,False,False,False,False,False,False,False,False,False,False
23,11,0,6,1,16,0,7,0,0,0,3,0,0,0.695652174,0.0,0.304347826,0,3,3.609668477,1,0,False,False,False,False,False,False,False,False,False,False,False,False,False,False,False,False,False,False,False,False,False,False,False,False,False,False,False,False,False,False,False,False,False,False,False,False,False,False,False,False,False,False,False,False,False,False,False,False,False,False,True
35,10,0,2,1,27,0,8,0,0,0,3,0,0,0.771428571,0.0,0.228571429,0,4,3.992870517,14,0,False,False,False,False,False,False,False,False,False,False,True,False,False,False,False,False,False,False,False,False,False,False,False,False,False,False,False,False,False,False,False,False,False,False,False,False,False,False,False,False,False,False,False,False,False,False,False,False,False,False,False
26,14,0,3,1,20,0,6,0,0,0,2,0,0,0.769230769,0.0,0.230769231,0,3,3.844106545,1,0,False,True,False,False,False,False,False,False,False,False,False,False,False,False,False,False,False,False,False,False,False,False,False,False,False,False,False,False,False,False,False,False,False,False,False,False,False,False,False,False,False,False,False,False,False,False,False,False,False,False,False
32,11,0,3,0,24,0,8,0,0,0,2,0,0,0.75,0.0,0.25,0,5,3.902518266,14,0,False,True,False,False,False,False,False,False,False,False,False,False,False,False,False,False,False,False,False,False,False,False,False,False,False,False,False,False,False,False,False,False,False,False,False,False,False,False,False,False,False,False,False,False,False,False,False,False,False,False,False
25,7,0,2,2,18,0,7,0,0,0,3,0,0,0.72,0.0,0.28,0,3,3.563074189,1,0,False,False,False,False,False,False,True,False,False,False,False,False,False,False,False,False,False,False,False,False,False,False,False,False,False,False,False,False,False,False,False,False,False,False,False,False,False,False,False,False,False,False,False,False,False,False,False,False,False,False,False
73,17,0,3,1,62,0,11,0,0,0,2,4,0,0.849315068,0.0,0.150684932,0,4,4.209532095,45,0,False,True,False,False,False,False,False,False,False,False,False,False,False,False,False,False,False,False,False,False,False,False,False,False,False,False,False,False,False,False,False,False,False,False,False,False,False,False,False,False,False,False,False,False,False,False,False,False,False,False,False
24,13,0,3,0,18,0,6,0,0,0,1,0,0,0.75,0.0,0.25,0,4,3.636842188,4,0,True,False,False,False,False,False,False,False,False,False,False,False,False,False,False,False,False,False,False,False,False,False,False,False,False,False,False,False,False,False,False,False,False,False,False,False,False,False,False,False,False,False,False,False,False,False,False,False,False,False,False
22,6,0,2,0,16,1,5,0,0,0,1,0,0,0.727272727,0.045454545,0.227272727,1,3,3.936260028,8,0,False,False,False,False,False,False,False,False,False,False,False,False,False,False,False,False,False,False,False,False,False,True,False,False,False,False,False,False,False,False,False,False,False,False,False,False,False,False,False,False,False,False,False,False,False,False,False,False,False,False,False
28,15,0,3,1,22,0,6,0,0,0,2,0,0,0.785714286,0.0,0.214285714,1,3,3.824862958,1,0,False,True,False,False,False,False,False,False,False,False,False,False,False,False,False,False,False,False,False,False,False,False,False,False,False,False,False,False,False,False,False,False,False,False,False,False,False,False,False,False,False,False,False,False,False,False,False,False,False,False,False
27,11,0,2,1,19,0,8,0,0,0,2,1,0,0.703703704,0.0,0.296296296,0,4,3.940072687,5,0,False,False,False,False,True,False,False,False,False,False,False,False,False,False,False,False,False,False,False,False,False,False,False,False,False,False,False,False,False,False,False,False,False,False,False,False,False,False,False,False,False,False,False,False,False,False,False,False,False,False,False
20,6,0,2,1,14,0,6,0,0,0,2,0,0,0.7,0.0,0.3,1,3,3.446439345,2,0,False,False,False,False,False,False,False,False,False,False,False,False,False,False,False,False,False,True,False,False,False,False,False,False,False,False,False,False,False,False,False,False,False,False,False,False,False,False,False,False,False,False,False,False,False,False,False,False,False,False,False
24,12,0,6,0,17,0,7,0,0,0,2,0,0,0.708333333,0.0,0.291666667,0,4,3.584962501,5,0,False,False,False,False,False,False,False,False,False,False,False,False,False,False,False,False,False,False,False,False,False,False,False,False,False,False,False,False,False,False,False,False,False,False,False,False,False,False,False,False,False,False,False,False,False,False,False,False,False,False,True
26,18,0,2,0,21,0,5,0,0,0,1,0,0,0.807692308,0.0,0.192307692,0,3,3.796217603,1,0,False,False,False,False,False,False,False,False,False,False,True,False,False,False,False,False,False,False,False,False,False,False,False,False,False,False,False,False,False,False,False,False,False,False,False,False,False,False,False,False,False,False,False,False,False,False,False,False,False,False,False
20,12,0,2,0,15,0,5,0,0,0,1,0,0,0.75,0.0,0.25,0,3,3.40869497,1,0,False,False,False,False,False,False,False,False,False,False,False,True,False,False,False,False,False,False,False,False,False,False,False,False,False,False,False,False,False,False,False,False,False,False,False,False,False,False,False,False,False,False,False,False,False,False,False,False,False,False,False
20,8,0,5,1,13,0,7,0,0,0,3,0,0,0.65,0.0,0.35,0,3,3.133206219,1,0,False,False,False,False,False,False,False,False,False,False,False,False,False,False,False,False,False,False,False,False,False,False,False,False,False,False,False,False,False,False,False,False,False,False,False,False,False,False,False,False,False,False,False,False,False,False,False,False,False,False,True
23,9,0,5,1,16,0,7,0,0,0,3,0,0,0.695652174,0.0,0.304347826,0,3,3.435755434,1,0,False,False,False,False,False,False,False,False,False,False,False,False,False,False,False,False,False,False,False,False,False,False,False,False,False,False,False,False,False,False,False,False,False,False,False,False,False,False,False,False,False,False,False,False,False,False,False,False,False,False,True
26,14,0,3,1,20,0,6,0,0,0,2,0,0,0.769230769,0.0,0.230769231,0,3,3.844106545,1,0,True,False,False,False,False,False,False,False,False,False,False,False,False,False,False,False,False,False,False,False,False,False,False,False,False,False,False,False,False,False,False,False,False,False,False,False,False,False,False,False,False,False,False,False,False,False,False,False,False,False,False
33,20,0,2,1,26,0,7,0,0,0,2,1,0,0.787878788,0.0,0.212121212,1,3,4.104407755,1,0,False,False,False,False,False,False,False,False,False,False,False,False,False,False,False,False,False,False,False,False,False,False,False,False,False,False,False,False,False,False,False,False,False,False,False,False,False,False,False,True,False,False,False,False,False,False,False,False,False,False,False
51,10,0,3,1,43,0,8,0,0,0,2,0,0,0.843137255,0.0,0.156862745,1,5,4.084313215,27,0,True,False,False,False,False,False,False,False,False,False,False,False,False,False,False,False,False,False,False,False,False,False,False,False,False,False,False,False,False,False,False,False,False,False,False,False,False,False,False,False,False,False,False,False,False,False,False,False,False,False,False
22,14,0,6,0,17,0,5,0,0,0,2,0,0,0.772727273,0.0,0.227272727,1,2,3.788754914,0,0,False,False,False,False,False,False,False,False,False,False,False,False,False,False,False,False,False,False,False,False,False,False,False,False,False,False,False,False,False,False,False,False,False,False,False,False,False,False,False,False,False,False,False,False,False,False,False,False,False,False,True
26,14,0,6,1,20,0,6,0,0,0,3,0,0,0.769230769,0.0,0.230769231,1,2,3.719294526,0,0,False,False,False,False,False,False,False,False,False,False,False,False,False,False,False,False,False,False,False,False,False,False,False,False,False,False,False,False,False,False,False,False,False,False,False,False,False,False,False,False,False,False,False,False,False,False,False,False,False,False,True
16,8,0,2,0,12,0,4,0,0,0,1,0,0,0.75,0.0,0.25,1,2,3.452819531,0,0,False,False,False,False,False,False,False,False,False,False,False,False,False,False,False,False,False,False,False,False,False,False,False,False,False,False,False,False,False,False,False,False,False,False,False,False,False,True,False,False,False,False,False,False,False,False,False,False,False,False,False
24,12,0,3,1,18,0,6,0,0,0,2,0,0,0.75,0.0,0.25,0,3,3.855388542,1,0,True,False,False,False,False,False,False,False,False,False,False,False,False,False,False,False,False,False,False,False,False,False,False,False,False,False,False,False,False,False,False,False,False,False,False,False,False,False,False,False,False,False,False,False,False,False,False,False,False,False,False
22,7,0,2,2,16,0,6,0,0,0,3,0,0,0.727272727,0.0,0.272727273,0,2,3.572623664,0,0,False,False,False,False,False,False,False,False,False,False,False,False,False,False,False,False,False,False,False,False,False,False,False,True,False,False,False,False,False,False,False,False,False,False,False,False,False,False,False,False,False,False,False,False,False,False,False,False,False,False,False
30,17,0,3,1,24,0,6,0,0,0,2,0,0,0.8,0.0,0.2,1,3,3.781076012,1,0,True,False,False,False,False,False,False,False,False,False,False,False,False,False,False,False,False,False,False,False,False,False,False,False,False,False,False,False,False,False,False,False,False,False,False,False,False,False,False,False,False,False,False,False,False,False,False,False,False,False,False
21,9,0,2,1,15,0,6,0,0,0,2,0,0,0.714285714,0.0,0.285714286,0,3,3.522571589,1,0,False,False,False,False,False,False,False,False,False,False,False,False,False,False,False,False,True,False,False,False,False,False,False,False,False,False,False,False,False,False,False,False,False,False,False,False,False,False,False,False,False,False,False,False,False,False,False,False,False,False,False
22,9,0,2,1,16,0,6,0,0,0,2,0,0,0.727272727,0.0,0.272727273,1,3,3.538310596,1,0,False,False,False,False,False,False,False,False,False,False,False,False,False,False,False,False,False,False,False,True,False,False,False,False,False,False,False,False,False,False,False,False,False,False,False,False,False,False,False,False,False,False,False,False,False,False,False,False,False,False,False
19,8,0,2,1,14,0,5,0,0,0,2,0,0,0.736842105,0.0,0.263157895,0,2,3.536886724,0,0,False,False,False,False,False,False,False,False,False,False,False,False,True,False,False,False,False,False,False,False,False,False,False,False,False,False,False,False,False,False,False,False,False,False,False,False,False,False,False,False,False,False,False,False,False,False,False,False,False,False,False
34,8,0,3,1,28,0,6,0,0,0,2,0,0,0.823529412,0.0,0.176470588,1,3,3.917626444,1,0,False,False,False,False,False,False,False,True,False,False,False,False,False,False,False,False,False,False,False,False,False,False,False,False,False,False,False,False,False,False,False,False,False,False,False,False,False,False,False,False,False,False,False,False,False,False,False,False,False,False,False
29,15,0,2,1,24,0,5,0,0,0,2,0,0,0.827586207,0.0,0.172413793,1,2,3.952302978,0,0,False,False,False,False,True,False,False,False,False,False,False,False,False,False,False,False,False,False,False,False,False,False,False,False,False,False,False,False,False,False,False,False,False,False,False,False,False,False,False,False,False,False,False,False,False,False,False,False,False,False,False
22,10,0,3,1,16,0,6,0,0,0,2,0,0,0.727272727,0.0,0.272727273,0,3,3.663532755,1,0,False,False,True,False,False,False,False,False,False,False,False,False,False,False,False,False,False,False,False,False,False,False,False,False,False,False,False,False,False,False,False,False,False,False,False,False,False,False,False,False,False,False,False,False,False,False,False,False,False,False,False
41,7,0,2,2,32,0,9,0,0,0,3,1,0,0.780487805,0.0,0.219512195,0,4,4.338663285,17,0,False,False,False,False,True,False,False,False,False,False,False,False,False,False,False,False,False,False,False,False,False,False,False,False,False,False,False,False,False,False,False,False,False,False,False,False,False,False,False,False,False,False,False,False,False,False,False,False,False,False,False
64,14,0,3,1,56,0,8,0,0,0,3,0,0,0.875,0.0,0.125,0,4,4.407560204,39,0,False,True,False,False,False,False,False,False,False,False,False,False,False,False,False,False,False,False,False,False,False,False,False,False,False,False,False,False,False,False,False,False,False,False,False,False,False,False,False,False,False,False,False,False,False,False,False,False,False,False,False
24,12,0,3,1,18,0,6,0,0,0,2,0,0,0.75,0.0,0.25,0,3,3.605388542,1,0,True,False,False,False,False,False,False,False,False,False,False,False,False,False,False,False,False,False,False,False,False,False,False,False,False,False,False,False,False,False,False,False,False,False,False,False,False,False,False,False,False,False,False,False,False,False,False,False,False,False,False
32,10,0,3,0,25,0,7,0,0,0,2,0,0,0.78125,0.0,0.21875,0,4,4.1875,15,0,False,True,False,False,False,False,False,False,False,False,False,False,False,False,False,False,False,False,False,False,False,False,False,False,False,False,False,False,False,False,False,False,False,False,False,False,False,False,False,False,False,False,False,False,False,False,False,False,False,False,False
20,8,0,3,1,14,0,6,0,0,0,2,0,0,0.7,0.0,0.3,0,3,3.30869497,1,0,False,False,True,False,False,False,False,False,False,False,False,False,False,False,False,False,False,False,False,False,False,False,False,False,False,False,False,False,False,False,False,False,False,False,False,False,False,False,False,False,False,False,False,False,False,False,False,False,False,False,False
31,22,0,3,0,26,0,5,0,0,0,1,0,0,0.838709677,0.0,0.161290323,1,3,3.937751955,1,0,False,True,False,False,False,False,False,False,False,False,False,False,False,False,False,False,False,False,False,False,False,False,False,False,False,False,False,False,False,False,False,False,False,False,False,False,False,False,False,False,False,False,False,False,False,False,False,False,False,False,False
23,10,0,3,1,17,0,6,0,0,0,2,0,0,0.739130435,0.0,0.260869565,1,3,3.849223912,1,0,True,False,False,False,False,False,False,False,False,False,False,False,False,False,False,False,False,False,False,False,False,False,False,False,False,False,False,False,False,False,False,False,False,False,False,False,False,False,False,False,False,False,False,False,False,False,False,False,False,False,False
41,9,0,3,1,32,0,9,0,0,0,2,3,0,0.780487805,0.0,0.219512195,1,3,3.973916494,1,0,False,False,False,False,False,False,False,False,False,True,False,False,False,False,False,False,False,False,False,False,False,False,False,False,False,False,False,False,False,False,False,False,False,False,False,False,False,False,False,False,False,False,False,False,False,False,False,False,False,False,False
28,16,0,3,1,21,0,7,0,0,0,2,1,0,0.75,0.0,0.25,0,3,4.110577243,1,0,True,False,False,False,False,False,False,False,False,False,False,False,False,False,False,False,False,False,False,False,False,False,False,False,False,False,False,False,False,False,False,False,False,False,False,False,False,False,False,False,False,False,False,False,False,False,False,False,False,False,False
30,17,0,3,1,23,0,7,0,0,0,2,1,0,0.766666667,0.0,0.233333333,1,3,3.856564762,1,0,True,False,False,False,False,False,False,False,False,False,False,False,False,False,False,False,False,False,False,False,False,False,False,False,False,False,False,False,False,False,False,False,False,False,False,False,False,False,False,False,False,False,False,False,False,False,False,False,False,False,False
19,10,0,2,0,13,0,6,0,0,0,1,1,0,0.684210526,0.0,0.315789474,1,3,3.286629487,1,0,False,False,False,False,False,False,False,False,False,False,True,False,False,False,False,False,False,False,False,False,False,False,False,False,False,False,False,False,False,False,False,False,False,False,False,False,False,False,False,False,False,False,False,False,False,False,False,False,False,False,False
123,22,0,2,1,106,0,17,0,0,0,2,10,0,0.861788618,0.0,0.138211382,1,4,4.061786946,85,0,False,False,False,False,True,False,False,False,False,False,False,False,False,False,False,False,False,False,False,False,False,False,False,False,False,False,False,False,False,False,False,False,False,False,False,False,False,False,False,False,False,False,False,False,False,False,False,False,False,False,False
34,22,0,3,1,28,0,6,0,0,0,2,0,0,0.823529412,0.0,0.176470588,0,3,3.925410635,1,0,False,True,False,False,False,False,False,False,False,False,False,False,False,False,False,False,False,False,False,False,False,False,False,False,False,False,False,False,False,False,False,False,False,False,False,False,False,False,False,False,False,False,False,False,False,False,False,False,False,False,False
18,10,0,6,0,12,0,6,0,0,0,2,0,0,0.666666667,0.0,0.333333333,0,3,3.350209029,1,0,False,False,False,False,False,False,False,False,False,False,False,False,False,False,False,False,False,False,False,False,False,False,False,False,False,False,False,False,False,False,False,False,False,False,False,False,False,False,False,False,False,False,False,False,False,False,False,False,False,False,True
23,8,0,3,1,16,0,7,0,0,0,2,0,0,0.695652174,0.0,0.304347826,0,4,3.480083695,4,0,False,False,True,False,False,False,False,False,False,False,False,False,False,False,False,False,False,False,False,False,False,False,False,False,False,False,False,False,False,False,False,False,False,False,False,False,False,False,False,False,False,False,False,False,False,False,False,False,False,False,False
19,10,0,3,0,14,0,5,0,0,0,1,0,0,0.736842105,0.0,0.263157895,1,3,3.892407119,1,0,True,False,False,False,False,False,False,False,False,False,False,False,False,False,False,False,False,False,False,False,False,False,False,False,False,False,False,False,False,False,False,False,False,False,False,False,False,False,False,False,False,False,False,False,False,False,False,False,False,False,False
24,12,0,3,1,18,0,6,0,0,0,2,0,0,0.75,0.0,0.25,0,3,3.740601563,1,0,True,False,False,False,False,False,False,False,False,False,False,False,False,False,False,False,False,False,False,False,False,False,False,False,False,False,False,False,False,False,False,False,False,False,False,False,False,False,False,False,False,False,False,False,False,False,False,False,False,False,False
35,6,0,2,1,27,0,8,0,0,0,2,0,0,0.771428571,0.0,0.228571429,1,5,3.644306775,15,0,False,False,False,True,False,False,False,False,False,False,False,False,False,False,False,False,False,False,False,False,False,False,False,False,False,False,False,False,False,False,False,False,False,False,False,False,False,False,False,False,False,False,False,False,False,False,False,False,False,False,False
24,12,0,2,1,18,0,6,0,0,0,2,0,0,0.75,0.0,0.25,0,3,3.855388542,1,0,False,False,False,False,False,False,False,False,False,False,False,False,False,False,False,False,False,False,False,False,False,False,False,False,False,False,False,False,False,False,False,False,False,False,False,False,False,False,False,False,False,False,False,False,False,True,False,False,False,False,False
29,16,0,5,1,22,0,7,0,0,0,3,0,0,0.75862069,0.0,0.24137931,1,3,3.646966668,1,0,False,False,False,False,False,False,False,False,False,False,False,False,False,False,False,False,False,False,False,False,False,False,False,False,False,False,False,False,False,False,False,False,False,False,False,False,False,False,False,False,False,False,False,False,False,False,False,False,False,False,True
20,8,0,3,1,15,0,5,0,0,0,2,0,0,0.75,0.0,0.25,1,2,3.58418372,0,0,False,True,False,False,False,False,False,False,False,False,False,False,False,False,False,False,False,False,False,False,False,False,False,False,False,False,False,False,False,False,False,False,False,False,False,False,False,False,False,False,False,False,False,False,False,False,False,False,False,False,False
19,10,0,3,0,14,0,5,0,0,0,1,0,0,0.736842105,0.0,0.263157895,1,3,3.642149882,1,0,False,False,False,False,False,False,False,False,False,False,False,False,False,False,False,False,False,False,False,False,False,False,False,False,False,False,False,False,False,False,False,False,False,False,False,False,False,False,False,False,False,False,False,False,False,False,False,False,False,False,True
19,10,0,2,0,14,0,5,0,0,0,1,0,0,0.736842105,0.0,0.263157895,1,3,3.391892645,1,0,False,False,False,False,False,False,False,False,False,False,False,True,False,False,False,False,False,False,False,False,False,False,False,False,False,False,False,False,False,False,False,False,False,False,False,False,False,False,False,False,False,False,False,False,False,False,False,False,False,False,False
38,26,0,3,1,32,0,6,0,0,0,2,0,0,0.842105263,0.0,0.157894737,0,3,4.126106711,1,0,True,False,False,False,False,False,False,False,False,False,False,False,False,False,False,False,False,False,False,False,False,False,False,False,False,False,False,False,False,False,False,False,False,False,False,False,False,False,False,False,False,False,False,False,False,False,False,False,False,False,False
21,9,0,2,1,15,0,6,0,0,0,2,0,0,0.714285714,0.0,0.285714286,0,3,3.522571589,1,0,False,False,False,True,False,False,False,False,False,False,False,False,False,False,False,False,False,False,False,False,False,False,False,False,False,False,False,False,False,False,False,False,False,False,False,False,False,False,False,False,False,False,False,False,False,False,False,False,False,False,False
29,9,0,3,2,22,0,7,0,0,0,3,0,0,0.75862069,0.0,0.24137931,0,3,3.594905461,1,0,False,False,False,False,False,False,False,False,True,False,False,False,False,False,False,False,False,False,False,False,False,False,False,False,False,False,False,False,False,False,False,False,False,False,False,False,False,False,False,False,False,False,False,False,False,False,False,False,False,False,False
20,9,0,3,1,15,0,5,0,0,0,2,0,0,0.75,0.0,0.25,0,2,3.78418372,0,0,True,False,False,False,False,False,False,False,False,False,False,False,False,False,False,False,False,False,False,False,False,False,False,False,False,False,False,False,False,False,False,False,False,False,False,False,False,False,False,False,False,False,False,False,False,False,False,False,False,False,False
25,12,0,2,1,19,0,6,0,0,0,2,0,0,0.76,0.0,0.24,1,3,3.54346519,1,0,False,False,False,False,False,False,False,False,False,False,False,False,False,False,False,False,False,False,False,False,False,False,False,False,False,False,False,False,False,False,False,False,False,False,False,False,False,False,False,False,False,False,False,True,False,False,False,False,False,False,False
23,11,0,3,1,17,0,6,0,0,0,2,0,0,0.739130435,0.0,0.260869565,0,3,3.621175543,1,0,True,False,False,False,False,False,False,False,False,False,False,False,False,False,False,False,False,False,False,False,False,False,False,False,False,False,False,False,False,False,False,False,False,False,False,False,False,False,False,False,False,False,False,False,False,False,False,False,False,False,False
34,7,0,2,1,23,2,9,0,0,0,2,2,0,0.676470588,0.058823529,0.264705882,0,4,4.219528282,16,0,False,False,False,False,True,False,False,False,False,False,False,False,False,False,False,False,False,False,False,False,False,False,False,False,False,False,False,False,False,False,False,False,False,False,False,False,False,False,False,False,False,False,False,False,False,False,False,False,False,False,False
44,9,0,3,1,35,0,9,0,0,0,2,1,0,0.795454545,0.0,0.204545455,0,5,4.044912733,24,0,False,True,False,False,False,False,False,False,False,False,False,False,False,False,False,False,False,False,False,False,False,False,False,False,False,False,False,False,False,False,False,False,False,False,False,False,False,False,False,False,False,False,False,False,False,False,False,False,False,False,False
52,17,0,3,1,44,0,8,0,0,0,2,3,0,0.846153846,0.0,0.153846154,0,2,4.118119046,0,0,False,False,False,False,False,False,False,False,True,False,False,False,False,False,False,False,False,False,False,False,False,False,False,False,False,False,False,False,False,False,False,False,False,False,False,False,False,False,False,False,False,False,False,False,False,False,False,False,False,False,False
30,13,0,8,2,22,0,8,0,0,0,4,0,0,0.733333333,0.0,0.266666667,0,3,3.898068512,1,0,False,False,False,False,False,False,False,False,False,False,False,False,False,False,False,False,False,False,False,False,False,False,False,False,False,False,False,False,False,False,False,False,False,False,False,False,False,False,False,False,False,False,False,False,False,False,False,False,False,False,True
39,11,0,3,0,31,0,8,0,0,0,1,2,0,0.794871795,0.0,0.205128205,1,4,3.812942681,20,0,True,False,False,False,False,False,False,False,False,False,False,False,False,False,False,False,False,False,False,False,False,False,False,False,False,False,False,False,False,False,False,False,False,False,False,False,False,False,False,False,False,False,False,False,False,False,False,False,False,False,False
42,30,0,2,1,36,0,6,0,0,0,2,0,0,0.857142857,0.0,0.142857143,0,3,4.171264744,1,0,False,False,False,False,False,False,False,False,False,False,False,False,False,False,False,False,False,False,False,False,False,False,False,True,False,False,False,False,False,False,False,False,False,False,False,False,False,False,False,False,False,False,False,False,False,False,False,False,False,False,False
147,10,0,3,1,129,4,14,2,1,1,3,0,2,0.87755102,0.027210884,0.095238095,1,4,5.351346815,24,98,True,False,False,False,False,False,False,False,False,False,False,False,False,False,False,False,False,False,False,False,False,False,False,False,False,False,False,False,False,False,False,False,False,False,False,False,False,False,False,False,False,False,False,False,False,False,False,False,False,False,False
25,13,0,2,1,18,0,7,0,0,0,2,1,0,0.72,0.0,0.28,0,3,3.86346519,1,0,False,False,False,False,False,False,False,False,False,False,False,False,False,False,False,False,False,False,False,False,False,False,False,False,False,False,False,False,False,False,True,False,False,False,False,False,False,False,False,False,False,False,False,False,False,False,False,False,False,False,False
59,12,0,3,1,48,0,11,0,0,0,3,0,0,0.813559322,0.0,0.186440678,0,7,4.191279491,36,0,True,False,False,False,False,False,False,False,False,False,False,False,False,False,False,False,False,False,False,False,False,False,False,False,False,False,False,False,False,False,False,False,False,False,False,False,False,False,False,False,False,False,False,False,False,False,False,False,False,False,False
29,17,0,6,1,22,0,7,0,0,0,3,0,0,0.75862069,0.0,0.24137931,0,3,3.926272374,1,0,False,False,False,False,False,False,False,False,False,False,False,False,False,False,False,False,False,False,False,False,False,False,False,False,False,False,False,False,False,False,False,False,False,True,False,False,False,False,False,False,False,False,False,False,False,False,False,False,False,False,False
46,13,0,3,1,40,0,6,0,0,0,2,0,0,0.869565217,0.0,0.130434783,1,3,4.26184239,7,0,True,False,False,False,False,False,False,False,False,False,False,False,False,False,False,False,False,False,False,False,False,False,False,False,False,False,False,False,False,False,False,False,False,False,False,False,False,False,False,False,False,False,False,False,False,False,False,False,False,False,False
22,10,0,3,1,16,0,6,0,0,0,2,0,0,0.727272727,0.0,0.272727273,0,3,3.390805482,1,0,False,False,True,False,False,False,False,False,False,False,False,False,False,False,False,False,False,False,False,False,False,False,False,False,False,False,False,False,False,False,False,False,False,False,False,False,False,False,False,False,False,False,False,False,False,False,False,False,False,False,False
38,14,0,3,1,30,0,8,0,0,0,3,0,0,0.789473684,0.0,0.210526316,0,4,3.970840013,13,0,True,False,False,False,False,False,False,False,False,False,False,False,False,False,False,False,False,False,False,False,False,False,False,False,False,False,False,False,False,False,False,False,False,False,False,False,False,False,False,False,False,False,False,False,False,False,False,False,False,False,False
22,10,0,6,1,15,0,7,0,0,0,3,0,0,0.681818182,0.0,0.318181818,0,3,3.629219687,1,0,False,False,False,False,False,False,False,False,False,False,False,False,False,False,False,False,False,False,False,False,False,False,False,False,False,False,False,False,False,False,False,False,False,False,False,False,False,False,False,False,False,False,False,False,False,False,False,False,False,False,True
20,11,0,3,0,15,0,5,0,0,0,1,0,0,0.75,0.0,0.25,1,3,3.503701696,1,0,True,False,False,False,False,False,False,False,False,False,False,False,False,False,False,False,False,False,False,False,False,False,False,False,False,False,False,False,False,False,False,False,False,False,False,False,False,False,False,False,False,False,False,False,False,False,False,False,False,False,False
22,10,0,2,1,16,0,6,0,0,0,2,1,0,0.727272727,0.0,0.272727273,1,2,3.823067982,0,0,False,False,False,False,True,False,False,False,False,False,False,False,False,False,False,False,False,False,False,False,False,False,False,False,False,False,False,False,False,False,False,False,False,False,False,False,False,False,False,False,False,False,False,False,False,False,False,False,False,False,False
21,13,0,3,0,16,0,5,0,0,0,1,0,0,0.761904762,0.0,0.238095238,0,3,3.880179923,1,0,True,False,False,False,False,False,False,False,False,False,False,False,False,False,False,False,False,False,False,False,False,False,False,False,False,False,False,False,False,False,False,False,False,False,False,False,False,False,False,False,False,False,False,False,False,False,False,False,False,False,False
23,10,0,3,1,17,0,6,0,0,0,2,0,0,0.739130435,0.0,0.260869565,1,3,3.555533151,1,0,True,False,False,False,False,False,False,False,False,False,False,False,False,False,False,False,False,False,False,False,False,False,False,False,False,False,False,False,False,False,False,False,False,False,False,False,False,False,False,False,False,False,False,False,False,False,False,False,False,False,False
24,12,0,6,1,17,0,7,0,0,0,3,0,0,0.708333333,0.0,0.291666667,0,3,3.54248125,1,0,False,False,False,False,False,False,False,False,False,False,False,False,False,False,False,False,False,False,False,False,False,False,False,False,False,False,False,False,False,False,False,False,False,False,False,False,False,False,False,False,False,False,False,False,False,False,False,False,False,False,True
46,24,0,3,1,38,0,8,0,0,0,3,0,0,0.826086957,0.0,0.173913043,0,4,4.09368288,11,0,False,True,False,False,False,False,False,False,False,False,False,False,False,False,False,False,False,False,False,False,False,False,False,False,False,False,False,False,False,False,False,False,False,False,False,False,False,False,False,False,False,False,False,False,False,False,False,False,False,False,False
23,11,0,2,1,17,0,6,0,0,0,2,0,0,0.739130435,0.0,0.260869565,0,3,3.675310869,1,0,False,False,False,True,False,False,False,False,False,False,False,False,False,False,False,False,False,False,False,False,False,False,False,False,False,False,False,False,False,False,False,False,False,False,False,False,False,False,False,False,False,False,False,False,False,False,False,False,False,False,False
26,13,0,3,1,20,0,6,0,0,0,2,0,0,0.769230769,0.0,0.230769231,1,3,3.997952699,1,0,True,False,False,False,False,False,False,False,False,False,False,False,False,False,False,False,False,False,False,False,False,False,False,False,False,False,False,False,False,False,False,False,False,False,False,False,False,False,False,False,False,False,False,False,False,False,False,False,False,False,False
21,9,0,2,1,16,0,5,0,0,0,2,0,0,0.761904762,0.0,0.238095238,1,2,3.784941827,0,0,False,False,False,False,False,False,False,False,False,False,False,False,False,False,False,False,False,False,False,False,False,False,False,False,False,False,False,False,False,False,False,False,False,False,False,False,False,False,False,False,False,False,False,False,False,True,False,False,False,False,False
27,15,0,3,1,21,0,6,0,0,0,2,0,0,0.777777778,0.0,0.222222222,0,3,3.884155095,1,0,False,True,False,False,False,False,False,False,False,False,False,False,False,False,False,False,False,False,False,False,False,False,False,False,False,False,False,False,False,False,False,False,False,False,False,False,False,False,False,False,False,False,False,False,False,False,False,False,False,False,False
28,16,0,6,1,21,0,7,0,0,0,3,0,0,0.75,0.0,0.25,0,3,3.743982154,1,0,False,False,False,False,False,False,False,False,False,False,False,False,False,False,False,False,False,False,False,False,False,False,False,False,False,False,False,False,False,False,False,False,False,False,False,False,False,False,False,False,False,False,False,False,False,False,False,False,False,False,True
23,10,0,3,1,17,0,6,0,0,0,2,0,0,0.739130435,0.0,0.260869565,1,3,3.729446195,1,0,True,False,False,False,False,False,False,False,False,False,False,False,False,False,False,False,False,False,False,False,False,False,False,False,False,False,False,False,False,False,False,False,False,False,False,False,False,False,False,False,False,False,False,False,False,False,False,False,False,False,False
29,14,0,5,1,20,0,9,0,0,0,3,1,0,0.689655172,0.0,0.310344828,0,4,3.857306857,4,0,False,False,False,False,False,False,False,False,False,False,False,False,False,False,False,True,False,False,False,False,False,False,False,False,False,False,False,False,False,False,False,False,False,False,False,False,False,False,False,False,False,False,False,False,False,False,False,False,False,False,False
175,10,0,3,1,134,19,22,3,1,2,2,2,2,0.765714286,0.108571429,0.125714286,1,7,5.617497505,108,43,True,False,False,False,False,False,False,False,False,False,False,False,False,False,False,False,False,False,False,False,False,False,False,False,False,False,False,False,False,False,False,False,False,False,False,False,False,False,False,False,False,False,False,False,False,False,False,False,False,False,False
31,18,0,3,1,25,0,6,0,0,0,2,0,0,0.806451613,0.0,0.193548387,1,3,4.082597923,1,0,True,False,False,False,False,False,False,False,False,False,False,False,False,False,False,False,False,False,False,False,False,False,False,False,False,False,False,False,False,False,False,False,False,False,False,False,False,False,False,False,False,False,False,False,False,False,False,False,False,False,False
38,6,0,2,2,25,4,9,0,0,0,3,1,0,0.657894737,0.105263158,0.236842105,0,4,4.12873475,8,0,False,False,False,True,False,False,False,False,False,False,False,False,False,False,False,False,False,False,False,False,False,False,False,False,False,False,False,False,False,False,False,False,False,False,False,False,False,False,False,False,False,False,False,False,False,False,False,False,False,False,False
44,11,0,3,1,34,0,10,0,0,0,2,3,0,0.772727273,0.0,0.227272727,1,4,4.220128777,8,0,True,False,False,False,False,False,False,False,False,False,False,False,False,False,False,False,False,False,False,False,False,False,False,False,False,False,False,False,False,False,False,False,False,False,False,False,False,False,False,False,False,False,False,False,False,False,False,False,False,False,False
18,6,0,2,1,12,0,6,0,0,0,2,0,0,0.666666667,0.0,0.333333333,0,3,3.419381946,1,0,False,False,False,False,False,True,False,False,False,False,False,False,False,False,False,False,False,False,False,False,False,False,False,False,False,False,False,False,False,False,False,False,False,False,False,False,False,False,False,False,False,False,False,False,False,False,False,False,False,False,False
44,20,0,4,1,31,5,8,0,0,0,2,2,0,0.704545455,0.113636364,0.181818182,0,3,4.217859108,1,0,False,False,False,False,False,False,False,False,False,False,False,False,False,False,False,False,False,False,False,False,False,False,False,False,False,False,False,False,False,False,False,False,False,False,False,False,False,False,False,False,False,False,False,False,False,False,False,False,False,False,True
22,10,0,3,1,16,0,6,0,0,0,2,0,0,0.727272727,0.0,0.272727273,0,3,3.663532755,1,0,False,True,False,False,False,False,False,False,False,False,False,False,False,False,False,False,False,False,False,False,False,False,False,False,False,False,False,False,False,False,False,False,False,False,False,False,False,False,False,False,False,False,False,False,False,False,False,False,False,False,False
35,10,0,3,1,28,0,7,0,0,0,2,1,0,0.8,0.0,0.2,1,3,4.204582218,1,0,True,False,False,False,False,False,False,False,False,False,False,False,False,False,False,False,False,False,False,False,False,False,False,False,False,False,False,False,False,False,False,False,False,False,False,False,False,False,False,False,False,False,False,False,False,False,False,False,False,False,False
30,18,0,3,1,24,0,6,0,0,0,2,0,0,0.8,0.0,0.2,0,3,3.594087996,1,0,False,True,False,False,False,False,False,False,False,False,False,False,False,False,False,False,False,False,False,False,False,False,False,False,False,False,False,False,False,False,False,False,False,False,False,False,False,False,False,False,False,False,False,False,False,False,False,False,False,False,False
25,13,0,2,1,19,0,6,0,0,0,2,0,0,0.76,0.0,0.24,0,3,3.70346519,1,0,False,False,False,False,False,False,True,False,False,False,False,False,False,False,False,False,False,False,False,False,False,False,False,False,False,False,False,False,False,False,False,False,False,False,False,False,False,False,False,False,False,False,False,False,False,False,False,False,False,False,False
19,7,0,2,1,14,0,5,0,0,0,2,0,0,0.736842105,0.0,0.263157895,1,2,3.181366329,0,0,False,False,False,False,False,False,False,False,False,False,False,False,True,False,False,False,False,False,False,False,False,False,False,False,False,False,False,False,False,False,False,False,False,False,False,False,False,False,False,False,False,False,False,False,False,False,False,False,False,False,False
33,20,0,3,1,27,0,6,0,0,0,2,0,0,0.818181818,0.0,0.181818182,1,3,4.127283134,1,0,False,True,False,False,False,False,False,False,False,False,False,False,False,False,False,False,False,False,False,False,False,False,False,False,False,False,False,False,False,False,False,False,False,False,False,False,False,False,False,False,False,False,False,False,False,False,False,False,False,False,False
34,18,0,2,1,28,0,6,0,0,0,2,0,0,0.823529412,0.0,0.176470588,1,3,3.903208062,4,0,False,False,False,True,False,False,False,False,False,False,False,False,False,False,False,False,False,False,False,False,False,False,False,False,False,False,False,False,False,False,False,False,False,False,False,False,False,False,False,False,False,False,False,False,False,False,False,False,False,False,False
66,12,0,3,1,54,2,10,0,0,0,3,3,0,0.818181818,0.03030303,0.151515152,0,3,4.576305438,20,0,False,False,False,False,False,False,False,False,False,False,False,False,False,False,False,False,False,False,False,False,False,False,False,False,False,False,False,False,False,False,False,False,True,False,False,False,False,False,False,False,False,False,False,False,False,False,False,False,False,False,False
30,22,0,5,0,25,0,5,0,0,0,2,0,0,0.833333333,0.0,0.166666667,1,2,3.831401845,0,0,False,False,False,False,False,False,False,False,False,False,False,False,False,False,False,False,False,False,False,False,False,False,False,False,False,False,False,False,False,True,False,False,False,False,False,False,False,False,False,False,False,False,False,False,False,False,False,False,False,False,False
42,11,0,3,1,33,0,9,0,0,0,2,1,0,0.785714286,0.0,0.214285714,1,5,4.216506042,19,0,True,False,False,False,False,False,False,False,False,False,False,False,False,False,False,False,False,False,False,False,False,False,False,False,False,False,False,False,False,False,False,False,False,False,False,False,False,False,False,False,False,False,False,False,False,False,False,False,False,False,False
25,12,0,3,1,19,0,6,0,0,0,2,0,0,0.76,0.0,0.24,1,3,3.91326969,1,0,True,False,False,False,False,False,False,False,False,False,False,False,False,False,False,False,False,False,False,False,False,False,False,False,False,False,False,False,False,False,False,False,False,False,False,False,False,False,False,False,False,False,False,False,False,False,False,False,False,False,False
26,11,0,3,1,18,0,8,0,0,0,2,1,0,0.692307692,0.0,0.307692308,0,4,3.74832866,4,0,True,False,False,False,False,False,False,False,False,False,False,False,False,False,False,False,False,False,False,False,False,False,False,False,False,False,False,False,False,False,False,False,False,False,False,False,False,False,False,False,False,False,False,False,False,False,False,False,False,False,False
34,13,0,5,1,25,0,9,0,0,0,3,1,0,0.735294118,0.0,0.264705882,0,4,4.02085512,10,0,False,False,False,False,False,False,False,False,False,False,False,False,False,False,False,False,False,False,False,False,False,False,False,False,False,False,False,False,False,False,False,False,False,False,False,False,False,False,False,False,False,False,False,False,False,False,False,False,False,False,True
17,9,0,2,0,13,0,4,0,0,0,1,0,0,0.764705882,0.0,0.235294118,1,2,3.616874606,0,0,False,False,False,True,False,False,False,False,False,False,False,False,False,False,False,False,False,False,False,False,False,False,False,False,False,False,False,False,False,False,False,False,False,False,False,False,False,False,False,False,False,False,False,False,False,False,False,False,False,False,False
38,17,0,3,1,31,0,7,0,0,0,2,0,0,0.815789474,0.0,0.184210526,0,4,4.135699553,10,0,False,True,False,False,False,False,False,False,False,False,False,False,False,False,False,False,False,False,False,False,False,False,False,False,False,False,False,False,False,False,False,False,False,False,False,False,False,False,False,False,False,False,False,False,False,False,False,False,False,False,False
35,12,0,3,1,27,0,8,0,0,0,2,0,0,0.771428571,0.0,0.228571429,1,5,4.054721861,11,0,True,False,False,False,False,False,False,False,False,False,False,False,False,False,False,False,False,False,False,False,False,False,False,False,False,False,False,False,False,False,False,False,False,False,False,False,False,False,False,False,False,False,False,False,False,False,False,False,False,False,False
21,9,0,3,1,15,0,6,0,0,0,2,0,0,0.714285714,0.0,0.285714286,0,3,3.653756708,1,0,False,False,True,False,False,False,False,False,False,False,False,False,False,False,False,False,False,False,False,False,False,False,False,False,False,False,False,False,False,False,False,False,False,False,False,False,False,False,False,False,False,False,False,False,False,False,False,False,False,False,False
33,20,0,3,1,27,0,6,0,0,0,2,0,0,0.818181818,0.0,0.181818182,1,3,4.020926316,1,0,True,False,False,False,False,False,False,False,False,False,False,False,False,False,False,False,False,False,False,False,False,False,False,False,False,False,False,False,False,False,False,False,False,False,False,False,False,False,False,False,False,False,False,False,False,False,False,False,False,False,False
40,22,0,3,1,33,0,7,0,0,0,2,0,0,0.825,0.0,0.175,0,4,4.115311532,7,0,False,False,True,False,False,False,False,False,False,False,False,False,False,False,False,False,False,False,False,False,False,False,False,False,False,False,False,False,False,False,False,False,False,False,False,False,False,False,False,False,False,False,False,False,False,False,False,False,False,False,False
26,14,0,3,1,19,0,7,0,0,0,2,1,0,0.730769231,0.0,0.269230769,0,3,3.950063756,1,0,True,False,False,False,False,False,False,False,False,False,False,False,False,False,False,False,False,False,False,False,False,False,False,False,False,False,False,False,False,False,False,False,False,False,False,False,False,False,False,False,False,False,False,False,False,False,False,False,False,False,False
28,16,0,6,1,20,1,7,0,0,0,3,0,0,0.714285714,0.035714286,0.25,0,3,4.083616975,1,0,False,False,False,False,False,False,False,False,False,False,False,False,False,True,False,False,False,False,False,False,False,False,False,False,False,False,False,False,False,False,False,False,False,False,False,False,False,False,False,False,False,False,False,False,False,False,False,False,False,False,False
22,14,0,2,0,16,0,6,0,0,0,1,1,0,0.727272727,0.0,0.272727273,0,3,3.663532755,1,0,False,False,False,False,False,False,False,False,False,False,False,False,False,False,False,False,False,False,False,False,False,False,False,False,False,False,False,False,False,False,True,False,False,False,False,False,False,False,False,False,False,False,False,False,False,False,False,False,False,False,False
23,11,0,3,1,17,0,6,0,0,0,2,0,0,0.739130435,0.0,0.260869565,0,3,3.588354347,1,0,False,True,False,False,False,False,False,False,False,False,False,False,False,False,False,False,False,False,False,False,False,False,False,False,False,False,False,False,False,False,False,False,False,False,False,False,False,False,False,False,False,False,False,False,False,False,False,False,False,False,False
40,28,0,2,1,34,0,6,0,0,0,2,0,0,0.85,0.0,0.15,0,3,3.989822782,1,0,False,False,False,False,False,False,False,False,False,False,False,False,False,False,False,False,False,False,False,False,False,False,False,False,False,False,False,False,False,False,False,False,False,False,False,False,True,False,False,False,False,False,False,False,False,False,False,False,False,False,False
42,11,0,2,1,33,0,9,0,0,0,3,0,1,0.785714286,0.0,0.214285714,0,4,4.132939971,20,0,False,False,False,False,False,True,False,False,False,False,False,False,False,False,False,False,False,False,False,False,False,False,False,False,False,False,False,False,False,False,False,False,False,False,False,False,False,False,False,False,False,False,False,False,False,False,False,False,False,False,False
28,19,0,3,0,23,0,5,0,0,0,1,0,0,0.821428571,0.0,0.178571429,1,3,4.039148672,1,0,True,False,False,False,False,False,False,False,False,False,False,False,False,False,False,False,False,False,False,False,False,False,False,False,False,False,False,False,False,False,False,False,False,False,False,False,False,False,False,False,False,False,False,False,False,False,False,False,False,False,False
22,10,0,3,1,16,0,6,0,0,0,2,0,0,0.727272727,0.0,0.272727273,0,3,3.663532755,1,0,False,True,False,False,False,False,False,False,False,False,False,False,False,False,False,False,False,False,False,False,False,False,False,False,False,False,False,False,False,False,False,False,False,False,False,False,False,False,False,False,False,False,False,False,False,False,False,False,False,False,False
43,9,0,3,1,35,0,8,0,0,0,2,2,0,0.813953488,0.0,0.186046512,1,3,4.158140917,1,0,False,False,False,False,False,False,False,False,False,True,False,False,False,False,False,False,False,False,False,False,False,False,False,False,False,False,False,False,False,False,False,False,False,False,False,False,False,False,False,False,False,False,False,False,False,False,False,False,False,False,False
90,13,0,6,1,70,2,18,1,1,0,4,0,6,0.777777778,0.022222222,0.2,0,5,4.484506259,24,41,False,False,False,False,False,False,False,False,False,False,False,False,False,False,False,False,False,False,False,False,False,False,False,False,False,False,False,False,False,False,False,False,False,False,False,False,False,False,False,False,False,False,False,False,False,False,False,False,False,False,True
23,11,0,3,1,15,0,8,0,0,0,2,2,0,0.652173913,0.0,0.347826087,0,3,3.588354347,1,0,True,False,False,False,False,False,False,False,False,False,False,False,False,False,False,False,False,False,False,False,False,False,False,False,False,False,False,False,False,False,False,False,False,False,False,False,False,False,False,False,False,False,False,False,False,False,False,False,False,False,False
23,7,0,3,1,17,0,6,0,0,0,2,0,0,0.739130435,0.0,0.260869565,0,3,3.642489673,1,0,False,False,True,False,False,False,False,False,False,False,False,False,False,False,False,False,False,False,False,False,False,False,False,False,False,False,False,False,False,False,False,False,False,False,False,False,False,False,False,False,False,False,False,False,False,False,False,False,False,False,False
35,8,0,2,1,22,4,9,1,1,1,2,0,0,0.628571429,0.114285714,0.257142857,0,3,4.300153017,1,14,False,False,False,False,False,False,False,False,False,False,False,False,False,False,False,False,False,False,False,False,False,False,False,False,False,False,False,False,False,False,False,False,False,False,False,False,False,False,False,False,False,False,False,False,False,False,False,False,False,False,True
32,13,0,3,1,26,0,6,0,0,0,2,0,0,0.8125,0.0,0.1875,1,3,3.905639062,1,0,True,False,False,False,False,False,False,False,False,False,False,False,False,False,False,False,False,False,False,False,False,False,False,False,False,False,False,False,False,False,False,False,False,False,False,False,False,False,False,False,False,False,False,False,False,False,False,False,False,False,False
31,23,0,3,0,26,0,5,0,0,0,1,0,0,0.838709677,0.0,0.161290323,0,3,3.824533407,1,0,True,False,False,False,False,False,False,False,False,False,False,False,False,False,False,False,False,False,False,False,False,False,False,False,False,False,False,False,False,False,False,False,False,False,False,False,False,False,False,False,False,False,False,False,False,False,False,False,False,False,False
26,11,0,3,1,19,0,7,0,0,0,2,0,0,0.730769231,0.0,0.269230769,0,4,3.719294526,4,0,True,False,False,False,False,False,False,False,False,False,False,False,False,False,False,False,False,False,False,False,False,False,False,False,False,False,False,False,False,False,False,False,False,False,False,False,False,False,False,False,False,False,False,False,False,False,False,False,False,False,False
37,5,0,2,1,27,0,10,0,0,0,3,0,0,0.72972973,0.0,0.27027027,0,6,4.080414514,21,0,False,False,False,False,False,False,False,False,False,False,False,False,False,False,False,False,False,True,False,False,False,False,False,False,False,False,False,False,False,False,False,False,False,False,False,False,False,False,False,False,False,False,False,False,False,False,False,False,False,False,False
38,26,0,3,1,32,0,6,0,0,0,2,0,0,0.842105263,0.0,0.157894737,0,3,4.020843553,1,0,False,True,False,False,False,False,False,False,False,False,False,False,False,False,False,False,False,False,False,False,False,False,False,False,False,False,False,False,False,False,False,False,False,False,False,False,False,False,False,False,False,False,False,False,False,False,False,False,False,False,False
29,10,0,3,1,23,0,6,0,0,0,2,0,0,0.793103448,0.0,0.206896552,1,3,3.78834134,1,0,True,False,False,False,False,False,False,False,False,False,False,False,False,False,False,False,False,False,False,False,False,False,False,False,False,False,False,False,False,False,False,False,False,False,False,False,False,False,False,False,False,False,False,False,False,False,False,False,False,False,False
42,10,0,5,1,32,0,10,0,0,0,4,0,1,0.761904762,0.0,0.238095238,0,4,4.261132304,21,0,False,False,False,False,False,False,False,False,False,False,False,False,False,False,False,False,False,False,False,False,False,False,False,False,False,False,False,True,False,False,False,False,False,False,False,False,False,False,False,False,False,False,False,False,False,False,False,False,False,False,False
15,7,0,2,0,10,0,5,0,0,0,1,0,0,0.666666667,0.0,0.333333333,0,3,3.323231429,1,0,False,False,False,False,False,False,False,False,False,False,False,False,False,False,False,False,False,False,False,False,False,False,False,False,False,False,False,False,False,False,False,False,False,False,False,False,False,False,False,False,False,False,False,False,False,True,False,False,False,False,False
53,13,0,3,0,43,0,10,0,0,0,2,0,0,0.811320755,0.0,0.188679245,1,7,4.484219569,32,0,True,False,False,False,False,False,False,False,False,False,False,False,False,False,False,False,False,False,False,False,False,False,False,False,False,False,False,False,False,False,False,False,False,False,False,False,False,False,False,False,False,False,False,False,False,False,False,False,False,False,False
28,13,0,7,1,20,0,8,0,0,0,3,0,0,0.714285714,0.0,0.285714286,0,4,3.655045547,4,0,False,False,False,False,False,False,False,False,False,False,False,False,False,False,False,False,False,False,False,False,False,False,False,False,False,False,False,False,False,False,False,False,False,False,False,False,False,False,False,False,False,False,False,False,False,False,False,False,False,False,True
25,13,0,2,1,19,0,6,0,0,0,2,0,0,0.76,0.0,0.24,0,3,3.83326969,1,0,False,False,False,False,False,False,False,False,False,False,False,False,False,False,False,False,False,False,False,False,False,False,False,False,False,False,False,False,False,False,False,False,False,False,False,False,False,False,False,False,False,False,False,False,False,False,False,False,False,False,True
25,13,0,3,1,19,0,6,0,0,0,2,0,0,0.76,0.0,0.24,0,3,3.73366069,1,0,True,False,False,False,False,False,False,False,False,False,False,False,False,False,False,False,False,False,False,False,False,False,False,False,False,False,False,False,False,False,False,False,False,False,False,False,False,False,False,False,False,False,False,False,False,False,False,False,False,False,False
30,18,0,3,1,24,0,6,0,0,0,2,0,0,0.8,0.0,0.2,0,3,3.847742679,1,0,True,False,False,False,False,False,False,False,False,False,False,False,False,False,False,False,False,False,False,False,False,False,False,False,False,False,False,False,False,False,False,False,False,False,False,False,False,False,False,False,False,False,False,False,False,False,False,False,False,False,False
25,13,0,3,1,19,0,6,0,0,0,2,0,0,0.76,0.0,0.24,0,3,3.67326969,1,0,True,False,False,False,False,False,False,False,False,False,False,False,False,False,False,False,False,False,False,False,False,False,False,False,False,False,False,False,False,False,False,False,False,False,False,False,False,False,False,False,False,False,False,False,False,False,False,False,False,False,False
35,10,0,3,1,29,0,6,0,0,0,2,0,0,0.828571429,0.0,0.171428571,1,3,4.45757516,1,0,True,False,False,False,False,False,False,False,False,False,False,False,False,False,False,False,False,False,False,False,False,False,False,False,False,False,False,False,False,False,False,False,False,False,False,False,False,False,False,False,False,False,False,False,False,False,False,False,False,False,False
26,14,0,3,1,20,0,6,0,0,0,2,0,0,0.769230769,0.0,0.230769231,0,3,3.844106545,1,0,True,False,False,False,False,False,False,False,False,False,False,False,False,False,False,False,False,False,False,False,False,False,False,False,False,False,False,False,False,False,False,False,False,False,False,False,False,False,False,False,False,False,False,False,False,False,False,False,False,False,False
29,8,0,3,1,22,0,7,0,0,0,3,0,0,0.75862069,0.0,0.24137931,0,3,3.995237891,10,0,False,True,False,False,False,False,False,False,False,False,False,False,False,False,False,False,False,False,False,False,False,False,False,False,False,False,False,False,False,False,False,False,False,False,False,False,False,False,False,False,False,False,False,False,False,False,False,False,False,False,False
22,10,0,3,1,15,1,6,0,0,0,2,0,0,0.681818182,0.045454545,0.272727273,0,3,3.516027641,1,0,True,False,False,False,False,False,False,False,False,False,False,False,False,False,False,False,False,False,False,False,False,False,False,False,False,False,False,False,False,False,False,False,False,False,False,False,False,False,False,False,False,False,False,False,False,False,False,False,False,False,False
23,11,0,3,1,17,0,6,0,0,0,2,0,0,0.739130435,0.0,0.260869565,0,3,3.762267391,1,0,True,False,False,False,False,False,False,False,False,False,False,False,False,False,False,False,False,False,False,False,False,False,False,False,False,False,False,False,False,False,False,False,False,False,False,False,False,False,False,False,False,False,False,False,False,False,False,False,False,False,False
21,9,0,6,1,14,0,7,0,0,0,3,0,0,0.666666667,0.0,0.333333333,0,3,3.296148375,1,0,False,False,False,False,False,False,False,False,False,False,False,False,False,False,False,False,False,False,False,False,False,False,False,False,False,False,False,False,False,False,False,False,False,False,False,False,False,False,False,False,False,False,False,False,False,False,False,False,False,False,True
31,14,0,3,1,20,4,7,0,0,0,2,0,0,0.64516129,0.129032258,0.225806452,0,3,3.808719697,1,0,False,False,False,False,False,False,False,False,False,False,False,False,False,False,False,False,False,False,False,False,False,False,False,False,False,False,False,False,False,False,False,False,False,False,False,False,False,False,False,False,False,False,False,False,False,False,False,False,False,False,True
31,9,0,3,1,24,0,7,0,0,0,2,2,0,0.774193548,0.0,0.225806452,1,2,4.002268084,0,0,False,False,False,False,False,False,False,False,False,True,False,False,False,False,False,False,False,False,False,False,False,False,False,False,False,False,False,False,False,False,False,False,False,False,False,False,False,False,False,False,False,False,False,False,False,False,False,False,False,False,False
24,15,0,3,0,18,0,6,0,0,0,1,1,0,0.75,0.0,0.25,1,3,4.053508855,1,0,True,False,False,False,False,False,False,False,False,False,False,False,False,False,False,False,False,False,False,False,False,False,False,False,False,False,False,False,False,False,False,False,False,False,False,False,False,False,False,False,False,False,False,False,False,False,False,False,False,False,False
17,7,0,2,0,12,0,5,0,0,0,1,0,0,0.705882353,0.0,0.294117647,0,3,3.690116518,3,0,False,False,False,False,False,False,False,False,False,False,False,False,False,False,False,False,False,False,False,False,False,False,False,False,False,False,False,False,False,False,False,False,False,False,False,False,False,False,False,False,False,False,False,False,False,False,False,False,False,False,True
37,25,0,3,1,31,0,6,0,0,0,2,0,0,0.837837838,0.0,0.162162162,0,3,3.915553285,1,0,False,False,False,False,False,False,False,False,True,False,False,False,False,False,False,False,False,False,False,False,False,False,False,False,False,False,False,False,False,False,False,False,False,False,False,False,False,False,False,False,False,False,False,False,False,False,False,False,False,False,False
22,14,0,2,0,17,0,5,0,0,0,1,0,0,0.772727273,0.0,0.227272727,0,3,3.788754914,1,0,False,False,False,False,False,False,False,False,False,False,False,True,False,False,False,False,False,False,False,False,False,False,False,False,False,False,False,False,False,False,False,False,False,False,False,False,False,False,False,False,False,False,False,False,False,False,False,False,False,False,False
19,7,0,3,1,14,0,5,0,0,0,2,0,0,0.736842105,0.0,0.263157895,1,2,3.431623566,0,0,False,True,False,False,False,False,False,False,False,False,False,False,False,False,False,False,False,False,False,False,False,False,False,False,False,False,False,False,False,False,False,False,False,False,False,False,False,False,False,False,False,False,False,False,False,False,False,False,False,False,False
42,30,0,2,1,34,0,8,0,0,0,2,2,0,0.80952381,0.0,0.19047619,0,3,4.139241459,1,0,False,False,False,True,False,False,False,False,False,False,False,False,False,False,False,False,False,False,False,False,False,False,False,False,False,False,False,False,False,False,False,False,False,False,False,False,False,False,False,False,False,False,False,False,False,False,False,False,False,False,False
55,10,0,3,0,43,2,10,1,0,0,1,0,0,0.781818182,0.036363636,0.181818182,1,7,4.365172161,37,0,False,False,False,False,False,False,False,False,False,False,False,False,False,False,False,False,False,False,False,False,False,False,False,False,False,False,False,False,False,False,False,False,False,False,False,False,False,False,False,False,False,False,False,False,False,False,False,False,False,False,True
26,14,0,2,1,20,0,6,0,0,0,2,0,0,0.769230769,0.0,0.230769231,0,3,3.507380102,1,0,False,False,False,False,False,False,False,False,False,False,False,False,False,False,False,False,False,False,False,False,False,False,False,False,False,False,False,False,False,False,False,False,False,False,False,False,True,False,False,False,False,False,False,False,False,False,False,False,False,False,False
33,25,0,3,0,28,0,5,0,0,0,1,0,0,0.848484848,0.0,0.151515152,0,3,3.816232755,1,0,True,False,False,False,False,False,False,False,False,False,False,False,False,False,False,False,False,False,False,False,False,False,False,False,False,False,False,False,False,False,False,False,False,False,False,False,False,False,False,False,False,False,False,False,False,False,False,False,False,False,False
33,21,0,3,1,27,0,6,0,0,0,2,0,0,0.818181818,0.0,0.181818182,0,3,4.043801695,1,0,False,True,False,False,False,False,False,False,False,False,False,False,False,False,False,False,False,False,False,False,False,False,False,False,False,False,False,False,False,False,False,False,False,False,False,False,False,False,False,False,False,False,False,False,False,False,False,False,False,False,False
21,12,0,2,0,15,0,6,0,0,0,1,1,0,0.714285714,0.0,0.285714286,1,3,3.653756708,1,0,False,False,False,False,False,False,False,False,False,False,False,False,False,False,False,False,False,False,False,True,False,False,False,False,False,False,False,False,False,False,False,False,False,False,False,False,False,False,False,False,False,False,False,False,False,False,False,False,False,False,False
23,11,0,3,1,17,0,6,0,0,0,2,0,0,0.739130435,0.0,0.260869565,0,3,3.762267391,1,0,True,False,False,False,False,False,False,False,False,False,False,False,False,False,False,False,False,False,False,False,False,False,False,False,False,False,False,False,False,False,False,False,False,False,False,False,False,False,False,False,False,False,False,False,False,False,False,False,False,False,False
27,12,0,2,1,20,0,7,0,0,0,2,0,0,0.740740741,0.0,0.259259259,0,4,3.70804815,4,0,False,False,False,False,False,False,False,False,False,False,False,False,False,False,False,False,False,False,False,False,True,False,False,False,False,False,False,False,False,False,False,False,False,False,False,False,False,False,False,False,False,False,False,False,False,False,False,False,False,False,False
33,21,0,3,1,28,0,5,0,0,0,2,0,0,0.848484848,0.0,0.151515152,1,2,3.945464952,0,0,True,False,False,False,False,False,False,False,False,False,False,False,False,False,False,False,False,False,False,False,False,False,False,False,False,False,False,False,False,False,False,False,False,False,False,False,False,False,False,False,False,False,False,False,False,False,False,False,False,False,False
22,14,0,3,0,17,0,5,0,0,0,1,0,0,0.772727273,0.0,0.227272727,0,3,3.606936732,1,0,True,False,False,False,False,False,False,False,False,False,False,False,False,False,False,False,False,False,False,False,False,False,False,False,False,False,False,False,False,False,False,False,False,False,False,False,False,False,False,False,False,False,False,False,False,False,False,False,False,False,False
147,16,0,2,1,126,0,21,0,0,0,3,7,0,0.857142857,0.0,0.142857143,1,10,4.405926242,119,0,False,False,False,False,False,False,False,False,False,False,False,False,False,False,False,False,False,True,False,False,False,False,False,False,False,False,False,False,False,False,False,False,False,False,False,False,False,False,False,False,False,False,False,False,False,False,False,False,False,False,False
175,10,0,3,1,138,18,19,3,1,2,2,1,0,0.788571429,0.102857143,0.108571429,1,7,5.602473559,108,43,True,False,False,False,False,False,False,False,False,False,False,False,False,False,False,False,False,False,False,False,False,False,False,False,False,False,False,False,False,False,False,False,False,False,False,False,False,False,False,False,False,False,False,False,False,False,False,False,False,False,False
92,7,0,2,0,65,14,13,1,1,0,1,0,3,0.706521739,0.152173913,0.141304348,1,6,5.410479043,68,8,False,False,False,False,False,False,False,False,False,False,False,False,False,False,False,False,False,False,False,False,False,False,False,False,False,False,False,False,False,False,False,False,False,False,False,False,False,False,False,False,False,False,False,False,False,False,False,False,False,False,True
33,21,0,2,1,27,0,6,0,0,0,2,0,0,0.818181818,0.0,0.181818182,0,3,4.020926316,1,0,False,False,False,False,False,False,False,False,False,False,False,True,False,False,False,False,False,False,False,False,False,False,False,False,False,False,False,False,False,False,False,False,False,False,False,False,False,False,False,False,False,False,False,False,False,False,False,False,False,False,False
27,12,0,2,1,20,0,7,0,0,0,2,0,0,0.740740741,0.0,0.259259259,0,4,3.633974076,4,0,False,False,False,False,False,False,False,False,False,False,False,True,False,False,False,False,False,False,False,False,False,False,False,False,False,False,False,False,False,False,False,False,False,False,False,False,False,False,False,False,False,False,False,False,False,False,False,False,False,False,False
19,6,0,2,1,13,0,6,0,0,0,2,0,0,0.684210526,0.0,0.315789474,1,3,3.431623566,1,0,False,False,False,False,False,False,False,False,False,False,False,False,False,False,False,False,False,False,False,False,False,False,False,False,False,False,False,False,False,False,False,False,False,False,False,False,False,False,False,False,False,False,False,True,False,False,False,False,False,False,False
34,10,0,3,1,28,0,6,0,0,0,2,0,0,0.823529412,0.0,0.176470588,1,3,3.876837563,1,0,True,False,False,False,False,False,False,False,False,False,False,False,False,False,False,False,False,False,False,False,False,False,False,False,False,False,False,False,False,False,False,False,False,False,False,False,False,False,False,False,False,False,False,False,False,False,False,False,False,False,False
23,11,0,5,1,15,0,8,0,0,0,3,1,0,0.652173913,0.0,0.347826087,0,3,3.522711956,1,0,False,False,False,False,False,False,False,False,False,False,False,False,False,False,False,True,False,False,False,False,False,False,False,False,False,False,False,False,False,False,False,False,False,False,False,False,False,False,False,False,False,False,False,False,False,False,False,False,False,False,False
26,10,0,6,2,19,0,7,0,0,0,4,0,0,0.730769231,0.0,0.269230769,0,2,3.74832866,0,0,False,False,False,False,False,False,False,False,False,False,False,False,False,False,False,False,False,False,False,False,False,False,False,False,True,False,False,False,False,False,False,False,False,False,False,False,False,False,False,False,False,False,False,False,False,False,False,False,False,False,False
23,14,0,3,0,18,0,5,0,0,0,1,0,0,0.782608696,0.0,0.217391304,1,3,3.96900163,1,0,False,True,False,False,False,False,False,False,False,False,False,False,False,False,False,False,False,False,False,False,False,False,False,False,False,False,False,False,False,False,False,False,False,False,False,False,False,False,False,False,False,False,False,False,False,False,False,False,False,False,False
20,12,0,2,0,15,0,5,0,0,0,1,0,0,0.75,0.0,0.25,0,3,3.446439345,1,0,False,False,False,False,False,False,False,False,False,False,False,False,False,False,False,False,False,False,False,False,False,False,False,False,False,False,False,False,False,False,False,False,False,False,False,False,False,False,False,False,False,False,False,False,False,False,False,False,False,False,True
21,9,0,3,1,15,0,6,0,0,0,2,0,0,0.714285714,0.0,0.285714286,0,3,3.653756708,1,0,False,True,False,False,False,False,False,False,False,False,False,False,False,False,False,False,False,False,False,False,False,False,False,False,False,False,False,False,False,False,False,False,False,False,False,False,False,False,False,False,False,False,False,False,False,False,False,False,False,False,False
29,14,0,3,1,22,0,7,0,0,0,2,0,0,0.75862069,0.0,0.24137931,0,4,3.86643315,4,0,True,False,False,False,False,False,False,False,False,False,False,False,False,False,False,False,False,False,False,False,False,False,False,False,False,False,False,False,False,False,False,False,False,False,False,False,False,False,False,False,False,False,False,False,False,False,False,False,False,False,False
24,16,0,3,0,20,0,4,0,0,0,1,0,0,0.833333333,0.0,0.166666667,1,2,3.886842188,0,0,True,False,False,False,False,False,False,False,False,False,False,False,False,False,False,False,False,False,False,False,False,False,False,False,False,False,False,False,False,False,False,False,False,False,False,False,False,False,False,False,False,False,False,False,False,False,False,False,False,False,False
22,10,0,3,1,16,0,6,0,0,0,2,0,0,0.727272727,0.0,0.272727273,0,3,3.663532755,1,0,True,False,False,False,False,False,False,False,False,False,False,False,False,False,False,False,False,False,False,False,False,False,False,False,False,False,False,False,False,False,False,False,False,False,False,False,False,False,False,False,False,False,False,False,False,False,False,False,False,False,False
28,15,0,3,1,22,0,6,0,0,0,2,0,0,0.785714286,0.0,0.214285714,1,3,3.770942422,1,0,True,False,False,False,False,False,False,False,False,False,False,False,False,False,False,False,False,False,False,False,False,False,False,False,False,False,False,False,False,False,False,False,False,False,False,False,False,False,False,False,False,False,False,False,False,False,False,False,False,False,False
42,30,0,3,1,36,0,6,0,0,0,2,0,0,0.857142857,0.0,0.142857143,0,3,3.980788553,1,0,True,False,False,False,False,False,False,False,False,False,False,False,False,False,False,False,False,False,False,False,False,False,False,False,False,False,False,False,False,False,False,False,False,False,False,False,False,False,False,False,False,False,False,False,False,False,False,False,False,False,False
29,10,0,3,1,21,0,8,0,0,0,2,0,0,0.724137931,0.0,0.275862069,0,5,3.948859341,8,0,True,False,False,False,False,False,False,False,False,False,False,False,False,False,False,False,False,False,False,False,False,False,False,False,False,False,False,False,False,False,False,False,False,False,False,False,False,False,False,False,False,False,False,False,False,False,False,False,False,False,False
22,6,0,2,0,16,1,5,0,0,0,1,0,0,0.727272727,0.045454545,0.227272727,1,3,3.936260028,8,0,False,False,False,False,False,False,False,False,False,False,False,False,False,False,False,False,False,False,False,False,False,True,False,False,False,False,False,False,False,False,False,False,False,False,False,False,False,False,False,False,False,False,False,False,False,False,False,False,False,False,False
24,9,0,2,1,17,0,7,0,0,0,2,0,0,0.708333333,0.0,0.291666667,0,4,3.375814584,4,0,False,False,False,False,False,True,False,False,False,False,False,False,False,False,False,False,False,False,False,False,False,False,False,False,False,False,False,False,False,False,False,False,False,False,False,False,False,False,False,False,False,False,False,False,False,False,False,False,False,False,False
34,17,0,3,1,28,0,6,0,0,0,2,0,0,0.823529412,0.0,0.176470588,1,3,4.013070929,5,0,False,True,False,False,False,False,False,False,False,False,False,False,False,False,False,False,False,False,False,False,False,False,False,False,False,False,False,False,False,False,False,False,False,False,False,False,False,False,False,False,False,False,False,False,False,False,False,False,False,False,False
32,19,0,6,1,25,0,7,0,0,0,3,0,0,0.78125,0.0,0.21875,1,3,3.983458593,1,0,False,False,False,False,False,False,False,False,False,False,False,False,False,False,False,False,False,False,False,False,False,False,False,False,False,False,False,False,False,False,False,False,False,False,False,False,False,False,False,False,False,False,False,False,False,False,False,False,False,False,True
25,7,0,2,2,19,0,6,0,0,0,3,0,0,0.76,0.0,0.24,1,2,3.323074189,0,0,False,False,False,False,False,False,False,False,False,False,False,False,False,False,False,False,False,False,False,False,False,False,False,True,False,False,False,False,False,False,False,False,False,False,False,False,False,False,False,False,False,False,False,False,False,False,False,False,False,False,False
20,8,0,3,1,14,0,6,0,0,0,2,0,0,0.7,0.0,0.3,0,3,3.646439345,1,0,False,False,False,False,False,False,False,True,False,False,False,False,False,False,False,False,False,False,False,False,False,False,False,False,False,False,False,False,False,False,False,False,False,False,False,False,False,False,False,False,False,False,False,False,False,False,False,False,False,False,False
23,8,0,2,0,17,0,6,0,0,0,1,0,0,0.739130435,0.0,0.260869565,1,4,3.827909782,7,0,False,False,False,False,False,False,False,False,False,False,False,False,False,False,False,False,True,False,False,False,False,False,False,False,False,False,False,False,False,False,False,False,False,False,False,False,False,False,False,False,False,False,False,False,False,False,False,False,False,False,False
31,10,0,2,2,24,0,7,0,0,0,3,0,0,0.774193548,0.0,0.225806452,1,3,3.542117681,1,0,False,False,False,False,False,False,False,False,False,False,False,False,False,False,False,False,False,False,False,False,False,False,False,False,False,False,True,False,False,False,False,False,False,False,False,False,False,False,False,False,False,False,False,False,False,False,False,False,False,False,False
131,10,0,3,1,104,14,13,0,0,0,2,3,0,0.79389313,0.106870229,0.099236641,1,7,5.549181377,108,0,True,False,False,False,False,False,False,False,False,False,False,False,False,False,False,False,False,False,False,False,False,False,False,False,False,False,False,False,False,False,False,False,False,False,False,False,False,False,False,False,False,False,False,False,False,False,False,False,False,False,False
33,12,0,3,1,27,0,6,0,0,0,2,0,0,0.818181818,0.0,0.181818182,1,3,4.066677074,1,0,True,False,False,False,False,False,False,False,False,False,False,False,False,False,False,False,False,False,False,False,False,False,False,False,False,False,False,False,False,False,False,False,False,False,False,False,False,False,False,False,False,False,False,False,False,False,False,False,False,False,False
71,11,0,3,1,63,1,7,0,0,0,2,1,0,0.887323944,0.014084507,0.098591549,1,3,4.277187832,1,0,True,False,False,False,False,False,False,False,False,False,False,False,False,False,False,False,False,False,False,False,False,False,False,False,False,False,False,False,False,False,False,False,False,False,False,False,False,False,False,False,False,False,False,False,False,False,False,False,False,False,False
17,8,0,2,0,12,0,5,0,0,0,1,0,0,0.705882353,0.0,0.294117647,1,3,3.572469459,1,0,False,False,False,False,False,False,True,False,False,False,False,False,False,False,False,False,False,False,False,False,False,False,False,False,False,False,False,False,False,False,False,False,False,False,False,False,False,False,False,False,False,False,False,False,False,False,False,False,False,False,False
22,9,0,2,1,16,0,6,0,0,0,2,0,0,0.727272727,0.0,0.272727273,1,3,3.572623664,1,0,False,False,False,False,False,False,False,False,False,False,False,False,False,False,False,False,False,False,False,True,False,False,False,False,False,False,False,False,False,False,False,False,False,False,False,False,False,False,False,False,False,False,False,False,False,False,False,False,False,False,False
19,7,0,3,1,13,0,6,0,0,0,2,0,0,0.684210526,0.0,0.315789474,0,3,3.431623566,1,0,False,False,True,False,False,False,False,False,False,False,False,False,False,False,False,False,False,False,False,False,False,False,False,False,False,False,False,False,False,False,False,False,False,False,False,False,False,False,False,False,False,False,False,False,False,False,False,False,False,False,False
27,10,0,3,1,22,0,5,0,0,0,2,0,0,0.814814815,0.0,0.185185185,1,2,3.754163428,0,0,False,False,True,False,False,False,False,False,False,False,False,False,False,False,False,False,False,False,False,False,False,False,False,False,False,False,False,False,False,False,False,False,False,False,False,False,False,False,False,False,False,False,False,False,False,False,False,False,False,False,False
21,8,0,3,1,15,0,6,0,0,0,2,0,0,0.714285714,0.0,0.285714286,1,3,3.653756708,1,0,False,True,False,False,False,False,False,False,False,False,False,False,False,False,False,False,False,False,False,False,False,False,False,False,False,False,False,False,False,False,False,False,False,False,False,False,False,False,False,False,False,False,False,False,False,False,False,False,False,False,False
24,12,0,3,1,19,0,5,0,0,0,2,0,0,0.791666667,0.0,0.208333333,1,2,3.855388542,0,0,False,True,False,False,False,False,False,False,False,False,False,False,False,False,False,False,False,False,False,False,False,False,False,False,False,False,False,False,False,False,False,False,False,False,False,False,False,False,False,False,False,False,False,False,False,False,False,False,False,False,False
26,14,0,6,1,20,0,6,0,0,0,3,0,0,0.769230769,0.0,0.230769231,1,2,3.87314068,0,0,False,False,False,False,False,False,False,False,False,False,False,False,False,False,False,False,False,False,False,False,False,False,False,False,False,False,False,False,False,False,False,False,False,False,False,False,False,False,False,False,False,False,False,False,False,False,False,False,False,False,True
20,8,0,2,1,14,0,6,0,0,0,2,0,0,0.7,0.0,0.3,0,3,3.50869497,1,0,False,False,False,False,False,False,True,False,False,False,False,False,False,False,False,False,False,False,False,False,False,False,False,False,False,False,False,False,False,False,False,False,False,False,False,False,False,False,False,False,False,False,False,False,False,False,False,False,False,False,False
27,8,0,3,1,21,0,6,0,0,0,2,0,0,0.777777778,0.0,0.222222222,1,3,3.810081021,1,0,False,False,True,False,False,False,False,False,False,False,False,False,False,False,False,False,False,False,False,False,False,False,False,False,False,False,False,False,False,False,False,False,False,False,False,False,False,False,False,False,False,False,False,False,False,False,False,False,False,False,False
43,14,0,6,1,33,0,10,1,1,0,4,0,0,0.76744186,0.0,0.23255814,0,3,4.193251964,10,7,False,False,False,False,False,False,False,False,False,False,False,False,False,False,False,False,False,False,False,False,False,False,False,False,False,False,False,False,False,False,False,False,False,False,False,False,False,False,False,False,False,False,False,False,False,False,False,False,False,False,True
40,16,0,3,1,31,2,7,0,0,0,2,1,0,0.775,0.05,0.175,1,3,4.303055907,1,0,True,False,False,False,False,False,False,False,False,False,False,False,False,False,False,False,False,False,False,False,False,False,False,False,False,False,False,False,False,False,False,False,False,False,False,False,False,False,False,False,False,False,False,False,False,False,False,False,False,False,False
25,12,0,3,1,19,0,6,0,0,0,2,0,0,0.76,0.0,0.24,1,3,3.91326969,1,0,True,False,False,False,False,False,False,False,False,False,False,False,False,False,False,False,False,False,False,False,False,False,False,False,False,False,False,False,False,False,False,False,False,False,False,False,False,False,False,False,False,False,False,False,False,False,False,False,False,False,False
39,10,0,3,1,33,0,6,0,0,0,2,0,0,0.846153846,0.0,0.153846154,1,3,4.076139156,1,0,True,False,False,False,False,False,False,False,False,False,False,False,False,False,False,False,False,False,False,False,False,False,False,False,False,False,False,False,False,False,False,False,False,False,False,False,False,False,False,False,False,False,False,False,False,False,False,False,False,False,False
41,22,0,2,0,33,0,8,0,0,0,2,1,1,0.804878049,0.0,0.195121951,0,3,4.003655053,12,0,False,False,False,True,False,False,False,False,False,False,False,False,False,False,False,False,False,False,False,False,False,False,False,False,False,False,False,False,False,False,False,False,False,False,False,False,False,False,False,False,False,False,False,False,False,False,False,False,False,False,False
56,33,0,3,1,33,17,6,0,0,0,2,1,0,0.589285714,0.303571429,0.107142857,0,2,4.425496387,0,0,False,False,False,False,False,False,False,False,False,False,False,False,False,False,False,False,False,False,False,False,False,False,False,False,False,False,False,False,False,False,False,False,False,False,False,False,False,False,False,False,False,False,False,False,False,False,False,False,False,False,True
26,13,0,3,1,20,0,6,0,0,0,2,0,0,0.769230769,0.0,0.230769231,1,3,3.690260391,1,0,True,False,False,False,False,False,False,False,False,False,False,False,False,False,False,False,False,False,False,False,False,False,False,False,False,False,False,False,False,False,False,False,False,False,False,False,False,False,False,False,False,False,False,False,False,False,False,False,False,False,False
51,14,0,2,1,40,1,10,1,1,0,3,0,1,0.784313725,0.019607843,0.196078431,0,3,4.353127057,13,12,False,False,False,False,False,False,False,False,False,False,False,False,False,False,False,False,False,False,False,False,False,False,False,False,False,False,False,False,False,False,False,False,False,False,False,False,False,False,False,False,False,False,False,False,False,False,False,False,False,False,True
81,10,0,6,0,70,0,11,0,0,0,2,3,0,0.864197531,0.0,0.135802469,1,5,4.280752319,63,0,False,False,False,False,False,False,False,False,False,False,False,False,False,False,False,False,False,False,False,False,False,False,False,False,False,False,False,False,False,False,False,False,False,False,False,False,False,False,False,False,False,False,False,False,False,False,False,False,False,False,True
33,21,0,2,1,27,0,6,0,0,0,2,0,0,0.818181818,0.0,0.181818182,0,3,3.960320255,1,0,False,False,False,False,False,True,False,False,False,False,False,False,False,False,False,False,False,False,False,False,False,False,False,False,False,False,False,False,False,False,False,False,False,False,False,False,False,False,False,False,False,False,False,False,False,False,False,False,False,False,False
38,26,0,3,1,32,0,6,0,0,0,2,0,0,0.842105263,0.0,0.157894737,0,3,4.17873829,1,0,False,True,False,False,False,False,False,False,False,False,False,False,False,False,False,False,False,False,False,False,False,False,False,False,False,False,False,False,False,False,False,False,False,False,False,False,False,False,False,False,False,False,False,False,False,False,False,False,False,False,False
26,14,0,2,1,20,0,6,0,0,0,2,0,0,0.769230769,0.0,0.230769231,0,3,3.738149333,1,0,False,False,False,False,False,False,False,False,False,False,True,False,False,False,False,False,False,False,False,False,False,False,False,False,False,False,False,False,False,False,False,False,False,False,False,False,False,False,False,False,False,False,False,False,False,False,False,False,False,False,False
29,17,0,3,1,23,0,6,0,0,0,2,0,0,0.793103448,0.0,0.206896552,0,3,3.814371943,1,0,True,False,False,False,False,False,False,False,False,False,False,False,False,False,False,False,False,False,False,False,False,False,False,False,False,False,False,False,False,False,False,False,False,False,False,False,False,False,False,False,False,False,False,False,False,False,False,False,False,False,False
29,18,0,3,1,24,0,5,0,0,0,2,0,0,0.827586207,0.0,0.172413793,0,2,4.021268495,0,0,True,False,False,False,False,False,False,False,False,False,False,False,False,False,False,False,False,False,False,False,False,False,False,False,False,False,False,False,False,False,False,False,False,False,False,False,False,False,False,False,False,False,False,False,False,False,False,False,False,False,False
19,7,0,3,1,13,0,6,0,0,0,2,0,0,0.684210526,0.0,0.315789474,0,3,3.431623566,1,0,False,False,True,False,False,False,False,False,False,False,False,False,False,False,False,False,False,False,False,False,False,False,False,False,False,False,False,False,False,False,False,False,False,False,False,False,False,False,False,False,False,False,False,False,False,False,False,False,False,False,False
25,13,0,3,1,18,1,6,0,0,0,2,0,0,0.72,0.04,0.24,0,3,3.67326969,1,0,True,False,False,False,False,False,False,False,False,False,False,False,False,False,False,False,False,False,False,False,False,False,False,False,False,False,False,False,False,False,False,False,False,False,False,False,False,False,False,False,False,False,False,False,False,False,False,False,False,False,False
24,11,0,3,1,18,0,6,0,0,0,2,0,0,0.75,0.0,0.25,1,3,3.772055209,1,0,True,False,False,False,False,False,False,False,False,False,False,False,False,False,False,False,False,False,False,False,False,False,False,False,False,False,False,False,False,False,False,False,False,False,False,False,False,False,False,False,False,False,False,False,False,False,False,False,False,False,False
42,13,0,5,1,32,0,10,1,1,0,4,0,0,0.761904762,0.0,0.238095238,0,3,4.094000161,10,7,False,False,False,False,False,False,False,False,False,False,False,False,False,False,False,False,False,False,False,False,False,False,False,False,False,False,False,False,False,False,False,False,False,False,False,False,False,False,False,False,False,False,False,False,False,False,False,False,False,False,True
57,17,0,3,0,48,0,9,0,0,0,2,0,0,0.842105263,0.0,0.157894737,1,6,4.29910191,32,0,True,False,False,False,False,False,False,False,False,False,False,False,False,False,False,False,False,False,False,False,False,False,False,False,False,False,False,False,False,False,False,False,False,False,False,False,False,False,False,False,False,False,False,False,False,False,False,False,False,False,False
50,10,0,3,1,41,0,9,0,0,0,3,0,0,0.82,0.0,0.18,0,5,4.19378632,29,0,True,False,False,False,False,False,False,False,False,False,False,False,False,False,False,False,False,False,False,False,False,False,False,False,False,False,False,False,False,False,False,False,False,False,False,False,False,False,False,False,False,False,False,False,False,False,False,False,False,False,False
44,19,0,3,1,36,0,8,0,0,0,2,1,0,0.818181818,0.0,0.181818182,1,4,4.166389505,13,0,False,True,False,False,False,False,False,False,False,False,False,False,False,False,False,False,False,False,False,False,False,False,False,False,False,False,False,False,False,False,False,False,False,False,False,False,False,False,False,False,False,False,False,False,False,False,False,False,False,False,False
30,18,0,6,1,23,0,7,0,0,0,3,0,0,0.766666667,0.0,0.233333333,0,3,3.781076012,1,0,False,False,False,False,False,False,False,False,False,False,False,False,False,False,False,False,False,False,False,False,False,False,False,False,False,True,False,False,False,False,False,False,False,False,False,False,False,False,False,False,False,False,False,False,False,False,False,False,False,False,False
18,10,0,3,0,13,0,5,0,0,0,1,0,0,0.722222222,0.0,0.277777778,0,3,3.683542362,1,0,True,False,False,False,False,False,False,False,False,False,False,False,False,False,False,False,False,False,False,False,False,False,False,False,False,False,False,False,False,False,False,False,False,False,False,False,False,False,False,False,False,False,False,False,False,False,False,False,False,False,False
41,10,0,3,1,33,0,8,0,0,0,2,0,0,0.804878049,0.0,0.195121951,1,5,3.830010773,17,0,True,False,False,False,False,False,False,False,False,False,False,False,False,False,False,False,False,False,False,False,False,False,False,False,False,False,False,False,False,False,False,False,False,False,False,False,False,False,False,False,False,False,False,False,False,False,False,False,False,False,False
25,12,0,3,1,19,0,6,0,0,0,2,0,0,0.76,0.0,0.24,1,3,3.78346519,1,0,True,False,False,False,False,False,False,False,False,False,False,False,False,False,False,False,False,False,False,False,False,False,False,False,False,False,False,False,False,False,False,False,False,False,False,False,False,False,False,False,False,False,False,False,False,False,False,False,False,False,False
29,17,0,6,1,22,0,7,0,0,0,3,0,0,0.75862069,0.0,0.24137931,0,3,3.969207288,1,0,False,False,False,False,False,False,False,False,False,False,False,False,False,False,False,False,False,False,False,False,False,False,False,False,False,False,False,False,False,False,False,False,False,False,False,False,False,False,False,False,False,False,False,False,False,False,False,False,False,False,True
22,9,0,3,1,16,0,6,0,0,0,2,0,0,0.727272727,0.0,0.272727273,1,3,3.663532755,1,0,False,True,False,False,False,False,False,False,False,False,False,False,False,False,False,False,False,False,False,False,False,False,False,False,False,False,False,False,False,False,False,False,False,False,False,False,False,False,False,False,False,False,False,False,False,False,False,False,False,False,False
25,13,0,6,1,18,0,7,0,0,0,3,0,0,0.72,0.0,0.28,0,3,3.83326969,1,0,False,False,False,False,False,False,False,False,False,False,False,False,False,False,False,False,False,False,False,False,False,False,False,False,False,False,False,False,False,False,False,False,False,False,False,False,False,False,False,False,False,False,False,False,False,False,False,False,True,False,False
18,6,0,2,1,12,0,6,0,0,0,2,0,0,0.666666667,0.0,0.333333333,0,3,3.197159723,1,0,False,False,False,False,False,False,False,False,False,False,False,False,False,False,False,False,False,False,False,False,False,False,False,True,False,False,False,False,False,False,False,False,False,False,False,False,False,False,False,False,False,False,False,False,False,False,False,False,False,False,False
19,8,0,3,0,13,0,6,0,0,0,1,0,0,0.684210526,0.0,0.315789474,0,4,3.260828171,4,0,False,False,False,False,False,False,False,False,True,False,False,False,False,False,False,False,False,False,False,False,False,False,False,False,False,False,False,False,False,False,False,False,False,False,False,False,False,False,False,False,False,False,False,False,False,False,False,False,False,False,False
22,10,0,6,1,15,0,7,0,0,0,3,0,0,0.681818182,0.0,0.318181818,0,3,3.629219687,1,0,False,False,False,False,False,False,False,False,False,False,False,False,False,False,False,False,False,False,False,False,False,False,False,False,False,False,False,False,False,False,False,False,False,False,False,False,False,False,False,False,False,False,False,False,False,False,True,False,False,False,False
48,23,0,2,1,39,0,9,0,0,0,3,0,0,0.8125,0.0,0.1875,0,5,3.963119346,14,0,False,False,False,False,False,False,False,False,False,False,False,False,False,False,False,False,False,False,False,False,False,False,False,False,False,False,False,False,False,False,False,False,False,False,False,False,False,False,False,False,False,False,False,False,False,False,False,False,False,False,True
37,14,0,3,1,22,10,5,0,0,0,2,0,0,0.594594595,0.27027027,0.135135135,0,2,4.432294244,0,0,False,False,False,False,False,False,False,False,False,False,False,False,False,False,False,False,False,False,False,False,False,False,False,False,False,False,False,False,False,False,False,False,False,False,False,False,False,False,False,False,False,False,False,False,False,False,False,False,False,False,True
23,9,0,2,1,17,0,6,0,0,0,2,0,0,0.739130435,0.0,0.260869565,1,3,3.762267391,3,0,False,False,False,False,False,False,False,False,False,False,False,False,False,False,False,False,False,False,False,False,False,False,False,False,False,False,False,False,False,False,False,False,False,False,False,False,False,False,False,False,False,False,False,False,False,False,False,False,False,False,True
113,6,0,2,2,96,0,17,0,0,0,4,1,3,0.849557522,0.0,0.150442478,0,8,4.54591764,88,0,False,False,False,True,False,False,False,False,False,False,False,False,False,False,False,False,False,False,False,False,False,False,False,False,False,False,False,False,False,False,False,False,False,False,False,False,False,False,False,False,False,False,False,False,False,False,False,False,False,False,False
37,10,0,3,1,31,0,6,0,0,0,2,0,0,0.837837838,0.0,0.162162162,1,3,4.175273298,1,0,True,False,False,False,False,False,False,False,False,False,False,False,False,False,False,False,False,False,False,False,False,False,False,False,False,False,False,False,False,False,False,False,False,False,False,False,False,False,False,False,False,False,False,False,False,False,False,False,False,False,False
44,22,0,2,1,34,0,10,0,0,0,2,3,0,0.772727273,0.0,0.227272727,0,4,4.390805482,11,0,False,False,False,False,True,False,False,False,False,False,False,False,False,False,False,False,False,False,False,False,False,False,False,False,False,False,False,False,False,False,False,False,False,False,False,False,False,False,False,False,False,False,False,False,False,False,False,False,False,False,False
32,20,0,5,1,24,0,8,0,0,0,3,1,0,0.75,0.0,0.25,0,3,3.929229297,1,0,False,False,False,False,False,False,False,False,False,False,False,False,False,False,False,True,False,False,False,False,False,False,False,False,False,False,False,False,False,False,False,False,False,False,False,False,False,False,False,False,False,False,False,False,False,False,False,False,False,False,False
32,9,0,3,2,22,1,9,0,1,0,3,0,0,0.6875,0.03125,0.28125,0,4,3.991729297,6,1,False,False,True,False,False,False,False,False,False,False,False,False,False,False,False,False,False,False,False,False,False,False,False,False,False,False,False,False,False,False,False,False,False,False,False,False,False,False,False,False,False,False,False,False,False,False,False,False,False,False,False
19,10,0,5,0,13,0,6,0,0,0,2,0,0,0.684210526,0.0,0.315789474,1,3,3.681880803,1,0,False,False,False,False,False,False,False,False,False,False,False,False,False,False,False,False,False,False,False,False,False,False,False,False,False,False,False,False,False,True,False,False,False,False,False,False,False,False,False,False,False,False,False,False,False,False,False,False,False,False,False
30,18,0,6,1,23,0,7,0,0,0,3,0,0,0.766666667,0.0,0.233333333,0,3,4.031401845,1,0,False,False,False,False,False,False,False,False,False,False,False,False,False,False,False,False,False,False,False,False,False,False,False,False,False,False,False,False,False,False,False,False,False,False,False,False,False,False,False,False,False,True,False,False,False,False,False,False,False,False,False
30,14,0,5,1,21,0,9,0,0,0,3,1,0,0.7,0.0,0.3,0,4,3.898068512,5,0,False,False,False,False,False,False,False,False,False,False,False,False,False,False,False,True,False,False,False,False,False,False,False,False,False,False,False,False,False,False,False,False,False,False,False,False,False,False,False,False,False,False,False,False,False,False,False,False,False,False,False
34,21,0,2,1,28,0,6,0,0,0,2,0,0,0.823529412,0.0,0.176470588,1,3,3.976449973,1,0,False,False,False,False,False,False,False,False,False,False,False,False,False,False,False,False,False,False,False,True,False,False,False,False,False,False,False,False,False,False,False,False,False,False,False,False,False,False,False,False,False,False,False,False,False,False,False,False,False,False,False
28,9,0,5,1,21,0,7,0,0,0,3,0,0,0.75,0.0,0.25,0,3,3.842370993,8,0,False,False,False,False,False,False,False,False,False,False,False,False,False,False,False,False,False,False,False,False,False,False,False,False,False,False,False,False,False,False,False,False,False,False,False,False,False,False,False,False,False,False,False,False,False,False,False,False,False,False,True
39,10,0,3,1,31,0,8,0,0,0,2,0,0,0.794871795,0.0,0.205128205,1,5,4.006573937,15,0,True,False,False,False,False,False,False,False,False,False,False,False,False,False,False,False,False,False,False,False,False,False,False,False,False,False,False,False,False,False,False,False,False,False,False,False,False,False,False,False,False,False,False,False,False,False,False,False,False,False,False
24,11,0,3,1,18,0,6,0,0,0,2,0,0,0.75,0.0,0.25,1,3,3.855388542,1,0,True,False,False,False,False,False,False,False,False,False,False,False,False,False,False,False,False,False,False,False,False,False,False,False,False,False,False,False,False,False,False,False,False,False,False,False,False,False,False,False,False,False,False,False,False,False,False,False,False,False,False
32,20,0,3,1,26,0,6,0,0,0,2,0,0,0.8125,0.0,0.1875,0,3,3.878928032,1,0,True,False,False,False,False,False,False,False,False,False,False,False,False,False,False,False,False,False,False,False,False,False,False,False,False,False,False,False,False,False,False,False,False,False,False,False,False,False,False,False,False,False,False,False,False,False,False,False,False,False,False
24,10,0,3,1,18,0,6,0,0,0,2,0,0,0.75,0.0,0.25,1,3,3.970175521,1,0,True,False,False,False,False,False,False,False,False,False,False,False,False,False,False,False,False,False,False,False,False,False,False,False,False,False,False,False,False,False,False,False,False,False,False,False,False,False,False,False,False,False,False,False,False,False,False,False,False,False,False
21,9,0,3,1,15,0,6,0,0,0,2,0,0,0.714285714,0.0,0.285714286,0,3,3.617809684,1,0,True,False,False,False,False,False,False,False,False,False,False,False,False,False,False,False,False,False,False,False,False,False,False,False,False,False,False,False,False,False,False,False,False,False,False,False,False,False,False,False,False,False,False,False,False,False,False,False,False,False,False
21,9,0,3,1,15,0,6,0,0,0,2,0,0,0.714285714,0.0,0.285714286,0,3,3.653756708,1,0,False,False,True,False,False,False,False,False,False,False,False,False,False,False,False,False,False,False,False,False,False,False,False,False,False,False,False,False,False,False,False,False,False,False,False,False,False,False,False,False,False,False,False,False,False,False,False,False,False,False,False
31,12,0,6,0,23,0,8,0,0,0,2,0,0,0.741935484,0.0,0.258064516,0,5,3.79696073,12,0,False,False,False,False,False,False,False,False,False,False,False,False,False,False,False,False,False,False,False,False,False,False,False,False,False,False,False,False,False,False,False,False,False,False,False,False,False,False,False,False,False,False,False,False,False,False,False,False,False,False,True
17,9,0,2,0,12,0,5,0,0,0,1,1,0,0.705882353,0.0,0.294117647,1,2,3.734521665,0,0,False,False,False,True,False,False,False,False,False,False,False,False,False,False,False,False,False,False,False,False,False,False,False,False,False,False,False,False,False,False,False,False,False,False,False,False,False,False,False,False,False,False,False,False,False,False,False,False,False,False,False
24,11,0,2,1,18,0,6,0,0,0,2,0,0,0.75,0.0,0.25,1,3,3.855388542,1,0,False,False,False,False,False,False,False,False,False,False,False,False,False,False,False,False,False,False,False,False,False,False,False,False,False,False,False,False,False,False,False,False,False,False,False,False,False,False,False,False,False,False,False,False,False,False,False,False,False,False,True
102,7,0,2,1,86,2,14,0,0,0,3,0,0,0.843137255,0.019607843,0.137254902,1,9,4.92722574,83,0,False,False,False,False,False,False,False,False,False,False,False,False,False,False,False,False,False,False,False,True,False,False,False,False,False,False,False,False,False,False,False,False,False,False,False,False,False,False,False,False,False,False,False,False,False,False,False,False,False,False,False
167,10,0,3,1,125,21,21,3,1,2,2,1,4,0.748502994,0.125748503,0.125748503,1,7,5.614165015,108,35,True,False,False,False,False,False,False,False,False,False,False,False,False,False,False,False,False,False,False,False,False,False,False,False,False,False,False,False,False,False,False,False,False,False,False,False,False,False,False,False,False,False,False,False,False,False,False,False,False,False,False
35,10,0,3,1,26,3,6,0,0,0,2,1,0,0.742857143,0.085714286,0.171428571,1,2,4.05757516,0,0,False,False,False,False,False,False,False,False,False,False,False,False,False,False,False,False,False,False,False,False,False,False,False,False,False,False,False,False,False,False,False,False,False,False,False,False,False,False,False,False,False,False,False,False,False,False,False,False,False,False,True
26,15,0,6,0,20,0,6,0,0,0,2,0,0,0.769230769,0.0,0.230769231,0,3,3.979097891,4,0,False,False,False,False,False,False,False,False,False,False,False,False,False,False,False,False,False,False,False,False,False,False,False,False,False,True,False,False,False,False,False,False,False,False,False,False,False,False,False,False,False,False,False,False,False,False,False,False,False,False,False
29,21,0,2,0,24,0,5,0,0,0,1,0,0,0.827586207,0.0,0.172413793,0,3,3.85386322,1,0,False,False,False,False,False,False,False,False,False,False,True,False,False,False,False,False,False,False,False,False,False,False,False,False,False,False,False,False,False,False,False,False,False,False,False,False,False,False,False,False,False,False,False,False,False,False,False,False,False,False,False
22,10,0,2,1,16,0,6,0,0,0,2,0,0,0.727272727,0.0,0.272727273,0,3,3.663532755,1,0,False,False,False,False,False,False,False,False,False,False,True,False,False,False,False,False,False,False,False,False,False,False,False,False,False,False,False,False,False,False,False,False,False,False,False,False,False,False,False,False,False,False,False,False,False,False,False,False,False,False,False
38,9,0,3,1,30,0,8,0,0,0,2,2,0,0.789473684,0.0,0.210526316,1,3,3.880186238,1,0,False,False,False,False,False,False,False,False,False,True,False,False,False,False,False,False,False,False,False,False,False,False,False,False,False,False,False,False,False,False,False,False,False,False,False,False,False,False,False,False,False,False,False,False,False,False,False,False,False,False,False
28,16,0,2,1,23,0,5,0,0,0,2,0,0,0.821428571,0.0,0.178571429,1,2,3.695947226,0,0,False,False,False,False,False,False,False,False,False,False,False,False,False,False,False,False,False,False,False,True,False,False,False,False,False,False,False,False,False,False,False,False,False,False,False,False,False,False,False,False,False,False,False,False,False,False,False,False,False,False,False
23,11,0,6,1,16,0,7,0,0,0,3,0,0,0.695652174,0.0,0.304347826,0,3,3.729446195,1,0,False,False,False,False,False,False,False,False,False,False,False,False,False,False,False,False,False,False,False,False,False,False,False,False,False,False,False,False,False,False,False,False,False,False,False,False,False,False,False,False,False,False,False,False,False,False,False,False,True,False,False
167,10,0,3,1,123,23,21,3,1,2,2,4,1,0.736526946,0.137724551,0.125748503,1,7,5.551253414,108,35,True,False,False,False,False,False,False,False,False,False,False,False,False,False,False,False,False,False,False,False,False,False,False,False,False,False,False,False,False,False,False,False,False,False,False,False,False,False,False,False,False,False,False,False,False,False,False,False,False,False,False
21,9,0,3,1,15,0,6,0,0,0,2,0,0,0.714285714,0.0,0.285714286,0,3,3.522571589,1,0,True,False,False,False,False,False,False,False,False,False,False,False,False,False,False,False,False,False,False,False,False,False,False,False,False,False,False,False,False,False,False,False,False,False,False,False,False,False,False,False,False,False,False,False,False,False,False,False,False,False,False
19,11,0,3,0,14,0,5,0,0,0,1,0,0,0.736842105,0.0,0.263157895,0,3,3.286629487,1,0,True,False,False,False,False,False,False,False,False,False,False,False,False,False,False,False,False,False,False,False,False,False,False,False,False,False,False,False,False,False,False,False,False,False,False,False,False,False,False,False,False,False,False,False,False,False,False,False,False,False,False
21,9,0,3,1,15,0,6,0,0,0,2,0,0,0.714285714,0.0,0.285714286,0,3,3.653756708,1,0,False,True,False,False,False,False,False,False,False,False,False,False,False,False,False,False,False,False,False,False,False,False,False,False,False,False,False,False,False,False,False,False,False,False,False,False,False,False,False,False,False,False,False,False,False,False,False,False,False,False,False
23,6,0,2,2,16,0,7,0,0,0,3,0,0,0.695652174,0.0,0.304347826,0,3,3.642489673,1,0,False,False,False,False,False,False,False,False,False,False,False,False,False,False,False,False,False,False,False,False,False,False,False,False,False,False,False,False,False,False,False,False,False,False,False,False,False,False,False,False,False,False,False,False,False,False,False,False,False,False,True
25,13,0,3,1,19,0,6,0,0,0,2,0,0,0.76,0.0,0.24,0,3,3.91326969,1,0,False,True,False,False,False,False,False,False,False,False,False,False,False,False,False,False,False,False,False,False,False,False,False,False,False,False,False,False,False,False,False,False,False,False,False,False,False,False,False,False,False,False,False,False,False,False,False,False,False,False,False
35,22,0,3,1,29,0,6,0,0,0,2,0,0,0.828571429,0.0,0.171428571,1,3,4.15029266,1,0,True,False,False,False,False,False,False,False,False,False,False,False,False,False,False,False,False,False,False,False,False,False,False,False,False,False,False,False,False,False,False,False,False,False,False,False,False,False,False,False,False,False,False,False,False,False,False,False,False,False,False
29,17,0,3,1,22,0,7,0,0,0,2,1,0,0.75862069,0.0,0.24137931,0,3,3.995237891,1,0,False,True,False,False,False,False,False,False,False,False,False,False,False,False,False,False,False,False,False,False,False,False,False,False,False,False,False,False,False,False,False,False,False,False,False,False,False,False,False,False,False,False,False,False,False,False,False,False,False,False,False
42,9,0,3,1,33,0,9,0,0,0,2,3,0,0.785714286,0.0,0.214285714,1,3,3.861825162,1,0,False,False,False,False,False,False,False,False,False,True,False,False,False,False,False,False,False,False,False,False,False,False,False,False,False,False,False,False,False,False,False,False,False,False,False,False,False,False,False,False,False,False,False,False,False,False,False,False,False,False,False
28,16,0,3,1,22,0,6,0,0,0,2,1,0,0.785714286,0.0,0.214285714,1,2,3.940759833,0,0,True,False,False,False,False,False,False,False,False,False,False,False,False,False,False,False,False,False,False,False,False,False,False,False,False,False,False,False,False,False,False,False,False,False,False,False,False,False,False,False,False,False,False,False,False,False,False,False,False,False,False
28,6,0,2,2,21,0,7,0,0,0,3,0,0,0.75,0.0,0.25,0,3,4.012188404,1,0,False,False,False,False,False,False,False,False,False,False,False,False,False,False,False,False,False,False,False,False,False,False,False,False,False,False,False,False,False,False,False,False,False,False,False,False,False,False,False,False,False,False,False,False,False,False,False,False,False,False,True
30,18,0,3,1,24,0,6,0,0,0,2,0,0,0.8,0.0,0.2,0,3,3.939572262,1,0,True,False,False,False,False,False,False,False,False,False,False,False,False,False,False,False,False,False,False,False,False,False,False,False,False,False,False,False,False,False,False,False,False,False,False,False,False,False,False,False,False,False,False,False,False,False,False,False,False,False,False
27,14,0,3,1,21,0,6,0,0,0,2,0,0,0.777777778,0.0,0.222222222,1,3,3.930270372,1,0,True,False,False,False,False,False,False,False,False,False,False,False,False,False,False,False,False,False,False,False,False,False,False,False,False,False,False,False,False,False,False,False,False,False,False,False,False,False,False,False,False,False,False,False,False,False,False,False,False,False,False
14,6,0,2,0,8,0,6,0,0,0,1,1,0,0.571428571,0.0,0.428571429,0,3,3.324862958,1,0,False,False,False,True,False,False,False,False,False,False,False,False,False,False,False,False,False,False,False,False,False,False,False,False,False,False,False,False,False,False,False,False,False,False,False,False,False,False,False,False,False,False,False,False,False,False,False,False,False,False,False
31,19,0,9,1,25,0,6,0,0,0,3,0,0,0.806451613,0.0,0.193548387,1,2,3.848884617,0,0,False,False,False,False,False,False,False,False,False,False,False,False,False,False,False,False,False,False,False,False,False,False,False,False,False,False,False,False,False,False,False,False,False,False,False,False,False,False,False,False,False,False,False,False,False,False,False,False,False,False,True
34,6,0,2,1,28,0,6,0,0,0,2,0,0,0.823529412,0.0,0.176470588,0,3,4.035273503,17,0,False,False,False,False,False,False,False,False,False,False,True,False,False,False,False,False,False,False,False,False,False,False,False,False,False,False,False,False,False,False,False,False,False,False,False,False,False,False,False,False,False,False,False,False,False,False,False,False,False,False,False
25,13,0,6,1,19,0,6,0,0,0,3,0,0,0.76,0.0,0.24,1,2,3.78346519,0,0,False,False,False,False,False,False,False,False,False,False,False,False,False,False,False,False,False,False,False,False,False,False,False,False,False,False,False,False,False,False,False,False,False,False,False,False,False,False,False,False,False,False,False,False,False,False,False,False,False,False,True
37,11,0,2,1,30,0,7,0,0,0,2,0,0,0.810810811,0.0,0.189189189,1,4,3.912854218,14,0,False,False,False,False,False,False,False,False,False,False,False,False,False,False,False,False,False,False,False,False,False,False,False,True,False,False,False,False,False,False,False,False,False,False,False,False,False,False,False,False,False,False,False,False,False,False,False,False,False,False,False
35,19,0,3,1,28,0,7,0,0,0,2,0,0,0.8,0.0,0.2,1,4,4.036006945,4,0,True,False,False,False,False,False,False,False,False,False,False,False,False,False,False,False,False,False,False,False,False,False,False,False,False,False,False,False,False,False,False,False,False,False,False,False,False,False,False,False,False,False,False,False,False,False,False,False,False,False,False
29,17,0,3,1,22,0,7,0,0,0,2,1,0,0.75862069,0.0,0.24137931,0,3,4.159199529,1,0,False,True,False,False,False,False,False,False,False,False,False,False,False,False,False,False,False,False,False,False,False,False,False,False,False,False,False,False,False,False,False,False,False,False,False,False,False,False,False,False,False,False,False,False,False,False,False,False,False,False,False
84,23,0,3,1,67,3,14,3,1,2,3,0,1,0.797619048,0.035714286,0.166666667,1,3,4.476225644,10,38,True,False,False,False,False,False,False,False,False,False,False,False,False,False,False,False,False,False,False,False,False,False,False,False,False,False,False,False,False,False,False,False,False,False,False,False,False,False,False,False,False,False,False,False,False,False,False,False,False,False,False
32,16,0,2,0,26,0,6,0,1,0,1,0,0,0.8125,0.0,0.1875,1,3,4.241729297,1,6,False,False,False,False,False,False,False,False,False,False,False,False,False,False,False,False,False,False,False,False,False,False,False,False,False,False,False,False,False,False,False,False,False,False,False,False,False,False,False,False,False,False,False,False,False,False,False,False,False,False,True
16,8,0,2,0,11,0,5,0,0,0,1,0,0,0.6875,0.0,0.3125,0,3,3.327819531,1,0,False,False,False,False,False,False,False,False,False,False,True,False,False,False,False,False,False,False,False,False,False,False,False,False,False,False,False,False,False,False,False,False,False,False,False,False,False,False,False,False,False,False,False,False,False,False,False,False,False,False,False
30,18,0,5,1,23,0,7,0,0,0,3,0,0,0.766666667,0.0,0.233333333,0,3,3.822579762,1,0,False,False,False,False,False,False,False,False,False,False,False,False,False,False,False,False,False,False,False,False,False,False,False,False,False,False,False,False,False,False,False,False,False,False,False,False,False,False,False,False,False,False,False,False,False,False,False,False,False,False,True
30,18,0,2,1,24,0,6,0,0,0,2,0,0,0.8,0.0,0.2,0,3,3.898068512,1,0,False,False,False,False,False,False,False,False,False,False,False,False,False,False,False,False,False,False,False,False,True,False,False,False,False,False,False,False,False,False,False,False,False,False,False,False,False,False,False,False,False,False,False,False,False,False,False,False,False,False,False
21,9,0,2,1,15,0,6,0,0,0,2,0,0,0.714285714,0.0,0.285714286,0,3,3.332095399,1,0,False,False,False,False,False,False,True,False,False,False,False,False,False,False,False,False,False,False,False,False,False,False,False,False,False,False,False,False,False,False,False,False,False,False,False,False,False,False,False,False,False,False,False,False,False,False,False,False,False,False,False
31,10,0,3,1,25,0,6,0,0,0,2,0,0,0.806451613,0.0,0.193548387,1,3,4.042433004,1,0,True,False,False,False,False,False,False,False,False,False,False,False,False,False,False,False,False,False,False,False,False,False,False,False,False,False,False,False,False,False,False,False,False,False,False,False,False,False,False,False,False,False,False,False,False,False,False,False,False,False,False
57,12,0,6,1,45,2,10,0,0,0,3,0,1,0.789473684,0.035087719,0.175438596,0,5,4.348620559,34,0,False,False,False,False,False,False,False,False,False,False,False,False,False,False,False,False,False,False,False,False,False,False,False,False,False,False,False,False,False,False,False,False,False,False,False,False,False,False,False,False,False,False,False,False,False,False,False,False,False,False,True
23,11,0,6,1,17,0,6,0,0,0,3,0,0,0.739130435,0.0,0.260869565,1,2,3.435755434,0,0,False,False,False,False,False,False,False,False,False,False,False,False,False,False,False,False,False,False,False,False,False,False,False,False,False,False,False,False,False,False,False,False,False,False,False,False,False,False,False,False,False,False,False,False,False,False,False,False,False,False,True
31,15,0,10,2,23,0,8,0,0,0,4,0,0,0.741935484,0.0,0.258064516,0,3,3.711314858,1,0,False,False,False,False,False,False,False,False,False,False,False,False,False,False,False,False,False,False,False,False,False,False,False,False,False,False,False,False,False,False,False,False,False,False,False,False,False,False,False,False,False,False,False,False,False,False,False,False,False,False,True
32,18,0,2,1,26,0,6,0,0,0,2,0,0,0.8125,0.0,0.1875,0,3,4.116729297,3,0,False,False,False,True,False,False,False,False,False,False,False,False,False,False,False,False,False,False,False,False,False,False,False,False,False,False,False,False,False,False,False,False,False,False,False,False,False,False,False,False,False,False,False,False,False,False,False,False,False,False,False
21,12,0,3,0,16,0,5,0,0,0,1,0,0,0.761904762,0.0,0.238095238,1,3,3.748994804,1,0,True,False,False,False,False,False,False,False,False,False,False,False,False,False,False,False,False,False,False,False,False,False,False,False,False,False,False,False,False,False,False,False,False,False,False,False,False,False,False,False,False,False,False,False,False,False,False,False,False,False,False
16,7,0,2,0,11,0,5,0,0,0,1,0,0,0.6875,0.0,0.3125,1,3,3.452819531,1,0,False,False,False,False,False,False,False,False,False,False,False,False,False,False,False,False,False,False,False,False,False,False,False,False,False,False,False,False,False,False,False,False,False,False,False,False,False,False,False,False,False,False,False,False,True,False,False,False,False,False,False
22,11,0,6,1,16,0,6,0,0,0,3,0,0,0.727272727,0.0,0.272727273,0,2,3.243300369,0,0,False,False,False,False,False,False,False,False,False,False,False,False,False,False,False,False,False,False,False,False,False,False,False,False,False,False,False,False,False,False,False,False,False,False,False,False,False,False,False,False,False,False,False,False,False,False,False,False,False,False,True
24,12,0,5,1,16,0,8,0,0,0,3,1,0,0.666666667,0.0,0.333333333,0,3,3.740601563,1,0,False,False,False,False,False,False,False,False,False,False,False,False,False,False,False,False,False,False,False,False,False,False,False,False,False,False,False,True,False,False,False,False,False,False,False,False,False,False,False,False,False,False,False,False,False,False,False,False,False,False,False
22,10,0,3,1,16,0,6,0,0,0,2,0,0,0.727272727,0.0,0.272727273,0,3,3.663532755,1,0,False,True,False,False,False,False,False,False,False,False,False,False,False,False,False,False,False,False,False,False,False,False,False,False,False,False,False,False,False,False,False,False,False,False,False,False,False,False,False,False,False,False,False,False,False,False,False,False,False,False,False
21,13,0,6,0,15,0,6,0,0,0,2,0,0,0.714285714,0.0,0.285714286,0,3,3.653756708,1,0,False,False,False,False,False,False,False,False,False,False,False,False,False,False,False,False,False,False,False,False,False,False,False,False,False,False,False,False,False,False,False,False,False,False,False,False,False,False,False,False,False,False,False,False,False,False,False,False,False,False,True
16,8,0,3,0,11,0,5,0,0,0,1,0,0,0.6875,0.0,0.3125,0,3,3.327819531,1,0,True,False,False,False,False,False,False,False,False,False,False,False,False,False,False,False,False,False,False,False,False,False,False,False,False,False,False,False,False,False,False,False,False,False,False,False,False,False,False,False,False,False,False,False,False,False,False,False,False,False,False
25,12,0,3,1,19,0,6,0,0,0,2,0,0,0.76,0.0,0.24,1,3,3.67326969,1,0,True,False,False,False,False,False,False,False,False,False,False,False,False,False,False,False,False,False,False,False,False,False,False,False,False,False,False,False,False,False,False,False,False,False,False,False,False,False,False,False,False,False,False,False,False,False,False,False,False,False,False
51,10,0,3,1,45,0,6,0,0,0,2,0,0,0.882352941,0.0,0.117647059,1,3,4.285581108,1,0,True,False,False,False,False,False,False,False,False,False,False,False,False,False,False,False,False,False,False,False,False,False,False,False,False,False,False,False,False,False,False,False,False,False,False,False,False,False,False,False,False,False,False,False,False,False,False,False,False,False,False
26,17,0,3,0,21,0,5,0,0,0,1,0,0,0.807692308,0.0,0.192307692,1,3,3.536414237,1,0,False,True,False,False,False,False,False,False,False,False,False,False,False,False,False,False,False,False,False,False,False,False,False,False,False,False,False,False,False,False,False,False,False,False,False,False,False,False,False,False,False,False,False,False,False,False,False,False,False,False,False
33,9,0,2,2,27,0,6,0,0,0,3,0,0,0.818181818,0.0,0.181818182,1,2,3.861983513,0,0,False,False,False,False,True,False,False,False,False,False,False,False,False,False,False,False,False,False,False,False,False,False,False,False,False,False,False,False,False,False,False,False,False,False,False,False,False,False,False,False,False,False,False,False,False,False,False,False,False,False,False
30,7,0,3,1,23,0,7,0,0,0,3,0,0,0.766666667,0.0,0.233333333,0,3,3.672905595,12,0,False,False,True,False,False,False,False,False,False,False,False,False,False,False,False,False,False,False,False,False,False,False,False,False,False,False,False,False,False,False,False,False,False,False,False,False,False,False,False,False,False,False,False,False,False,False,False,False,False,False,False
21,9,0,3,1,15,0,6,0,0,0,2,0,0,0.714285714,0.0,0.285714286,0,3,3.653756708,1,0,False,True,False,False,False,False,False,False,False,False,False,False,False,False,False,False,False,False,False,False,False,False,False,False,False,False,False,False,False,False,False,False,False,False,False,False,False,False,False,False,False,False,False,False,False,False,False,False,False,False,False
23,10,0,3,1,17,0,6,0,0,0,2,0,0,0.739130435,0.0,0.260869565,1,3,3.936180434,1,0,True,False,False,False,False,False,False,False,False,False,False,False,False,False,False,False,False,False,False,False,False,False,False,False,False,False,False,False,False,False,False,False,False,False,False,False,False,False,False,False,False,False,False,False,False,False,False,False,False,False,False
34,21,0,2,1,27,0,7,0,0,0,2,1,0,0.794117647,0.0,0.205882353,1,3,3.984234165,1,0,False,False,False,False,False,False,False,False,False,False,False,False,False,False,False,False,False,False,False,False,False,False,True,False,False,False,False,False,False,False,False,False,False,False,False,False,False,False,False,False,False,False,False,False,False,False,False,False,False,False,False
32,11,0,3,1,25,0,7,0,0,0,3,0,0,0.78125,0.0,0.21875,0,3,3.905639062,10,0,True,False,False,False,False,False,False,False,False,False,False,False,False,False,False,False,False,False,False,False,False,False,False,False,False,False,False,False,False,False,False,False,False,False,False,False,False,False,False,False,False,False,False,False,False,False,False,False,False,False,False
26,14,0,3,1,20,0,6,0,0,0,2,0,0,0.769230769,0.0,0.230769231,0,3,3.690260391,1,0,True,False,False,False,False,False,False,False,False,False,False,False,False,False,False,False,False,False,False,False,False,False,False,False,False,False,False,False,False,False,False,False,False,False,False,False,False,False,False,False,False,False,False,False,False,False,False,False,False,False,False
49,7,0,3,1,42,0,7,0,0,0,2,1,0,0.857142857,0.0,0.142857143,1,3,4.099631661,8,0,False,False,True,False,False,False,False,False,False,False,False,False,False,False,False,False,False,False,False,False,False,False,False,False,False,False,False,False,False,False,False,False,False,False,False,False,False,False,False,False,False,False,False,False,False,False,False,False,False,False,False
19,7,0,2,1,13,0,6,0,0,0,2,0,0,0.684210526,0.0,0.315789474,0,3,3.326360408,1,0,False,False,False,False,False,False,False,False,False,False,False,False,False,False,False,False,False,False,False,False,False,False,False,True,False,False,False,False,False,False,False,False,False,False,False,False,False,False,False,False,False,False,False,False,False,False,False,False,False,False,False
28,16,0,3,1,22,0,6,0,0,0,2,0,0,0.785714286,0.0,0.214285714,0,3,3.79790269,1,0,False,False,True,False,False,False,False,False,False,False,False,False,False,False,False,False,False,False,False,False,False,False,False,False,False,False,False,False,False,False,False,False,False,False,False,False,False,False,False,False,False,False,False,False,False,False,False,False,False,False,False
18,10,0,2,0,14,0,4,0,0,0,1,0,0,0.777777778,0.0,0.222222222,1,2,3.725480557,0,0,False,False,False,False,False,False,False,False,False,False,False,False,False,False,False,False,False,False,False,False,False,False,False,True,False,False,False,False,False,False,False,False,False,False,False,False,False,False,False,False,False,False,False,False,False,False,False,False,False,False,False
23,11,0,3,1,17,0,6,0,0,0,2,0,0,0.739130435,0.0,0.260869565,0,3,3.849223912,1,0,True,False,False,False,False,False,False,False,False,False,False,False,False,False,False,False,False,False,False,False,False,False,False,False,False,False,False,False,False,False,False,False,False,False,False,False,False,False,False,False,False,False,False,False,False,False,False,False,False,False,False
24,10,0,5,1,17,0,7,0,0,0,3,0,0,0.708333333,0.0,0.291666667,0,3,3.573934896,1,0,False,False,False,False,False,False,False,False,False,False,False,False,False,False,False,False,False,False,False,False,False,False,False,False,False,False,False,False,False,False,False,False,False,False,False,False,False,False,False,False,False,False,False,False,False,False,False,False,False,False,True
23,11,0,3,1,17,0,6,0,0,0,2,0,0,0.739130435,0.0,0.260869565,0,3,3.762267391,1,0,True,False,False,False,False,False,False,False,False,False,False,False,False,False,False,False,False,False,False,False,False,False,False,False,False,False,False,False,False,False,False,False,False,False,False,False,False,False,False,False,False,False,False,False,False,False,False,False,False,False,False
32,20,0,2,1,26,0,6,0,0,0,2,0,0,0.8125,0.0,0.1875,0,3,4.015319531,1,0,False,False,False,True,False,False,False,False,False,False,False,False,False,False,False,False,False,False,False,False,False,False,False,False,False,False,False,False,False,False,False,False,False,False,False,False,False,False,False,False,False,False,False,False,False,False,False,False,False,False,False
28,9,0,3,1,21,0,7,0,0,0,2,0,0,0.75,0.0,0.25,0,4,3.824862958,8,0,False,True,False,False,False,False,False,False,False,False,False,False,False,False,False,False,False,False,False,False,False,False,False,False,False,False,False,False,False,False,False,False,False,False,False,False,False,False,False,False,False,False,False,False,False,False,False,False,False,False,False
30,18,0,5,1,22,0,8,0,0,0,3,1,0,0.733333333,0.0,0.266666667,0,3,3.781076012,1,0,False,False,False,False,False,False,False,False,False,False,False,False,False,False,False,False,False,False,False,False,False,False,False,False,False,False,False,False,False,False,False,False,False,False,False,False,False,False,False,False,False,False,False,False,False,False,False,False,False,False,True
34,22,0,3,1,28,0,6,0,0,0,2,0,0,0.823529412,0.0,0.176470588,0,3,4.175123135,1,0,False,True,False,False,False,False,False,False,False,False,False,False,False,False,False,False,False,False,False,False,False,False,False,False,False,False,False,False,False,False,False,False,False,False,False,False,False,False,False,False,False,False,False,False,False,False,False,False,False,False,False
81,20,0,2,1,44,30,7,0,0,0,2,1,0,0.543209877,0.37037037,0.086419753,0,3,4.915674121,47,0,False,False,False,True,False,False,False,False,False,False,False,False,False,False,False,False,False,False,False,False,False,False,False,False,False,False,False,False,False,False,False,False,False,False,False,False,False,False,False,False,False,False,False,False,False,False,False,False,False,False,False
35,23,0,5,1,27,0,8,0,0,0,3,1,0,0.771428571,0.0,0.228571429,0,3,3.992870517,1,0,False,False,False,False,False,False,False,False,False,False,False,False,False,False,False,False,False,False,False,False,False,False,False,False,False,False,False,False,False,False,False,True,False,False,False,False,False,False,False,False,False,False,False,False,False,False,False,False,False,False,False
36,23,0,9,1,28,0,8,0,0,0,3,1,0,0.777777778,0.0,0.222222222,1,3,4.141604168,1,0,False,False,False,False,False,False,False,False,False,False,False,False,False,False,False,False,False,False,False,False,False,False,False,False,False,False,False,False,False,False,False,False,False,False,False,False,False,False,False,False,False,False,False,False,False,False,False,False,False,False,True
22,15,0,3,0,18,0,4,0,0,0,1,0,0,0.818181818,0.0,0.181818182,0,2,3.732158891,0,0,True,False,False,False,False,False,False,False,False,False,False,False,False,False,False,False,False,False,False,False,False,False,False,False,False,False,False,False,False,False,False,False,False,False,False,False,False,False,False,False,False,False,False,False,False,False,False,False,False,False,False
33,7,0,3,1,23,3,7,0,0,0,2,1,0,0.696969697,0.090909091,0.212121212,1,3,4.112427831,1,0,False,False,False,False,False,False,False,False,False,False,False,False,False,False,False,False,False,False,False,False,False,False,False,False,False,False,False,False,False,False,False,False,True,False,False,False,False,False,False,False,False,False,False,False,False,False,False,False,False,False,False
25,16,0,3,0,20,0,5,0,0,0,1,0,0,0.8,0.0,0.2,1,3,3.509275071,1,0,True,False,False,False,False,False,False,False,False,False,False,False,False,False,False,False,False,False,False,False,False,False,False,False,False,False,False,False,False,False,False,False,False,False,False,False,False,False,False,False,False,False,False,False,False,False,False,False,False,False,False
23,11,0,2,1,16,0,7,0,0,0,2,1,0,0.695652174,0.0,0.304347826,0,3,3.642489673,1,0,False,False,False,False,False,False,True,False,False,False,False,False,False,False,False,False,False,False,False,False,False,False,False,False,False,False,False,False,False,False,False,False,False,False,False,False,False,False,False,False,False,False,False,False,False,False,False,False,False,False,False
25,13,0,3,1,19,0,6,0,0,0,2,0,0,0.76,0.0,0.24,0,3,3.94346519,1,0,False,False,False,False,False,False,False,True,False,False,False,False,False,False,False,False,False,False,False,False,False,False,False,False,False,False,False,False,False,False,False,False,False,False,False,False,False,False,False,False,False,False,False,False,False,False,False,False,False,False,False
25,13,0,2,1,20,0,5,0,0,0,2,0,0,0.8,0.0,0.2,1,2,3.62346519,0,0,False,False,False,False,False,False,False,False,False,False,False,False,False,False,False,False,False,False,False,False,False,False,False,False,False,False,False,False,False,False,True,False,False,False,False,False,False,False,False,False,False,False,False,False,False,False,False,False,False,False,False
25,8,0,3,1,19,0,6,0,0,0,2,0,0,0.76,0.0,0.24,0,3,3.62346519,1,0,False,False,True,False,False,False,False,False,False,False,False,False,False,False,False,False,False,False,False,False,False,False,False,False,False,False,False,False,False,False,False,False,False,False,False,False,False,False,False,False,False,False,False,False,False,False,False,False,False,False,False
23,11,0,2,1,17,0,6,0,0,0,2,0,0,0.739130435,0.0,0.260869565,0,3,3.762267391,1,0,False,False,False,False,False,False,False,False,False,False,False,False,False,False,False,False,False,False,False,False,False,False,False,False,False,False,False,False,False,False,False,False,False,False,False,False,False,False,False,False,False,False,False,False,True,False,False,False,False,False,False
50,10,0,3,1,41,3,6,0,0,0,2,0,0,0.82,0.06,0.12,1,3,4.32836744,1,0,True,False,False,False,False,False,False,False,False,False,False,False,False,False,False,False,False,False,False,False,False,False,False,False,False,False,False,False,False,False,False,False,False,False,False,False,False,False,False,False,False,False,False,False,False,False,False,False,False,False,False
24,11,0,2,1,18,0,6,0,0,0,2,0,0,0.75,0.0,0.25,1,3,3.740601563,1,0,False,False,False,False,False,False,False,False,False,False,False,False,False,False,False,False,False,False,False,False,False,False,False,False,False,False,False,False,False,False,False,False,False,False,False,False,False,False,False,False,False,False,False,True,False,False,False,False,False,False,False
31,19,0,3,1,25,0,6,0,0,0,2,0,0,0.806451613,0.0,0.193548387,0,3,4.082597923,1,0,False,True,False,False,False,False,False,False,False,False,False,False,False,False,False,False,False,False,False,False,False,False,False,False,False,False,False,False,False,False,False,False,False,False,False,False,False,False,False,False,False,False,False,False,False,False,False,False,False,False,False
26,15,0,2,1,21,0,5,0,0,0,2,0,0,0.807692308,0.0,0.192307692,0,2,3.87314068,0,0,False,False,False,False,True,False,False,False,False,False,False,False,False,False,False,False,False,False,False,False,False,False,False,False,False,False,False,False,False,False,False,False,False,False,False,False,False,False,False,False,False,False,False,False,False,False,False,False,False,False,False
21,9,0,3,1,15,0,6,0,0,0,2,0,0,0.714285714,0.0,0.285714286,0,3,3.558518613,1,0,True,False,False,False,False,False,False,False,False,False,False,False,False,False,False,False,False,False,False,False,False,False,False,False,False,False,False,False,False,False,False,False,False,False,False,False,False,False,False,False,False,False,False,False,False,False,False,False,False,False,False
19,11,0,3,0,15,0,4,0,0,0,1,0,0,0.789473684,0.0,0.210526316,1,2,3.281373409,0,0,False,True,False,False,False,False,False,False,False,False,False,False,False,False,False,False,False,False,False,False,False,False,False,False,False,False,False,False,False,False,False,False,False,False,False,False,False,False,False,False,False,False,False,False,False,False,False,False,False,False,False
41,20,0,3,1,33,0,8,0,0,0,2,0,1,0.804878049,0.0,0.195121951,0,4,3.96439553,10,0,True,False,False,False,False,False,False,False,False,False,False,False,False,False,False,False,False,False,False,False,False,False,False,False,False,False,False,False,False,False,False,False,False,False,False,False,False,False,False,False,False,False,False,False,False,False,False,False,False,False,False
31,19,0,3,1,25,0,6,0,0,0,2,0,0,0.806451613,0.0,0.193548387,0,3,4.042433004,1,0,True,False,False,False,False,False,False,False,False,False,False,False,False,False,False,False,False,False,False,False,False,False,False,False,False,False,False,False,False,False,False,False,False,False,False,False,False,False,False,False,False,False,False,False,False,False,False,False,False,False,False
27,14,0,9,1,17,2,8,0,0,0,4,0,0,0.62962963,0.074074074,0.296296296,1,3,3.782122224,1,0,False,False,False,False,False,False,False,False,False,False,False,False,False,False,False,False,False,False,False,False,False,False,False,False,False,False,False,False,False,False,False,False,False,False,False,False,False,False,False,False,False,False,False,False,False,False,False,False,False,False,True
45,10,0,3,1,39,0,6,0,0,0,2,0,0,0.866666667,0.0,0.133333333,1,3,4.163532263,1,0,True,False,False,False,False,False,False,False,False,False,False,False,False,False,False,False,False,False,False,False,False,False,False,False,False,False,False,False,False,False,False,False,False,False,False,False,False,False,False,False,False,False,False,False,False,False,False,False,False,False,False
36,24,0,3,1,30,0,6,0,0,0,2,0,0,0.833333333,0.0,0.166666667,0,3,3.97216346,1,0,False,True,False,False,False,False,False,False,False,False,False,False,False,False,False,False,False,False,False,False,False,False,False,False,False,False,False,False,False,False,False,False,False,False,False,False,False,False,False,False,False,False,False,False,False,False,False,False,False,False,False
21,7,0,2,1,15,0,6,0,0,0,2,0,0,0.714285714,0.0,0.285714286,0,3,3.236857303,3,0,False,False,False,False,False,False,False,False,False,False,False,False,False,False,False,False,False,False,False,False,False,False,False,False,False,False,False,False,False,False,False,False,False,False,False,False,False,False,False,False,False,False,False,False,False,False,False,False,False,False,True
23,13,0,3,0,18,0,5,0,0,0,1,0,0,0.782608696,0.0,0.217391304,0,3,3.762267391,3,0,False,False,True,False,False,False,False,False,False,False,False,False,False,False,False,False,False,False,False,False,False,False,False,False,False,False,False,False,False,False,False,False,False,False,False,False,False,False,False,False,False,False,False,False,False,False,False,False,False,False,False
29,13,0,2,0,22,0,7,0,0,0,1,0,0,0.75862069,0.0,0.24137931,0,5,3.604031755,9,0,False,False,False,False,False,False,False,False,False,False,False,False,False,False,False,False,False,False,False,False,False,False,False,False,False,False,False,False,False,False,False,False,False,False,False,False,False,False,False,False,False,False,False,False,False,False,False,False,False,False,True
23,11,0,3,1,18,0,5,0,0,0,2,0,0,0.782608696,0.0,0.217391304,1,2,3.882045108,0,0,True,False,False,False,False,False,False,False,False,False,False,False,False,False,False,False,False,False,False,False,False,False,False,False,False,False,False,False,False,False,False,False,False,False,False,False,False,False,False,False,False,False,False,False,False,False,False,False,False,False,False
40,11,0,3,1,19,15,6,0,0,0,2,0,0,0.475,0.375,0.15,1,3,4.146439345,16,0,True,False,False,False,False,False,False,False,False,False,False,False,False,False,False,False,False,False,False,False,False,False,False,False,False,False,False,False,False,False,False,False,False,False,False,False,False,False,False,False,False,False,False,False,False,False,False,False,False,False,False
21,7,0,3,2,14,0,7,0,0,0,3,0,0,0.666666667,0.0,0.333333333,0,3,3.427333494,1,0,False,False,True,False,False,False,False,False,False,False,False,False,False,False,False,False,False,False,False,False,False,False,False,False,False,False,False,False,False,False,False,False,False,False,False,False,False,False,False,False,False,False,False,False,False,False,False,False,False,False,False
34,23,0,3,1,29,0,5,0,0,0,2,0,0,0.852941176,0.0,0.147058824,0,2,3.973512754,0,0,True,False,False,False,False,False,False,False,False,False,False,False,False,False,False,False,False,False,False,False,False,False,False,False,False,False,False,False,False,False,False,False,False,False,False,False,False,False,False,False,False,False,False,False,False,False,False,False,False,False,False
24,12,0,6,1,18,0,6,0,0,0,3,0,0,0.75,0.0,0.25,1,2,3.803508855,0,0,False,False,False,False,False,False,False,False,False,False,False,False,False,False,False,False,False,False,False,False,False,False,False,False,False,False,False,False,False,False,False,False,False,False,False,False,False,False,False,False,False,False,False,False,False,False,False,False,False,False,True
18,6,0,2,1,12,0,6,0,0,0,2,0,0,0.666666667,0.0,0.333333333,0,3,3.239097918,1,0,False,False,False,False,False,False,False,False,False,False,True,False,False,False,False,False,False,False,False,False,False,False,False,False,False,False,False,False,False,False,False,False,False,False,False,False,False,False,False,False,False,False,False,False,False,False,False,False,False,False,False
53,16,0,3,0,43,1,9,0,0,0,2,0,0,0.811320755,0.018867925,0.169811321,0,6,4.244350823,30,0,True,False,False,False,False,False,False,False,False,False,False,False,False,False,False,False,False,False,False,False,False,False,False,False,False,False,False,False,False,False,False,False,False,False,False,False,False,False,False,False,False,False,False,False,False,False,False,False,False,False,False
25,12,0,3,1,19,0,6,0,0,0,2,0,0,0.76,0.0,0.24,1,3,3.86346519,1,0,True,False,False,False,False,False,False,False,False,False,False,False,False,False,False,False,False,False,False,False,False,False,False,False,False,False,False,False,False,False,False,False,False,False,False,False,False,False,False,False,False,False,False,False,False,False,False,False,False,False,False
24,9,0,2,1,17,0,7,0,0,0,2,0,0,0.708333333,0.0,0.291666667,0,4,3.605388542,4,0,False,False,False,False,False,False,False,False,False,False,False,False,False,False,False,False,False,False,False,False,True,False,False,False,False,False,False,False,False,False,False,False,False,False,False,False,False,False,False,False,False,False,False,False,False,False,False,False,False,False,False
30,6,0,3,1,24,0,6,0,0,0,2,0,0,0.8,0.0,0.2,0,3,4.031401845,1,0,False,False,True,False,False,False,False,False,False,False,False,False,False,False,False,False,False,False,False,False,False,False,False,False,False,False,False,False,False,False,False,False,False,False,False,False,False,False,False,False,False,False,False,False,False,False,False,False,False,False,False
23,11,0,3,1,17,0,6,0,0,0,2,0,0,0.739130435,0.0,0.260869565,0,3,3.762267391,1,0,True,False,False,False,False,False,False,False,False,False,False,False,False,False,False,False,False,False,False,False,False,False,False,False,False,False,False,False,False,False,False,False,False,False,False,False,False,False,False,False,False,False,False,False,False,False,False,False,False,False,False
45,11,0,3,1,35,3,7,0,0,0,2,1,0,0.777777778,0.066666667,0.155555556,1,3,4.40031053,8,0,True,False,False,False,False,False,False,False,False,False,False,False,False,False,False,False,False,False,False,False,False,False,False,False,False,False,False,False,False,False,False,False,False,False,False,False,False,False,False,False,False,False,False,False,False,False,False,False,False,False,False
44,24,0,2,1,35,0,9,1,1,0,2,1,0,0.795454545,0.0,0.204545455,0,3,4.183546039,1,7,False,False,False,True,False,False,False,False,False,False,False,False,False,False,False,False,False,False,False,False,False,False,False,False,False,False,False,False,False,False,False,False,False,False,False,False,False,False,False,False,False,False,False,False,False,False,False,False,False,False,False
30,11,0,2,1,20,1,9,0,0,0,2,2,0,0.666666667,0.033333333,0.3,0,4,3.706890596,7,0,False,False,False,False,False,False,False,False,False,False,False,False,False,False,False,False,False,False,False,False,False,False,False,False,False,False,False,False,False,False,True,False,False,False,False,False,False,False,False,False,False,False,False,False,False,False,False,False,False,False,False
20,8,0,3,1,15,0,5,0,0,0,2,0,0,0.75,0.0,0.25,1,2,3.246439345,0,0,False,False,False,False,False,False,False,False,True,False,False,False,False,False,False,False,False,False,False,False,False,False,False,False,False,False,False,False,False,False,False,False,False,False,False,False,False,False,False,False,False,False,False,False,False,False,False,False,False,False,False
23,11,0,5,1,16,0,7,0,0,0,3,0,0,0.695652174,0.0,0.304347826,0,3,3.642489673,1,0,False,False,False,False,False,False,False,False,False,False,False,False,False,False,False,False,False,False,False,False,False,False,False,False,False,False,False,False,False,True,False,False,False,False,False,False,False,False,False,False,False,False,False,False,False,False,False,False,False,False,False
24,11,0,5,1,17,0,7,0,0,0,3,0,0,0.708333333,0.0,0.291666667,1,3,3.490601563,1,0,False,False,False,False,False,False,False,False,False,False,False,False,False,False,False,False,False,False,False,False,False,False,False,False,False,False,False,False,False,False,False,False,False,False,False,False,False,False,False,False,False,False,False,False,False,False,False,False,False,False,True
37,25,0,3,1,32,0,5,0,0,0,2,0,0,0.864864865,0.0,0.135135135,1,2,4.111367136,0,0,False,True,False,False,False,False,False,False,False,False,False,False,False,False,False,False,False,False,False,False,False,False,False,False,False,False,False,False,False,False,False,False,False,False,False,False,False,False,False,False,False,False,False,False,False,False,False,False,False,False,False
43,31,0,6,1,36,0,7,0,0,0,3,0,0,0.837209302,0.0,0.162790698,0,3,4.120707418,1,0,False,False,False,False,False,False,False,False,False,False,False,False,False,False,False,False,False,False,False,False,False,False,False,False,False,False,False,False,False,False,False,False,False,False,False,False,False,False,False,False,False,True,False,False,False,False,False,False,False,False,False
23,14,0,3,0,17,0,6,0,0,0,1,1,0,0.739130435,0.0,0.260869565,1,3,3.849223912,1,0,True,False,False,False,False,False,False,False,False,False,False,False,False,False,False,False,False,False,False,False,False,False,False,False,False,False,False,False,False,False,False,False,False,False,False,False,False,False,False,False,False,False,False,False,False,False,False,False,False,False,False
28,16,0,3,1,22,0,6,0,0,0,2,0,0,0.785714286,0.0,0.214285714,0,3,3.770942422,1,0,True,False,False,False,False,False,False,False,False,False,False,False,False,False,False,False,False,False,False,False,False,False,False,False,False,False,False,False,False,False,False,False,False,False,False,False,False,False,False,False,False,False,False,False,False,False,False,False,False,False,False
22,11,0,6,1,15,0,7,0,0,0,3,0,0,0.681818182,0.0,0.318181818,0,3,3.720128777,1,0,False,False,False,False,False,False,False,False,False,False,False,False,False,False,False,False,False,False,False,False,False,False,False,False,False,False,False,False,False,False,False,False,False,False,False,False,False,False,False,False,False,False,False,False,False,False,False,False,False,False,True
28,15,0,3,1,20,0,8,0,0,0,2,2,0,0.714285714,0.0,0.285714286,1,3,3.913799565,1,0,False,True,False,False,False,False,False,False,False,False,False,False,False,False,False,False,False,False,False,False,False,False,False,False,False,False,False,False,False,False,False,False,False,False,False,False,False,False,False,False,False,False,False,False,False,False,False,False,False,False,False
30,11,0,3,1,21,3,6,0,0,0,2,0,0,0.7,0.1,0.2,1,3,4.148394346,1,0,True,False,False,False,False,False,False,False,False,False,False,False,False,False,False,False,False,False,False,False,False,False,False,False,False,False,False,False,False,False,False,False,False,False,False,False,False,False,False,False,False,False,False,False,False,False,False,False,False,False,False
34,21,0,2,1,26,0,8,0,0,0,2,2,0,0.764705882,0.0,0.235294118,1,3,3.939829017,1,0,False,False,False,False,False,False,False,False,False,False,False,False,False,False,False,False,False,False,False,False,False,False,False,False,False,False,False,False,False,False,True,False,False,False,False,False,False,False,False,False,False,False,False,False,False,False,False,False,False,False,False
21,9,0,2,1,15,0,6,0,0,0,2,0,0,0.714285714,0.0,0.285714286,0,3,3.558518613,1,0,False,False,False,False,False,False,False,False,False,False,False,False,False,False,False,False,False,False,False,False,False,False,False,False,False,False,False,False,False,False,True,False,False,False,False,False,False,False,False,False,False,False,False,False,False,False,False,False,False,False,False
29,17,0,5,1,23,0,6,0,0,0,3,0,0,0.793103448,0.0,0.206896552,1,2,3.78834134,0,0,False,False,False,False,False,False,False,False,False,False,False,False,False,False,True,False,False,False,False,False,False,False,False,False,False,False,False,False,False,False,False,False,False,False,False,False,False,False,False,False,False,False,False,False,False,False,False,False,False,False,False
34,10,0,3,1,28,0,6,0,0,0,2,0,0,0.823529412,0.0,0.176470588,1,3,3.914689224,1,0,True,False,False,False,False,False,False,False,False,False,False,False,False,False,False,False,False,False,False,False,False,False,False,False,False,False,False,False,False,False,False,False,False,False,False,False,False,False,False,False,False,False,False,False,False,False,False,False,False,False,False
39,30,0,3,0,34,0,5,0,0,0,1,0,0,0.871794872,0.0,0.128205128,1,3,4.131054783,1,0,True,False,False,False,False,False,False,False,False,False,False,False,False,False,False,False,False,False,False,False,False,False,False,False,False,False,False,False,False,False,False,False,False,False,False,False,False,False,False,False,False,False,False,False,False,False,False,False,False,False,False
39,26,0,3,1,33,0,6,0,0,0,2,0,0,0.846153846,0.0,0.153846154,1,3,4.160420091,1,0,False,True,False,False,False,False,False,False,False,False,False,False,False,False,False,False,False,False,False,False,False,False,False,False,False,False,False,False,False,False,False,False,False,False,False,False,False,False,False,False,False,False,False,False,False,False,False,False,False,False,False
23,11,0,5,1,16,0,7,0,0,0,3,0,0,0.695652174,0.0,0.304347826,0,3,3.315977716,1,0,False,False,False,False,False,False,False,False,False,False,False,False,False,False,False,False,False,False,False,False,False,False,False,False,False,False,False,False,False,False,False,True,False,False,False,False,False,False,False,False,False,False,False,False,False,False,False,False,False,False,False
22,6,0,2,0,16,1,5,0,0,0,1,0,0,0.727272727,0.045454545,0.227272727,1,3,3.936260028,8,0,False,False,False,False,False,False,False,False,False,False,False,False,False,False,False,False,False,False,False,False,False,True,False,False,False,False,False,False,False,False,False,False,False,False,False,False,False,False,False,False,False,False,False,False,False,False,False,False,False,False,False
18,9,0,3,0,13,0,5,0,0,0,1,0,0,0.722222222,0.0,0.277777778,1,3,3.683542362,1,0,False,True,False,False,False,False,False,False,False,False,False,False,False,False,False,False,False,False,False,False,False,False,False,False,False,False,False,False,False,False,False,False,False,False,False,False,False,False,False,False,False,False,False,False,False,False,False,False,False,False,False
18,6,0,3,1,12,0,6,0,0,0,2,0,0,0.666666667,0.0,0.333333333,0,3,3.239097918,1,0,False,False,True,False,False,False,False,False,False,False,False,False,False,False,False,False,False,False,False,False,False,False,False,False,False,False,False,False,False,False,False,False,False,False,False,False,False,False,False,False,False,False,False,False,False,False,False,False,False,False,False
22,10,0,3,1,16,0,6,0,0,0,2,0,0,0.727272727,0.0,0.272727273,0,3,3.697845823,1,0,False,True,False,False,False,False,False,False,False,False,False,False,False,False,False,False,False,False,False,False,False,False,False,False,False,False,False,False,False,False,False,False,False,False,False,False,False,False,False,False,False,False,False,False,False,False,False,False,False,False,False
27,10,0,3,1,16,5,6,0,0,0,2,0,0,0.592592593,0.185185185,0.222222222,1,3,4.106377317,1,0,True,False,False,False,False,False,False,False,False,False,False,False,False,False,False,False,False,False,False,False,False,False,False,False,False,False,False,False,False,False,False,False,False,False,False,False,False,False,False,False,False,False,False,False,False,False,False,False,False,False,False
32,10,0,3,1,26,0,6,0,0,0,2,0,0,0.8125,0.0,0.1875,1,3,4.116729297,1,0,True,False,False,False,False,False,False,False,False,False,False,False,False,False,False,False,False,False,False,False,False,False,False,False,False,False,False,False,False,False,False,False,False,False,False,False,False,False,False,False,False,False,False,False,False,False,False,False,False,False,False
37,6,0,2,0,23,7,7,1,1,0,1,0,0,0.621621622,0.189189189,0.189189189,1,3,4.628108095,8,14,False,False,False,False,False,False,False,False,False,False,False,False,False,False,False,False,False,False,False,False,False,True,False,False,False,False,False,False,False,False,False,False,False,False,False,False,False,False,False,False,False,False,False,False,False,False,False,False,False,False,False
37,28,0,3,0,32,0,5,0,0,0,1,0,0,0.864864865,0.0,0.135135135,1,3,3.915553285,1,0,False,True,False,False,False,False,False,False,False,False,False,False,False,False,False,False,False,False,False,False,False,False,False,False,False,False,False,False,False,False,False,False,False,False,False,False,False,False,False,False,False,False,False,False,False,False,False,False,False,False,False
34,19,0,3,0,27,0,7,0,0,0,2,1,0,0.794117647,0.0,0.205882353,1,3,3.858802914,7,0,True,False,False,False,False,False,False,False,False,False,False,False,False,False,False,False,False,False,False,False,False,False,False,False,False,False,False,False,False,False,False,False,False,False,False,False,False,False,False,False,False,False,False,False,False,False,False,False,False,False,False
43,24,0,3,1,37,0,6,0,0,0,2,0,0,0.860465116,0.0,0.139534884,0,3,4.239763592,1,0,False,True,False,False,False,False,False,False,False,False,False,False,False,False,False,False,False,False,False,False,False,False,False,False,False,False,False,False,False,False,False,False,False,False,False,False,False,False,False,False,False,False,False,False,False,False,False,False,False,False,False
34,22,0,3,1,28,0,6,0,0,0,2,0,0,0.823529412,0.0,0.176470588,0,3,4.116299606,1,0,False,True,False,False,False,False,False,False,False,False,False,False,False,False,False,False,False,False,False,False,False,False,False,False,False,False,False,False,False,False,False,False,False,False,False,False,False,False,False,False,False,False,False,False,False,False,False,False,False,False,False
32,10,0,3,1,25,0,7,0,0,0,2,1,0,0.78125,0.0,0.21875,1,3,4.038909766,1,0,True,False,False,False,False,False,False,False,False,False,False,False,False,False,False,False,False,False,False,False,False,False,False,False,False,False,False,False,False,False,False,False,False,False,False,False,False,False,False,False,False,False,False,False,False,False,False,False,False,False,False
27,14,0,2,1,21,0,6,0,0,0,2,0,0,0.777777778,0.0,0.222222222,1,3,3.828237502,1,0,False,False,False,False,False,False,False,False,False,False,False,False,False,False,False,False,False,False,False,False,False,False,True,False,False,False,False,False,False,False,False,False,False,False,False,False,False,False,False,False,False,False,False,False,False,False,False,False,False,False,False
32,19,0,3,1,25,0,7,0,0,0,2,1,0,0.78125,0.0,0.21875,1,3,3.905639062,1,0,True,False,False,False,False,False,False,False,False,False,False,False,False,False,False,False,False,False,False,False,False,False,False,False,False,False,False,False,False,False,False,False,False,False,False,False,False,False,False,False,False,False,False,False,False,False,False,False,False,False,False
16,8,0,3,0,11,0,5,0,0,0,1,0,0,0.6875,0.0,0.3125,0,3,3.452819531,1,0,False,False,True,False,False,False,False,False,False,False,False,False,False,False,False,False,False,False,False,False,False,False,False,False,False,False,False,False,False,False,False,False,False,False,False,False,False,False,False,False,False,False,False,False,False,False,False,False,False,False,False
31,22,0,3,0,26,0,5,0,0,0,1,0,0,0.838709677,0.0,0.161290323,1,3,4.018081794,1,0,True,False,False,False,False,False,False,False,False,False,False,False,False,False,False,False,False,False,False,False,False,False,False,False,False,False,False,False,False,False,False,False,False,False,False,False,False,False,False,False,False,False,False,False,False,False,False,False,False,False,False
25,17,0,6,0,19,0,6,0,0,0,2,0,0,0.76,0.0,0.24,0,3,3.86346519,1,0,False,False,False,False,False,False,False,False,False,False,False,False,False,False,False,False,False,False,False,False,False,False,False,False,False,False,False,False,False,False,False,False,False,False,False,False,False,False,False,False,False,False,False,False,False,False,False,False,False,False,True
25,13,0,3,1,19,0,6,0,0,0,2,0,0,0.76,0.0,0.24,0,3,3.803074189,1,0,True,False,False,False,False,False,False,False,False,False,False,False,False,False,False,False,False,False,False,False,False,False,False,False,False,False,False,False,False,False,False,False,False,False,False,False,False,False,False,False,False,False,False,False,False,False,False,False,False,False,False
26,13,0,3,1,20,0,6,0,0,0,2,0,0,0.769230769,0.0,0.230769231,1,3,3.690260391,1,0,True,False,False,False,False,False,False,False,False,False,False,False,False,False,False,False,False,False,False,False,False,False,False,False,False,False,False,False,False,False,False,False,False,False,False,False,False,False,False,False,False,False,False,False,False,False,False,False,False,False,False
28,13,0,3,1,21,0,7,0,0,0,2,0,0,0.75,0.0,0.25,0,4,3.682005815,4,0,True,False,False,False,False,False,False,False,False,False,False,False,False,False,False,False,False,False,False,False,False,False,False,False,False,False,False,False,False,False,False,False,False,False,False,False,False,False,False,False,False,False,False,False,False,False,False,False,False,False,False
27,14,0,3,1,21,0,6,0,0,0,2,0,0,0.777777778,0.0,0.222222222,1,3,4.004344446,1,0,False,False,True,False,False,False,False,False,False,False,False,False,False,False,False,False,False,False,False,False,False,False,False,False,False,False,False,False,False,False,False,False,False,False,False,False,False,False,False,False,False,False,False,False,False,False,False,False,False,False,False
35,23,0,3,1,30,0,5,0,0,0,2,0,0,0.857142857,0.0,0.142857143,1,2,4.068728289,0,0,False,True,False,False,False,False,False,False,False,False,False,False,False,False,False,False,False,False,False,False,False,False,False,False,False,False,False,False,False,False,False,False,False,False,False,False,False,False,False,False,False,False,False,False,False,False,False,False,False,False,False
28,16,0,3,1,22,0,6,0,0,0,2,0,0,0.785714286,0.0,0.214285714,0,3,3.815410725,1,0,True,False,False,False,False,False,False,False,False,False,False,False,False,False,False,False,False,False,False,False,False,False,False,False,False,False,False,False,False,False,False,False,False,False,False,False,False,False,False,False,False,False,False,False,False,False,False,False,False,False,False
25,6,0,3,1,18,0,7,0,0,0,2,0,0,0.72,0.0,0.28,1,4,3.62346519,7,0,False,False,False,False,False,False,False,True,False,False,False,False,False,False,False,False,False,False,False,False,False,False,False,False,False,False,False,False,False,False,False,False,False,False,False,False,False,False,False,False,False,False,False,False,False,False,False,False,False,False,False
31,22,0,6,0,25,0,6,0,0,0,2,0,0,0.806451613,0.0,0.193548387,1,3,3.864698326,1,0,False,False,False,False,False,False,False,False,False,False,False,False,False,False,False,False,False,False,False,False,False,False,False,False,False,False,False,False,False,False,False,False,False,False,False,False,False,False,False,False,False,False,False,False,False,False,False,False,False,False,True
36,23,0,3,1,30,0,6,0,0,0,2,0,0,0.833333333,0.0,0.166666667,1,3,3.919381946,1,0,True,False,False,False,False,False,False,False,False,False,False,False,False,False,False,False,False,False,False,False,False,False,False,False,False,False,False,False,False,False,False,False,False,False,False,False,False,False,False,False,False,False,False,False,False,False,False,False,False,False,False
33,18,0,5,1,24,0,9,0,0,0,3,1,0,0.727272727,0.0,0.272727273,0,4,3.983195634,4,0,False,False,False,False,False,False,False,False,False,False,False,False,False,False,True,False,False,False,False,False,False,False,False,False,False,False,False,False,False,False,False,False,False,False,False,False,False,False,False,False,False,False,False,False,False,False,False,False,False,False,False
16,7,0,3,0,11,0,5,0,0,0,1,0,0,0.6875,0.0,0.3125,1,3,3.280639062,1,0,False,False,True,False,False,False,False,False,False,False,False,False,False,False,False,False,False,False,False,False,False,False,False,False,False,False,False,False,False,False,False,False,False,False,False,False,False,False,False,False,False,False,False,False,False,False,False,False,False,False,False
25,13,0,3,1,19,0,6,0,0,0,2,0,0,0.76,0.0,0.24,0,3,3.723074189,1,0,False,False,True,False,False,False,False,False,False,False,False,False,False,False,False,False,False,False,False,False,False,False,False,False,False,False,False,False,False,False,False,False,False,False,False,False,False,False,False,False,False,False,False,False,False,False,False,False,False,False,False
32,16,0,6,1,25,0,7,0,0,0,3,0,0,0.78125,0.0,0.21875,0,3,3.929229297,1,0,False,False,False,False,False,False,False,False,False,False,False,False,False,False,False,False,False,False,False,False,False,False,False,False,False,False,False,False,False,False,False,False,False,False,False,False,False,False,False,False,False,False,False,False,False,False,False,False,False,False,True
28,15,0,3,1,21,0,7,0,0,0,2,1,0,0.75,0.0,0.25,1,3,4.012188404,1,0,True,False,False,False,False,False,False,False,False,False,False,False,False,False,False,False,False,False,False,False,False,False,False,False,False,False,False,False,False,False,False,False,False,False,False,False,False,False,False,False,False,False,False,False,False,False,False,False,False,False,False
36,10,0,5,2,27,0,9,0,0,0,4,1,0,0.75,0.0,0.25,0,3,3.988554862,1,0,False,False,False,False,False,False,False,False,False,False,False,False,False,False,False,False,False,False,False,False,False,False,False,False,False,False,False,False,False,False,False,False,False,False,False,False,False,False,False,False,False,False,False,False,False,False,False,False,False,False,True
44,9,0,2,1,34,0,10,1,1,0,3,0,0,0.772727273,0.0,0.227272727,0,4,4.220128777,19,5,False,False,False,False,False,False,False,False,False,False,False,False,False,False,False,False,False,False,False,False,False,False,True,False,False,False,False,False,False,False,False,False,False,False,False,False,False,False,False,False,False,False,False,False,False,False,False,False,False,False,False
20,11,0,3,0,14,1,5,0,0,0,1,0,0,0.7,0.05,0.25,1,3,3.78418372,1,0,True,False,False,False,False,False,False,False,False,False,False,False,False,False,False,False,False,False,False,False,False,False,False,False,False,False,False,False,False,False,False,False,False,False,False,False,False,False,False,False,False,False,False,False,False,False,False,False,False,False,False
20,7,0,3,1,14,0,6,0,0,0,2,0,0,0.7,0.0,0.3,1,3,3.30869497,1,0,True,False,False,False,False,False,False,False,False,False,False,False,False,False,False,False,False,False,False,False,False,False,False,False,False,False,False,False,False,False,False,False,False,False,False,False,False,False,False,False,False,False,False,False,False,False,False,False,False,False,False
20,6,0,2,0,15,0,5,0,0,0,1,0,0,0.75,0.0,0.25,1,3,3.58418372,6,0,False,False,False,False,False,False,False,False,False,False,False,False,False,False,False,False,False,False,False,False,False,False,False,False,False,False,False,False,False,False,False,False,False,False,False,False,False,False,False,False,False,False,False,False,False,False,False,False,False,False,True
41,16,0,3,0,33,0,8,1,1,0,2,0,0,0.804878049,0.0,0.195121951,0,3,4.045980358,10,7,False,True,False,False,False,False,False,False,False,False,False,False,False,False,False,False,False,False,False,False,False,False,False,False,False,False,False,False,False,False,False,False,False,False,False,False,False,False,False,False,False,False,False,False,False,False,False,False,False,False,False
22,9,0,3,1,16,0,6,0,0,0,2,0,0,0.727272727,0.0,0.272727273,1,3,3.572623664,1,0,True,False,False,False,False,False,False,False,False,False,False,False,False,False,False,False,False,False,False,False,False,False,False,False,False,False,False,False,False,False,False,False,False,False,False,False,False,False,False,False,False,False,False,False,False,False,False,False,False,False,False
43,6,0,2,1,35,0,8,0,0,0,2,2,0,0.813953488,0.0,0.186046512,1,3,4.182452116,1,0,False,False,False,False,False,False,False,False,False,False,False,False,False,False,False,False,False,False,False,False,False,False,False,False,False,False,False,False,False,False,False,False,False,False,False,False,False,False,True,False,False,False,False,False,False,False,False,False,False,False,False
48,10,0,3,1,39,3,6,0,0,0,2,0,0,0.8125,0.0625,0.125,1,3,4.188388283,1,0,True,False,False,False,False,False,False,False,False,False,False,False,False,False,False,False,False,False,False,False,False,False,False,False,False,False,False,False,False,False,False,False,False,False,False,False,False,False,False,False,False,False,False,False,False,False,False,False,False,False,False
30,18,0,3,1,24,0,6,0,0,0,2,0,0,0.8,0.0,0.2,0,3,3.939572262,1,0,True,False,False,False,False,False,False,False,False,False,False,False,False,False,False,False,False,False,False,False,False,False,False,False,False,False,False,False,False,False,False,False,False,False,False,False,False,False,False,False,False,False,False,False,False,False,False,False,False,False,False
98,32,0,2,1,81,1,16,0,0,0,3,6,0,0.826530612,0.010204082,0.163265306,1,6,4.19315751,54,0,False,False,False,True,False,False,False,False,False,False,False,False,False,False,False,False,False,False,False,False,False,False,False,False,False,False,False,False,False,False,False,False,False,False,False,False,False,False,False,False,False,False,False,False,False,False,False,False,False,False,False
23,12,0,3,1,18,0,5,0,0,0,2,0,0,0.782608696,0.0,0.217391304,0,2,3.882045108,0,0,True,False,False,False,False,False,False,False,False,False,False,False,False,False,False,False,False,False,False,False,False,False,False,False,False,False,False,False,False,False,False,False,False,False,False,False,False,False,False,False,False,False,False,False,False,False,False,False,False,False,False
26,14,0,6,1,19,0,7,0,0,0,3,0,0,0.730769231,0.0,0.269230769,0,3,3.584303179,1,0,False,False,False,False,False,False,False,False,False,False,False,False,False,False,False,False,False,False,False,False,False,False,False,False,False,True,False,False,False,False,False,False,False,False,False,False,False,False,False,False,False,False,False,False,False,False,False,False,False,False,False
36,11,0,3,1,28,0,8,0,0,0,3,0,0,0.777777778,0.0,0.222222222,0,4,4.030493057,14,0,True,False,False,False,False,False,False,False,False,False,False,False,False,False,False,False,False,False,False,False,False,False,False,False,False,False,False,False,False,False,False,False,False,False,False,False,False,False,False,False,False,False,False,False,False,False,False,False,False,False,False
25,12,0,2,1,18,0,7,0,0,0,2,1,0,0.72,0.0,0.28,1,3,3.75326969,1,0,False,False,False,False,True,False,False,False,False,False,False,False,False,False,False,False,False,False,False,False,False,False,False,False,False,False,False,False,False,False,False,False,False,False,False,False,False,False,False,False,False,False,False,False,False,False,False,False,False,False,False
58,11,0,3,1,42,7,9,0,0,0,2,2,1,0.724137931,0.120689655,0.155172414,1,3,4.792904486,29,0,True,False,False,False,False,False,False,False,False,False,False,False,False,False,False,False,False,False,False,False,False,False,False,False,False,False,False,False,False,False,False,False,False,False,False,False,False,False,False,False,False,False,False,False,False,False,False,False,False,False,False
22,9,0,3,1,16,0,6,0,0,0,2,0,0,0.727272727,0.0,0.272727273,1,3,3.663532755,1,0,False,True,False,False,False,False,False,False,False,False,False,False,False,False,False,False,False,False,False,False,False,False,False,False,False,False,False,False,False,False,False,False,False,False,False,False,False,False,False,False,False,False,False,False,False,False,False,False,False,False,False
27,15,0,3,1,21,0,6,0,0,0,2,0,0,0.777777778,0.0,0.222222222,0,3,3.884155095,1,0,False,True,False,False,False,False,False,False,False,False,False,False,False,False,False,False,False,False,False,False,False,False,False,False,False,False,False,False,False,False,False,False,False,False,False,False,False,False,False,False,False,False,False,False,False,False,False,False,False,False,False
33,7,0,3,1,27,0,6,0,0,0,2,0,0,0.818181818,0.0,0.181818182,0,3,3.824252831,15,0,False,True,False,False,False,False,False,False,False,False,False,False,False,False,False,False,False,False,False,False,False,False,False,False,False,False,False,False,False,False,False,False,False,False,False,False,False,False,False,False,False,False,False,False,False,False,False,False,False,False,False
31,18,0,3,1,25,0,6,0,0,0,2,0,0,0.806451613,0.0,0.193548387,1,3,3.889049536,1,0,True,False,False,False,False,False,False,False,False,False,False,False,False,False,False,False,False,False,False,False,False,False,False,False,False,False,False,False,False,False,False,False,False,False,False,False,False,False,False,False,False,False,False,False,False,False,False,False,False,False,False
34,8,0,2,1,25,1,8,0,0,0,3,0,0,0.735294118,0.029411765,0.235294118,0,4,3.844384532,15,0,False,False,False,False,False,False,False,False,False,False,True,False,False,False,False,False,False,False,False,False,False,False,False,False,False,False,False,False,False,False,False,False,False,False,False,False,False,False,False,False,False,False,False,False,False,False,False,False,False,False,False
34,11,0,6,1,25,0,9,1,1,0,3,0,0,0.735294118,0.0,0.264705882,0,3,3.998652547,1,9,False,False,False,False,False,False,False,False,False,False,False,False,False,False,False,False,False,False,False,False,False,False,False,False,False,False,False,False,False,False,False,False,False,False,False,False,False,False,False,False,False,False,False,False,False,False,False,False,False,False,True
31,19,0,2,1,25,0,6,0,0,0,2,0,0,0.806451613,0.0,0.193548387,0,3,3.800182197,1,0,False,False,False,False,False,False,False,False,False,False,True,False,False,False,False,False,False,False,False,False,False,False,False,False,False,False,False,False,False,False,False,False,False,False,False,False,False,False,False,False,False,False,False,False,False,False,False,False,False,False,False
39,9,0,3,1,30,0,9,0,0,0,2,3,0,0.769230769,0.0,0.230769231,1,3,3.916579706,1,0,False,False,False,False,False,False,False,False,False,True,False,False,False,False,False,False,False,False,False,False,False,False,False,False,False,False,False,False,False,False,False,False,False,False,False,False,False,False,False,False,False,False,False,False,False,False,False,False,False,False,False
29,6,0,3,2,22,0,7,0,0,0,3,0,0,0.75862069,0.0,0.24137931,1,3,3.650410305,1,0,False,False,False,False,False,False,False,True,False,False,False,False,False,False,False,False,False,False,False,False,False,False,False,False,False,False,False,False,False,False,False,False,False,False,False,False,False,False,False,False,False,False,False,False,False,False,False,False,False,False,False
175,10,0,3,1,132,20,23,3,1,2,2,3,2,0.754285714,0.114285714,0.131428571,1,7,5.55413286,108,43,True,False,False,False,False,False,False,False,False,False,False,False,False,False,False,False,False,False,False,False,False,False,False,False,False,False,False,False,False,False,False,False,False,False,False,False,False,False,False,False,False,False,False,False,False,False,False,False,False,False,False
16,8,0,3,0,11,0,5,0,0,0,1,0,0,0.6875,0.0,0.3125,0,3,3.452819531,1,0,True,False,False,False,False,False,False,False,False,False,False,False,False,False,False,False,False,False,False,False,False,False,False,False,False,False,False,False,False,False,False,False,False,False,False,False,False,False,False,False,False,False,False,False,False,False,False,False,False,False,False
89,11,0,3,1,77,0,12,0,0,0,2,4,0,0.865168539,0.0,0.134831461,1,5,4.180669451,66,0,False,False,False,False,False,False,False,False,False,False,False,False,False,False,False,False,False,False,False,False,False,False,False,False,False,False,False,False,False,False,False,False,False,False,False,False,False,False,False,False,False,False,False,False,False,False,False,False,False,False,True
18,6,0,3,1,13,0,5,0,0,0,2,0,0,0.722222222,0.0,0.277777778,1,2,3.503258335,0,0,False,False,False,False,False,False,False,True,False,False,False,False,False,False,False,False,False,False,False,False,False,False,False,False,False,False,False,False,False,False,False,False,False,False,False,False,False,False,False,False,False,False,False,False,False,False,False,False,False,False,False
38,8,0,4,0,31,0,7,0,0,0,1,1,0,0.815789474,0.0,0.184210526,1,4,4.007942896,22,0,False,False,False,False,False,False,False,False,False,False,False,False,False,False,False,False,False,False,False,False,False,False,False,False,False,False,False,False,False,False,False,False,False,False,False,False,False,False,False,False,False,False,False,False,False,False,False,False,False,False,True
22,14,0,3,0,18,0,4,0,0,0,1,0,0,0.818181818,0.0,0.181818182,1,2,3.879664005,0,0,True,False,False,False,False,False,False,False,False,False,False,False,False,False,False,False,False,False,False,False,False,False,False,False,False,False,False,False,False,False,False,False,False,False,False,False,False,False,False,False,False,False,False,False,False,False,False,False,False,False,False
20,8,0,2,1,14,0,6,0,0,0,2,0,0,0.7,0.0,0.3,0,3,3.270950594,1,0,False,False,False,False,False,False,False,False,False,False,False,False,False,False,False,False,False,False,False,False,False,False,False,False,False,False,False,False,False,False,False,False,False,False,False,False,False,False,False,False,False,False,False,False,False,False,False,False,False,False,True
30,21,0,3,0,25,0,5,0,0,0,1,0,0,0.833333333,0.0,0.166666667,1,3,3.822579762,1,0,True,False,False,False,False,False,False,False,False,False,False,False,False,False,False,False,False,False,False,False,False,False,False,False,False,False,False,False,False,False,False,False,False,False,False,False,False,False,False,False,False,False,False,False,False,False,False,False,False,False,False
21,9,0,3,1,15,0,6,0,0,0,2,0,0,0.714285714,0.0,0.285714286,0,3,3.403989446,1,0,False,False,True,False,False,False,False,False,False,False,False,False,False,False,False,False,False,False,False,False,False,False,False,False,False,False,False,False,False,False,False,False,False,False,False,False,False,False,False,False,False,False,False,False,False,False,False,False,False,False,False
22,13,0,3,0,17,0,5,0,0,0,1,0,0,0.772727273,0.0,0.227272727,1,3,3.629219687,1,0,True,False,False,False,False,False,False,False,False,False,False,False,False,False,False,False,False,False,False,False,False,False,False,False,False,False,False,False,False,False,False,False,False,False,False,False,False,False,False,False,False,False,False,False,False,False,False,False,False,False,False
22,10,0,3,1,17,0,5,0,0,0,2,0,0,0.772727273,0.0,0.227272727,1,2,3.879664005,0,0,True,False,False,False,False,False,False,False,False,False,False,False,False,False,False,False,False,False,False,False,False,False,False,False,False,False,False,False,False,False,False,False,False,False,False,False,False,False,False,False,False,False,False,False,False,False,False,False,False,False,False
35,9,0,3,1,26,0,9,0,0,0,2,1,0,0.742857143,0.0,0.257142857,1,5,3.968449003,14,0,True,False,False,False,False,False,False,False,False,False,False,False,False,False,False,False,False,False,False,False,False,False,False,False,False,False,False,False,False,False,False,False,False,False,False,False,False,False,False,False,False,False,False,False,False,False,False,False,False,False,False
110,14,0,4,1,77,5,28,3,1,2,5,2,9,0.7,0.045454545,0.254545455,1,3,4.683581596,18,45,False,False,False,False,False,False,False,False,False,False,False,False,False,False,False,False,False,False,False,False,False,False,False,False,False,False,False,False,False,False,False,False,False,False,False,False,False,False,False,False,False,False,False,False,False,False,False,False,False,False,True
19,7,0,2,1,13,0,6,0,0,0,2,0,0,0.684210526,0.0,0.315789474,0,3,3.536886724,1,0,False,False,False,False,False,False,False,False,False,False,False,False,False,False,False,False,False,False,False,True,False,False,False,False,False,False,False,False,False,False,False,False,False,False,False,False,False,False,False,False,False,False,False,False,False,False,False,False,False,False,False
24,12,0,6,1,17,0,7,0,0,0,3,0,0,0.708333333,0.0,0.291666667,0,3,3.54248125,1,0,False,False,False,False,False,False,False,False,False,False,False,False,False,False,False,False,False,False,False,False,False,False,False,False,False,False,False,False,False,False,False,False,False,False,False,False,False,False,False,False,False,False,False,False,False,False,False,False,False,False,True
24,7,0,2,1,18,0,6,0,0,0,2,0,0,0.75,0.0,0.25,1,3,3.65726823,5,0,False,False,False,False,False,False,False,False,False,False,False,False,False,False,False,False,False,False,False,True,False,False,False,False,False,False,False,False,False,False,False,False,False,False,False,False,False,False,False,False,False,False,False,False,False,False,False,False,False,False,False
29,16,0,3,1,23,0,6,0,0,0,2,0,0,0.793103448,0.0,0.206896552,1,3,3.995237891,1,0,True,False,False,False,False,False,False,False,False,False,False,False,False,False,False,False,False,False,False,False,False,False,False,False,False,False,False,False,False,False,False,False,False,False,False,False,False,False,False,False,False,False,False,False,False,False,False,False,False,False,False
24,12,0,5,1,17,0,7,0,0,0,3,0,0,0.708333333,0.0,0.291666667,0,3,3.740601563,1,0,False,False,False,False,False,False,False,False,False,False,False,False,False,False,False,False,False,False,False,False,False,False,False,False,False,False,False,False,False,False,False,False,False,False,False,True,False,False,False,False,False,False,False,False,False,False,False,False,False,False,False
27,14,0,3,1,22,0,5,0,0,0,2,0,0,0.814814815,0.0,0.185185185,1,2,3.633974076,0,0,False,True,False,False,False,False,False,False,False,False,False,False,False,False,False,False,False,False,False,False,False,False,False,False,False,False,False,False,False,False,False,False,False,False,False,False,False,False,False,False,False,False,False,False,False,False,False,False,False,False,False
25,10,0,3,1,17,0,8,0,0,0,2,1,0,0.68,0.0,0.32,0,4,3.89366069,4,0,True,False,False,False,False,False,False,False,False,False,False,False,False,False,False,False,False,False,False,False,False,False,False,False,False,False,False,False,False,False,False,False,False,False,False,False,False,False,False,False,False,False,False,False,False,False,False,False,False,False,False
20,8,0,2,1,14,0,6,0,0,0,2,0,0,0.7,0.0,0.3,0,3,3.546439345,1,0,False,False,False,False,False,False,False,False,False,False,False,False,False,False,False,False,False,False,False,False,False,False,False,True,False,False,False,False,False,False,False,False,False,False,False,False,False,False,False,False,False,False,False,False,False,False,False,False,False,False,False
36,9,0,3,1,27,0,9,0,0,0,2,3,0,0.75,0.0,0.25,1,3,3.995906598,1,0,False,False,False,False,False,False,False,False,False,True,False,False,False,False,False,False,False,False,False,False,False,False,False,False,False,False,False,False,False,False,False,False,False,False,False,False,False,False,False,False,False,False,False,False,False,False,False,False,False,False,False
30,12,0,2,1,21,3,6,0,0,0,2,0,0,0.7,0.1,0.2,1,3,4.098068512,1,0,False,False,False,False,False,False,False,False,False,False,False,False,False,False,False,False,False,False,False,False,False,False,False,False,False,False,False,False,False,False,False,False,False,False,False,False,False,True,False,False,False,False,False,False,False,False,False,False,False,False,False
23,14,0,3,0,17,0,6,0,0,0,1,1,0,0.739130435,0.0,0.260869565,1,3,3.816402717,1,0,True,False,False,False,False,False,False,False,False,False,False,False,False,False,False,False,False,False,False,False,False,False,False,False,False,False,False,False,False,False,False,False,False,False,False,False,False,False,False,False,False,False,False,False,False,False,False,False,False,False,False
21,9,0,3,1,16,0,5,0,0,0,2,0,0,0.761904762,0.0,0.238095238,1,2,3.558518613,0,0,True,False,False,False,False,False,False,False,False,False,False,False,False,False,False,False,False,False,False,False,False,False,False,False,False,False,False,False,False,False,False,False,False,False,False,False,False,False,False,False,False,False,False,False,False,False,False,False,False,False,False
20,11,0,3,0,15,0,5,0,0,0,1,0,0,0.75,0.0,0.25,1,3,3.646439345,1,0,False,True,False,False,False,False,False,False,False,False,False,False,False,False,False,False,False,False,False,False,False,False,False,False,False,False,False,False,False,False,False,False,False,False,False,False,False,False,False,False,False,False,False,False,False,False,False,False,False,False,False
23,11,0,2,1,17,0,6,0,0,0,2,0,0,0.739130435,0.0,0.260869565,0,3,3.501397825,1,0,False,False,False,False,False,False,False,False,False,False,False,False,False,False,False,False,False,False,False,False,False,False,False,False,False,False,False,False,False,False,False,False,False,False,False,False,False,False,False,False,False,False,False,True,False,False,False,False,False,False,False
35,23,0,6,1,28,0,7,0,0,0,3,0,0,0.8,0.0,0.2,0,3,4.006876945,1,0,False,False,False,False,False,False,False,False,False,False,False,False,False,False,False,False,False,False,False,False,False,False,False,False,False,False,False,False,False,False,False,False,False,False,False,False,False,False,False,False,False,False,False,False,False,False,False,False,False,False,True
57,19,0,3,1,49,0,8,0,0,0,2,0,0,0.859649123,0.0,0.140350877,1,5,4.084666497,26,0,True,False,False,False,False,False,False,False,False,False,False,False,False,False,False,False,False,False,False,False,False,False,False,False,False,False,False,False,False,False,False,False,False,False,False,False,False,False,False,False,False,False,False,False,False,False,False,False,False,False,False
22,9,0,3,1,16,0,6,0,0,0,2,0,0,0.727272727,0.0,0.272727273,1,3,3.533771256,1,0,False,True,False,False,False,False,False,False,False,False,False,False,False,False,False,False,False,False,False,False,False,False,False,False,False,False,False,False,False,False,False,False,False,False,False,False,False,False,False,False,False,False,False,False,False,False,False,False,False,False,False
48,22,0,3,1,39,1,8,0,0,0,3,0,0,0.8125,0.020833333,0.166666667,1,4,4.448934896,14,0,False,True,False,False,False,False,False,False,False,False,False,False,False,False,False,False,False,False,False,False,False,False,False,False,False,False,False,False,False,False,False,False,False,False,False,False,False,False,False,False,False,False,False,False,False,False,False,False,False,False,False
20,8,0,3,1,14,0,6,0,0,0,2,0,0,0.7,0.0,0.3,0,3,3.40869497,1,0,False,False,True,False,False,False,False,False,False,False,False,False,False,False,False,False,False,False,False,False,False,False,False,False,False,False,False,False,False,False,False,False,False,False,False,False,False,False,False,False,False,False,False,False,False,False,False,False,False,False,False
23,15,0,3,0,18,0,5,0,0,0,1,0,0,0.782608696,0.0,0.217391304,0,3,3.708132065,1,0,True,False,False,False,False,False,False,False,False,False,False,False,False,False,False,False,False,False,False,False,False,False,False,False,False,False,False,False,False,False,False,False,False,False,False,False,False,False,False,False,False,False,False,False,False,False,False,False,False,False,False
23,15,0,2,0,18,0,5,0,0,0,1,0,0,0.782608696,0.0,0.217391304,0,3,3.96900163,1,0,False,False,False,False,False,False,True,False,False,False,False,False,False,False,False,False,False,False,False,False,False,False,False,False,False,False,False,False,False,False,False,False,False,False,False,False,False,False,False,False,False,False,False,False,False,False,False,False,False,False,False
30,22,0,2,0,25,0,5,0,0,0,1,0,0,0.833333333,0.0,0.166666667,0,3,3.672905595,1,0,False,False,False,False,False,False,False,False,False,False,False,False,False,False,False,False,False,False,False,True,False,False,False,False,False,False,False,False,False,False,False,False,False,False,False,False,False,False,False,False,False,False,False,False,False,False,False,False,False,False,False
34,21,0,3,1,28,0,6,0,0,0,2,0,0,0.823529412,0.0,0.176470588,1,3,4.057476076,1,0,False,True,False,False,False,False,False,False,False,False,False,False,False,False,False,False,False,False,False,False,False,False,False,False,False,False,False,False,False,False,False,False,False,False,False,False,False,False,False,False,False,False,False,False,False,False,False,False,False,False,False
20,8,0,3,1,14,0,6,0,0,0,2,0,0,0.7,0.0,0.3,0,3,3.546439345,1,0,False,True,False,False,False,False,False,False,False,False,False,False,False,False,False,False,False,False,False,False,False,False,False,False,False,False,False,False,False,False,False,False,False,False,False,False,False,False,False,False,False,False,False,False,False,False,False,False,False,False,False
27,15,0,3,1,21,0,6,0,0,0,2,0,0,0.777777778,0.0,0.222222222,0,3,3.782122224,1,0,False,True,False,False,False,False,False,False,False,False,False,False,False,False,False,False,False,False,False,False,False,False,False,False,False,False,False,False,False,False,False,False,False,False,False,False,False,False,False,False,False,False,False,False,False,False,False,False,False,False,False
119,20,0,3,1,66,32,21,4,1,3,2,1,2,0.554621849,0.268907563,0.176470588,1,3,5.388093184,1,84,True,False,False,False,False,False,False,False,False,False,False,False,False,False,False,False,False,False,False,False,False,False,False,False,False,False,False,False,False,False,False,False,False,False,False,False,False,False,False,False,False,False,False,False,False,False,False,False,False,False,False
23,15,0,6,0,17,0,6,0,0,0,2,0,0,0.739130435,0.0,0.260869565,0,3,3.675310869,1,0,False,False,False,False,False,False,False,False,False,False,False,False,False,False,False,False,False,False,False,False,False,False,False,False,False,False,False,False,False,False,False,False,False,False,False,False,False,False,False,False,False,False,False,False,False,False,False,False,False,False,True
34,23,0,3,1,29,0,5,0,0,0,2,0,0,0.852941176,0.0,0.147058824,0,2,3.925410635,0,0,True,False,False,False,False,False,False,False,False,False,False,False,False,False,False,False,False,False,False,False,False,False,False,False,False,False,False,False,False,False,False,False,False,False,False,False,False,False,False,False,False,False,False,False,False,False,False,False,False,False,False
27,15,0,3,1,20,0,7,0,0,0,2,1,0,0.740740741,0.0,0.259259259,0,3,4.032303243,1,0,False,True,False,False,False,False,False,False,False,False,False,False,False,False,False,False,False,False,False,False,False,False,False,False,False,False,False,False,False,False,False,False,False,False,False,False,False,False,False,False,False,False,False,False,False,False,False,False,False,False,False
24,12,0,5,1,17,0,7,0,0,0,3,0,0,0.708333333,0.0,0.291666667,0,3,3.625814584,1,0,False,False,False,False,False,False,False,False,False,False,False,False,False,False,False,False,False,False,False,False,False,False,False,False,False,False,False,False,False,False,False,False,False,False,False,False,False,False,False,False,False,False,False,False,False,False,False,False,False,False,True
21,9,0,3,1,15,0,6,0,0,0,2,0,0,0.714285714,0.0,0.285714286,0,3,3.558518613,1,0,True,False,False,False,False,False,False,False,False,False,False,False,False,False,False,False,False,False,False,False,False,False,False,False,False,False,False,False,False,False,False,False,False,False,False,False,False,False,False,False,False,False,False,False,False,False,False,False,False,False,False
41,7,0,3,1,31,0,10,1,1,0,3,0,0,0.756097561,0.0,0.243902439,0,4,4.338663285,14,8,False,False,False,False,False,False,False,True,False,False,False,False,False,False,False,False,False,False,False,False,False,False,False,False,False,False,False,False,False,False,False,False,False,False,False,False,False,False,False,False,False,False,False,False,False,False,False,False,False,False,False
28,11,0,3,0,20,3,5,0,0,0,1,0,0,0.714285714,0.107142857,0.178571429,1,3,4.182005815,9,0,True,False,False,False,False,False,False,False,False,False,False,False,False,False,False,False,False,False,False,False,False,False,False,False,False,False,False,False,False,False,False,False,False,False,False,False,False,False,False,False,False,False,False,False,False,False,False,False,False,False,False
29,6,0,2,1,22,0,7,0,0,0,2,0,0,0.75862069,0.0,0.24137931,0,4,3.650410305,12,0,False,False,False,False,False,False,False,False,False,False,False,False,False,False,False,False,False,False,False,False,False,False,False,False,False,False,False,False,False,False,False,False,False,False,False,False,False,False,False,False,False,False,False,False,True,False,False,False,False,False,False
87,10,0,3,0,65,9,13,1,1,0,3,0,0,0.747126437,0.103448276,0.149425287,1,3,5.168301507,6,14,True,False,False,False,False,False,False,False,False,False,False,False,False,False,False,False,False,False,False,False,False,False,False,False,False,False,False,False,False,False,False,False,False,False,False,False,False,False,False,False,False,False,False,False,False,False,False,False,False,False,False
29,17,0,3,1,23,0,6,0,0,0,2,0,0,0.793103448,0.0,0.206896552,0,3,3.831276253,1,0,True,False,False,False,False,False,False,False,False,False,False,False,False,False,False,False,False,False,False,False,False,False,False,False,False,False,False,False,False,False,False,False,False,False,False,False,False,False,False,False,False,False,False,False,False,False,False,False,False,False,False
67,6,0,3,2,55,0,12,0,0,0,4,0,3,0.820895522,0.0,0.179104478,1,4,4.524919325,37,0,False,False,False,False,False,False,False,True,False,False,False,False,False,False,False,False,False,False,False,False,False,False,False,False,False,False,False,False,False,False,False,False,False,False,False,False,False,False,False,False,False,False,False,False,False,False,False,False,False,False,False
25,9,0,2,1,18,0,7,0,0,0,2,0,0,0.72,0.0,0.28,1,4,3.57366069,4,0,False,False,False,False,False,False,False,False,False,False,False,False,False,False,False,False,False,False,False,False,False,False,False,False,False,False,False,False,False,False,False,False,False,False,False,False,False,False,True,False,False,False,False,False,False,False,False,False,False,False,False
38,10,0,3,1,30,1,7,0,0,0,2,1,0,0.789473684,0.026315789,0.184210526,1,3,4.260828171,3,0,False,False,False,False,False,False,False,False,False,False,False,False,False,False,False,False,False,False,False,False,False,False,False,False,False,False,False,False,False,False,False,False,False,False,False,False,False,False,False,False,False,False,False,False,False,False,False,False,False,False,True
29,17,0,3,1,23,0,6,0,0,0,2,0,0,0.793103448,0.0,0.206896552,0,3,3.831276253,1,0,True,False,False,False,False,False,False,False,False,False,False,False,False,False,False,False,False,False,False,False,False,False,False,False,False,False,False,False,False,False,False,False,False,False,False,False,False,False,False,False,False,False,False,False,False,False,False,False,False,False,False
30,10,0,2,1,23,0,7,0,0,0,2,0,0,0.766666667,0.0,0.233333333,1,4,3.923231429,8,0,False,False,False,False,False,False,False,False,False,False,False,False,False,False,False,False,False,False,False,False,False,False,False,False,False,False,False,False,False,False,False,False,False,False,False,False,False,False,False,False,False,False,False,False,False,False,False,False,False,False,True
33,21,0,3,0,26,0,7,0,0,0,1,1,0,0.787878788,0.0,0.212121212,1,4,4.051821771,4,0,True,False,False,False,False,False,False,False,False,False,False,False,False,False,False,False,False,False,False,False,False,False,False,False,False,False,False,False,False,False,False,False,False,False,False,False,False,False,False,False,False,False,False,False,False,False,False,False,False,False,False
37,10,0,3,1,29,0,8,0,0,0,2,2,0,0.783783784,0.0,0.216216216,1,3,4.226628285,1,0,True,False,False,False,False,False,False,False,False,False,False,False,False,False,False,False,False,False,False,False,False,False,False,False,False,False,False,False,False,False,False,False,False,False,False,False,False,False,False,False,False,False,False,False,False,False,False,False,False,False,False
59,10,0,2,1,44,3,12,1,1,0,3,0,2,0.745762712,0.050847458,0.203389831,0,4,4.158090406,30,6,False,False,False,False,False,False,False,False,False,False,False,False,True,False,False,False,False,False,False,False,False,False,False,False,False,False,False,False,False,False,False,False,False,False,False,False,False,False,False,False,False,False,False,False,False,False,False,False,False,False,False
42,11,0,2,1,34,0,8,0,0,0,3,0,0,0.80952381,0.0,0.19047619,0,4,4.177566232,20,0,False,False,False,False,False,False,False,False,False,False,False,False,False,False,False,False,False,False,False,True,False,False,False,False,False,False,False,False,False,False,False,False,False,False,False,False,False,False,False,False,False,False,False,False,False,False,False,False,False,False,False
24,12,0,3,1,17,0,7,0,0,0,2,1,0,0.708333333,0.0,0.291666667,0,3,3.938721876,1,0,False,True,False,False,False,False,False,False,False,False,False,False,False,False,False,False,False,False,False,False,False,False,False,False,False,False,False,False,False,False,False,False,False,False,False,False,False,False,False,False,False,False,False,False,False,False,False,False,False,False,False
22,7,0,2,0,17,0,5,0,0,0,1,0,0,0.772727273,0.0,0.227272727,1,3,4.061482187,7,0,False,False,False,True,False,False,False,False,False,False,False,False,False,False,False,False,False,False,False,False,False,False,False,False,False,False,False,False,False,False,False,False,False,False,False,False,False,False,False,False,False,False,False,False,False,False,False,False,False,False,False
22,9,0,3,1,16,0,6,0,0,0,2,0,0,0.727272727,0.0,0.272727273,1,3,3.754441846,1,0,False,True,False,False,False,False,False,False,False,False,False,False,False,False,False,False,False,False,False,False,False,False,False,False,False,False,False,False,False,False,False,False,False,False,False,False,False,False,False,False,False,False,False,False,False,False,False,False,False,False,False
22,9,0,3,1,16,0,6,0,0,0,2,0,0,0.727272727,0.0,0.272727273,1,3,3.663532755,1,0,False,True,False,False,False,False,False,False,False,False,False,False,False,False,False,False,False,False,False,False,False,False,False,False,False,False,False,False,False,False,False,False,False,False,False,False,False,False,False,False,False,False,False,False,False,False,False,False,False,False,False
45,13,0,3,1,31,4,10,0,0,0,3,0,1,0.688888889,0.088888889,0.222222222,0,5,4.411204419,21,0,True,False,False,False,False,False,False,False,False,False,False,False,False,False,False,False,False,False,False,False,False,False,False,False,False,False,False,False,False,False,False,False,False,False,False,False,False,False,False,False,False,False,False,False,False,False,False,False,False,False,False
20,8,0,2,1,14,0,6,0,0,0,2,0,0,0.7,0.0,0.3,0,3,3.40869497,1,0,False,False,False,False,False,False,False,False,False,False,False,False,False,False,False,False,False,False,False,False,False,False,False,False,False,False,False,False,False,False,False,False,False,False,False,False,False,False,False,False,False,False,False,False,False,False,False,False,False,False,True
34,22,0,3,1,28,0,6,0,0,0,2,0,0,0.823529412,0.0,0.176470588,0,3,3.95131018,1,0,False,True,False,False,False,False,False,False,False,False,False,False,False,False,False,False,False,False,False,False,False,False,False,False,False,False,False,False,False,False,False,False,False,False,False,False,False,False,False,False,False,False,False,False,False,False,False,False,False,False,False
20,8,0,3,1,14,0,6,0,0,0,2,0,0,0.7,0.0,0.3,0,3,3.546439345,1,0,False,True,False,False,False,False,False,False,False,False,False,False,False,False,False,False,False,False,False,False,False,False,False,False,False,False,False,False,False,False,False,False,False,False,False,False,False,False,False,False,False,False,False,False,False,False,False,False,False,False,False
25,12,0,3,1,19,0,6,0,0,0,2,0,0,0.76,0.0,0.24,1,3,3.70346519,1,0,True,False,False,False,False,False,False,False,False,False,False,False,False,False,False,False,False,False,False,False,False,False,False,False,False,False,False,False,False,False,False,False,False,False,False,False,False,False,False,False,False,False,False,False,False,False,False,False,False,False,False
31,8,0,2,0,25,0,6,0,0,0,1,1,0,0.806451613,0.0,0.193548387,1,3,3.993730584,15,0,False,False,False,False,False,False,True,False,False,False,False,False,False,False,False,False,False,False,False,False,False,False,False,False,False,False,False,False,False,False,False,False,False,False,False,False,False,False,False,False,False,False,False,False,False,False,False,False,False,False,False
27,16,0,3,0,21,0,6,0,0,0,1,0,0,0.777777778,0.0,0.222222222,0,4,3.782122224,4,0,True,False,False,False,False,False,False,False,False,False,False,False,False,False,False,False,False,False,False,False,False,False,False,False,False,False,False,False,False,False,False,False,False,False,False,False,False,False,False,False,False,False,False,False,False,False,False,False,False,False,False
23,11,0,3,1,18,0,5,0,0,0,2,0,0,0.782608696,0.0,0.217391304,1,2,3.762267391,0,0,True,False,False,False,False,False,False,False,False,False,False,False,False,False,False,False,False,False,False,False,False,False,False,False,False,False,False,False,False,False,False,False,False,False,False,False,False,False,False,False,False,False,False,False,False,False,False,False,False,False,False
23,7,0,3,1,16,0,7,0,0,0,2,0,0,0.695652174,0.0,0.304347826,1,4,3.795088586,4,0,True,False,False,False,False,False,False,False,False,False,False,False,False,False,False,False,False,False,False,False,False,False,False,False,False,False,False,False,False,False,False,False,False,False,False,False,False,False,False,False,False,False,False,False,False,False,False,False,False,False,False
28,13,0,2,1,21,0,7,0,0,0,2,0,0,0.75,0.0,0.25,0,4,3.79790269,4,0,False,False,False,False,False,True,False,False,False,False,False,False,False,False,False,False,False,False,False,False,False,False,False,False,False,False,False,False,False,False,False,False,False,False,False,False,False,False,False,False,False,False,False,False,False,False,False,False,False,False,False
23,15,0,3,0,18,0,5,0,0,0,1,0,0,0.782608696,0.0,0.217391304,0,3,3.762267391,1,0,False,True,False,False,False,False,False,False,False,False,False,False,False,False,False,False,False,False,False,False,False,False,False,False,False,False,False,False,False,False,False,False,False,False,False,False,False,False,False,False,False,False,False,False,False,False,False,False,False,False,False
22,9,0,2,1,16,0,6,0,0,0,2,0,0,0.727272727,0.0,0.272727273,1,3,3.663532755,1,0,False,False,False,False,False,False,False,False,False,False,False,False,False,False,False,False,False,False,False,False,True,False,False,False,False,False,False,False,False,False,False,False,False,False,False,False,False,False,False,False,False,False,False,False,False,False,False,False,False,False,False
26,14,0,3,1,20,0,6,0,0,0,2,0,0,0.769230769,0.0,0.230769231,0,3,3.825251737,1,0,True,False,False,False,False,False,False,False,False,False,False,False,False,False,False,False,False,False,False,False,False,False,False,False,False,False,False,False,False,False,False,False,False,False,False,False,False,False,False,False,False,False,False,False,False,False,False,False,False,False,False
57,33,0,3,1,49,0,8,0,0,0,2,3,0,0.859649123,0.0,0.140350877,1,2,4.172042812,0,0,False,False,False,False,False,False,False,False,False,False,False,False,False,False,False,False,False,False,False,False,False,False,False,False,False,False,False,False,False,False,False,False,False,False,False,False,False,False,False,False,False,False,False,False,False,False,False,False,False,False,True
22,11,0,5,1,16,0,6,0,0,0,3,0,0,0.727272727,0.0,0.272727273,0,2,3.538310596,0,0,False,False,False,False,False,False,False,False,False,False,False,False,False,False,False,False,False,False,False,False,False,False,False,False,False,False,False,False,False,False,False,False,False,False,False,True,False,False,False,False,False,False,False,False,False,False,False,False,False,False,False
23,11,0,3,1,17,0,6,0,0,0,2,0,0,0.739130435,0.0,0.260869565,0,3,3.534219021,1,0,False,True,False,False,False,False,False,False,False,False,False,False,False,False,False,False,False,False,False,False,False,False,False,False,False,False,False,False,False,False,False,False,False,False,False,False,False,False,False,False,False,False,False,False,False,False,False,False,False,False,False
30,18,0,3,1,24,0,6,0,0,0,2,0,0,0.8,0.0,0.2,0,3,3.806238929,1,0,True,False,False,False,False,False,False,False,False,False,False,False,False,False,False,False,False,False,False,False,False,False,False,False,False,False,False,False,False,False,False,False,False,False,False,False,False,False,False,False,False,False,False,False,False,False,False,False,False,False,False
25,17,0,2,0,20,0,5,0,0,0,1,0,0,0.8,0.0,0.2,0,3,3.639079571,1,0,False,False,False,False,False,False,False,False,False,False,True,False,False,False,False,False,False,False,False,False,False,False,False,False,False,False,False,False,False,False,False,False,False,False,False,False,False,False,False,False,False,False,False,False,False,False,False,False,False,False,False
33,10,0,3,1,27,0,6,0,0,0,2,0,0,0.818181818,0.0,0.181818182,1,3,4.127283134,1,0,True,False,False,False,False,False,False,False,False,False,False,False,False,False,False,False,False,False,False,False,False,False,False,False,False,False,False,False,False,False,False,False,False,False,False,False,False,False,False,False,False,False,False,False,False,False,False,False,False,False,False
31,18,0,3,1,25,0,6,0,0,0,2,0,0,0.806451613,0.0,0.193548387,1,3,3.848884617,1,0,True,False,False,False,False,False,False,False,False,False,False,False,False,False,False,False,False,False,False,False,False,False,False,False,False,False,False,False,False,False,False,False,False,False,False,False,False,False,False,False,False,False,False,False,False,False,False,False,False,False,False
26,14,0,3,1,20,0,6,0,0,0,2,0,0,0.769230769,0.0,0.230769231,0,3,3.844106545,1,0,False,True,False,False,False,False,False,False,False,False,False,False,False,False,False,False,False,False,False,False,False,False,False,False,False,False,False,False,False,False,False,False,False,False,False,False,False,False,False,False,False,False,False,False,False,False,False,False,False,False,False
16,8,0,3,0,11,0,5,0,0,0,1,0,0,0.6875,0.0,0.3125,0,3,3.327819531,1,0,False,False,True,False,False,False,False,False,False,False,False,False,False,False,False,False,False,False,False,False,False,False,False,False,False,False,False,False,False,False,False,False,False,False,False,False,False,False,False,False,False,False,False,False,False,False,False,False,False,False,False
22,9,0,5,1,15,0,7,0,0,0,3,0,0,0.681818182,0.0,0.318181818,1,3,3.663532755,1,0,False,False,False,False,False,False,False,False,False,False,False,False,False,False,False,False,False,False,False,False,False,False,False,False,False,False,False,False,False,False,False,False,False,False,False,False,False,False,False,False,False,False,False,False,False,False,False,False,False,False,True
21,6,0,2,0,15,0,6,0,0,0,1,1,0,0.714285714,0.0,0.285714286,1,3,3.748994804,7,0,False,False,False,False,False,False,False,False,False,False,False,False,False,False,False,False,False,False,False,False,False,False,False,False,False,False,False,False,False,False,False,False,False,False,False,False,False,False,False,False,False,False,False,False,False,False,False,False,False,False,True
19,7,0,2,1,13,0,6,0,0,0,2,0,0,0.684210526,0.0,0.315789474,0,3,3.431623566,1,0,False,False,False,False,False,True,False,False,False,False,False,False,False,False,False,False,False,False,False,False,False,False,False,False,False,False,False,False,False,False,False,False,False,False,False,False,False,False,False,False,False,False,False,False,False,False,False,False,False,False,False
24,12,0,3,1,17,0,7,0,0,0,2,1,0,0.708333333,0.0,0.291666667,0,3,3.772055209,1,0,True,False,False,False,False,False,False,False,False,False,False,False,False,False,False,False,False,False,False,False,False,False,False,False,False,False,False,False,False,False,False,False,False,False,False,False,False,False,False,False,False,False,False,False,False,False,False,False,False,False,False
21,8,0,2,1,15,0,6,0,0,0,2,0,0,0.714285714,0.0,0.285714286,1,3,3.403989446,1,0,False,False,False,False,False,False,False,False,False,False,False,False,False,False,False,False,False,False,False,False,False,False,False,False,False,False,False,False,False,False,True,False,False,False,False,False,False,False,False,False,False,False,False,False,False,False,False,False,False,False,False
38,14,0,2,0,31,0,7,0,0,0,1,0,1,0.815789474,0.0,0.184210526,0,4,3.977804816,17,0,False,False,False,False,False,False,False,False,False,False,False,False,False,False,False,False,False,False,False,False,False,False,False,False,False,False,False,False,False,False,False,False,False,False,False,False,False,False,False,False,False,False,False,False,False,False,False,False,False,False,True
28,15,0,6,1,21,0,7,0,0,0,3,0,0,0.75,0.0,0.25,1,3,4.083616975,1,0,False,False,False,False,False,False,False,False,False,False,False,False,False,False,False,False,False,False,False,False,False,False,False,False,False,False,False,False,False,False,False,False,False,False,False,False,False,False,False,False,False,False,False,False,False,False,False,False,False,False,True
27,19,0,3,0,22,0,5,0,0,0,1,0,0,0.814814815,0.0,0.185185185,0,3,3.633974076,1,0,False,True,False,False,False,False,False,False,False,False,False,False,False,False,False,False,False,False,False,False,False,False,False,False,False,False,False,False,False,False,False,False,False,False,False,False,False,False,False,False,False,False,False,False,False,False,False,False,False,False,False
22,9,0,3,1,16,0,6,0,0,0,2,0,0,0.727272727,0.0,0.272727273,1,3,3.754441846,1,0,True,False,False,False,False,False,False,False,False,False,False,False,False,False,False,False,False,False,False,False,False,False,False,False,False,False,False,False,False,False,False,False,False,False,False,False,False,False,False,False,False,False,False,False,False,False,False,False,False,False,False
28,12,0,6,2,20,0,8,0,0,0,4,0,0,0.714285714,0.0,0.285714286,0,3,3.896291529,1,0,False,False,False,False,False,False,False,False,False,False,False,False,False,False,False,False,False,False,False,False,False,False,False,False,False,False,False,False,False,False,False,False,False,False,False,False,False,False,False,False,False,False,False,False,False,False,False,False,False,False,True
76,18,0,6,1,64,0,12,0,0,0,3,4,0,0.842105263,0.0,0.157894737,1,4,4.320039278,46,0,False,False,False,False,False,False,False,False,False,False,False,False,False,False,False,False,False,False,True,False,False,False,False,False,False,False,False,False,False,False,False,False,False,False,False,False,False,False,False,False,False,False,False,False,False,False,False,False,False,False,False
24,12,0,3,1,18,0,6,0,0,0,2,0,0,0.75,0.0,0.25,0,3,3.740601563,1,0,False,True,False,False,False,False,False,False,False,False,False,False,False,False,False,False,False,False,False,False,False,False,False,False,False,False,False,False,False,False,False,False,False,False,False,False,False,False,False,False,False,False,False,False,False,False,False,False,False,False,False
24,12,0,3,1,18,0,6,0,0,0,2,0,0,0.75,0.0,0.25,0,3,3.740601563,1,0,True,False,False,False,False,False,False,False,False,False,False,False,False,False,False,False,False,False,False,False,False,False,False,False,False,False,False,False,False,False,False,False,False,False,False,False,False,False,False,False,False,False,False,False,False,False,False,False,False,False,False
27,7,0,3,1,20,0,7,0,0,0,2,0,0,0.740740741,0.0,0.259259259,0,4,3.912113891,9,0,True,False,False,False,False,False,False,False,False,False,False,False,False,False,False,False,False,False,False,False,False,False,False,False,False,False,False,False,False,False,False,False,False,False,False,False,False,False,False,False,False,False,False,False,False,False,False,False,False,False,False
20,8,0,3,1,14,0,6,0,0,0,2,0,0,0.7,0.0,0.3,0,3,3.40869497,1,0,False,False,True,False,False,False,False,False,False,False,False,False,False,False,False,False,False,False,False,False,False,False,False,False,False,False,False,False,False,False,False,False,False,False,False,False,False,False,False,False,False,False,False,False,False,False,False,False,False,False,False
54,11,0,3,1,43,5,6,0,0,0,2,0,0,0.796296296,0.092592593,0.111111111,1,3,4.907212733,29,0,True,False,False,False,False,False,False,False,False,False,False,False,False,False,False,False,False,False,False,False,False,False,False,False,False,False,False,False,False,False,False,False,False,False,False,False,False,False,False,False,False,False,False,False,False,False,False,False,False,False,False
23,15,0,5,0,17,0,6,0,0,0,2,0,0,0.739130435,0.0,0.260869565,0,3,3.621175543,1,0,False,False,False,False,False,False,False,False,False,False,False,False,False,False,False,False,False,False,False,False,False,False,False,False,False,False,False,False,False,False,False,False,False,False,False,False,False,False,False,False,False,False,False,False,False,False,False,False,False,False,True
28,15,0,3,1,22,0,6,0,0,0,2,0,0,0.785714286,0.0,0.214285714,1,3,3.869331261,1,0,True,False,False,False,False,False,False,False,False,False,False,False,False,False,False,False,False,False,False,False,False,False,False,False,False,False,False,False,False,False,False,False,False,False,False,False,False,False,False,False,False,False,False,False,False,False,False,False,False,False,False
28,15,0,3,1,22,0,6,0,0,0,2,0,0,0.785714286,0.0,0.214285714,1,3,3.869331261,1,0,True,False,False,False,False,False,False,False,False,False,False,False,False,False,False,False,False,False,False,False,False,False,False,False,False,False,False,False,False,False,False,False,False,False,False,False,False,False,False,False,False,False,False,False,False,False,False,False,False,False,False
20,8,0,5,1,13,0,7,0,0,0,3,0,0,0.65,0.0,0.35,0,3,3.40869497,1,0,False,False,False,False,False,False,False,False,False,False,False,False,False,False,True,False,False,False,False,False,False,False,False,False,False,False,False,False,False,False,False,False,False,False,False,False,False,False,False,False,False,False,False,False,False,False,False,False,False,False,False
22,10,0,5,1,15,0,7,0,0,0,3,0,0,0.681818182,0.0,0.318181818,0,3,3.413088436,1,0,False,False,False,False,False,False,False,False,False,False,False,False,False,False,False,False,False,False,False,False,False,False,False,False,False,False,False,False,False,False,False,False,False,False,False,False,False,False,False,False,False,False,False,False,False,False,False,False,False,False,True
43,11,0,3,1,34,2,7,0,0,0,2,1,0,0.790697674,0.046511628,0.162790698,1,3,4.222208068,8,0,True,False,False,False,False,False,False,False,False,False,False,False,False,False,False,False,False,False,False,False,False,False,False,False,False,False,False,False,False,False,False,False,False,False,False,False,False,False,False,False,False,False,False,False,False,False,False,False,False,False,False
31,18,0,9,1,23,0,8,0,0,0,4,0,0,0.741935484,0.0,0.258064516,1,3,3.897587036,1,0,False,False,False,False,False,False,False,False,False,False,False,False,False,False,False,False,False,False,False,False,False,False,False,False,False,False,False,False,False,False,False,False,False,False,False,False,False,False,False,False,False,False,False,False,False,False,False,False,False,False,True
27,10,0,2,0,21,0,6,0,0,0,2,0,0,0.777777778,0.0,0.222222222,1,3,3.726204631,9,0,False,False,False,True,False,False,False,False,False,False,False,False,False,False,False,False,False,False,False,False,False,False,False,False,False,False,False,False,False,False,False,False,False,False,False,False,False,False,False,False,False,False,False,False,False,False,False,False,False,False,False
28,15,0,3,1,22,0,6,0,0,0,2,0,0,0.785714286,0.0,0.214285714,1,3,3.726474118,1,0,False,True,False,False,False,False,False,False,False,False,False,False,False,False,False,False,False,False,False,False,False,False,False,False,False,False,False,False,False,False,False,False,False,False,False,False,False,False,False,False,False,False,False,False,False,False,False,False,False,False,False
50,20,0,5,1,41,0,9,0,0,0,4,0,0,0.82,0.0,0.18,0,4,4.218171939,19,0,False,False,False,False,False,False,False,False,False,False,False,False,False,False,False,False,False,False,False,False,False,False,False,False,False,False,False,False,False,False,False,True,False,False,False,False,False,False,False,False,False,False,False,False,False,False,False,False,False,False,False
27,19,0,5,0,21,0,6,0,0,0,2,0,0,0.777777778,0.0,0.222222222,0,3,3.930270372,1,0,False,False,False,False,False,False,False,False,False,False,False,False,False,False,False,False,False,False,False,False,False,False,False,False,False,False,False,False,False,False,False,False,False,False,False,True,False,False,False,False,False,False,False,False,False,False,False,False,False,False,False
25,13,0,6,1,18,0,7,0,0,0,3,0,0,0.72,0.0,0.28,0,3,3.723074189,1,0,False,False,False,False,False,False,False,False,False,False,False,False,False,False,False,False,False,False,False,False,False,False,False,False,False,False,False,False,False,False,False,False,False,False,False,False,False,False,False,False,False,False,False,False,False,False,False,False,False,False,True
40,10,0,3,1,34,0,6,0,0,0,2,0,0,0.85,0.0,0.15,1,3,4.315311532,1,0,True,False,False,False,False,False,False,False,False,False,False,False,False,False,False,False,False,False,False,False,False,False,False,False,False,False,False,False,False,False,False,False,False,False,False,False,False,False,False,False,False,False,False,False,False,False,False,False,False,False,False
36,10,0,3,1,28,1,7,0,0,0,2,1,0,0.777777778,0.027777778,0.194444444,1,3,4.350209029,1,0,True,False,False,False,False,False,False,False,False,False,False,False,False,False,False,False,False,False,False,False,False,False,False,False,False,False,False,False,False,False,False,False,False,False,False,False,False,False,False,False,False,False,False,False,False,False,False,False,False,False,False
26,14,0,3,1,20,0,6,0,0,0,2,0,0,0.769230769,0.0,0.230769231,0,3,3.690260391,1,0,True,False,False,False,False,False,False,False,False,False,False,False,False,False,False,False,False,False,False,False,False,False,False,False,False,False,False,False,False,False,False,False,False,False,False,False,False,False,False,False,False,False,False,False,False,False,False,False,False,False,False
20,8,0,2,1,14,0,6,0,0,0,2,0,0,0.7,0.0,0.3,0,3,3.546439345,1,0,False,False,False,False,False,False,False,False,False,False,False,False,False,False,False,False,True,False,False,False,False,False,False,False,False,False,False,False,False,False,False,False,False,False,False,False,False,False,False,False,False,False,False,False,False,False,False,False,False,False,False
39,10,0,3,1,31,0,8,0,0,0,3,0,0,0.794871795,0.0,0.205128205,1,4,3.938496449,17,0,True,False,False,False,False,False,False,False,False,False,False,False,False,False,False,False,False,False,False,False,False,False,False,False,False,False,False,False,False,False,False,False,False,False,False,False,False,False,False,False,False,False,False,False,False,False,False,False,False,False,False
31,11,0,3,1,23,0,8,0,0,0,2,0,0,0.741935484,0.0,0.258064516,0,5,3.79696073,9,0,True,False,False,False,False,False,False,False,False,False,False,False,False,False,False,False,False,False,False,False,False,False,False,False,False,False,False,False,False,False,False,False,False,False,False,False,False,False,False,False,False,False,False,False,False,False,False,False,False,False,False
23,10,0,2,1,17,0,6,0,0,0,2,0,0,0.739130435,0.0,0.260869565,1,3,3.729446195,1,0,False,False,False,False,False,False,False,False,False,False,False,False,False,False,False,False,False,False,False,False,False,False,False,False,False,False,False,False,False,False,True,False,False,False,False,False,False,False,False,False,False,False,False,False,False,False,False,False,False,False,False
28,15,0,3,1,22,0,6,0,0,0,2,0,0,0.785714286,0.0,0.214285714,1,3,3.913799565,1,0,True,False,False,False,False,False,False,False,False,False,False,False,False,False,False,False,False,False,False,False,False,False,False,False,False,False,False,False,False,False,False,False,False,False,False,False,False,False,False,False,False,False,False,False,False,False,False,False,False,False,False
31,19,0,3,1,25,0,6,0,0,0,2,0,0,0.806451613,0.0,0.193548387,0,3,3.937751955,1,0,True,False,False,False,False,False,False,False,False,False,False,False,False,False,False,False,False,False,False,False,False,False,False,False,False,False,False,False,False,False,False,False,False,False,False,False,False,False,False,False,False,False,False,False,False,False,False,False,False,False,False
78,26,0,6,1,66,0,12,0,0,0,3,3,0,0.846153846,0.0,0.153846154,1,5,4.43759265,40,0,False,False,False,False,False,False,False,False,False,False,False,False,False,False,False,False,False,False,True,False,False,False,False,False,False,False,False,False,False,False,False,False,False,False,False,False,False,False,False,False,False,False,False,False,False,False,False,False,False,False,False
28,13,0,2,1,20,0,8,0,0,0,2,1,0,0.714285714,0.0,0.285714286,0,4,3.869331261,4,0,False,False,False,False,False,False,False,False,False,False,False,False,False,False,False,False,False,False,False,False,False,False,False,False,False,False,False,False,False,False,False,False,False,False,False,False,False,False,False,False,False,False,False,False,False,False,False,False,False,True,False
20,12,0,3,0,15,0,5,0,0,0,1,0,0,0.75,0.0,0.25,0,3,3.88418372,1,0,False,True,False,False,False,False,False,False,False,False,False,False,False,False,False,False,False,False,False,False,False,False,False,False,False,False,False,False,False,False,False,False,False,False,False,False,False,False,False,False,False,False,False,False,False,False,False,False,False,False,False
28,15,0,9,1,18,2,8,0,0,0,4,0,0,0.642857143,0.071428571,0.285714286,1,3,3.637537511,1,0,False,False,False,False,False,False,False,False,False,False,False,False,False,False,False,False,False,False,False,False,False,False,False,False,False,False,False,False,False,False,False,False,False,False,False,False,False,False,False,False,False,False,False,False,False,False,False,False,False,False,True
26,14,0,6,1,19,0,7,0,0,0,3,0,0,0.730769231,0.0,0.269230769,0,3,3.87314068,1,0,False,False,False,False,False,False,False,False,False,False,False,False,False,False,False,False,False,False,False,False,False,False,False,False,False,False,False,False,False,False,False,False,False,False,False,False,False,False,False,False,False,False,False,False,False,False,False,False,False,False,True
22,10,0,6,1,15,0,7,0,0,0,3,0,0,0.681818182,0.0,0.318181818,0,3,3.447401505,1,0,False,False,False,False,False,False,False,False,False,False,False,False,False,False,False,False,False,False,False,False,False,False,False,False,False,False,False,False,False,False,False,False,False,False,False,False,False,False,False,False,False,False,False,False,False,False,False,False,False,False,True
27,15,0,6,1,20,0,7,0,0,0,3,0,0,0.740740741,0.0,0.259259259,0,3,3.902311576,1,0,False,False,False,False,False,False,False,False,False,False,False,False,False,False,False,False,False,False,False,False,False,False,False,False,False,True,False,False,False,False,False,False,False,False,False,False,False,False,False,False,False,False,False,False,False,False,False,False,False,False,False
33,20,0,3,1,27,0,6,0,0,0,2,0,0,0.818181818,0.0,0.181818182,1,3,4.051821771,1,0,False,True,False,False,False,False,False,False,False,False,False,False,False,False,False,False,False,False,False,False,False,False,False,False,False,False,False,False,False,False,False,False,False,False,False,False,False,False,False,False,False,False,False,False,False,False,False,False,False,False,False
22,6,0,2,0,14,3,5,0,0,0,1,0,0,0.636363636,0.136363636,0.227272727,1,3,4.027169118,8,0,False,False,False,False,False,False,False,False,False,False,False,False,False,False,False,False,False,False,False,False,False,True,False,False,False,False,False,False,False,False,False,False,False,False,False,False,False,False,False,False,False,False,False,False,False,False,False,False,False,False,False
31,11,0,6,1,23,0,8,0,0,0,3,0,0,0.741935484,0.0,0.258064516,0,4,3.695501149,9,0,False,False,False,False,False,False,False,False,False,False,False,False,False,False,False,False,False,False,False,False,False,False,False,False,False,False,False,False,False,False,False,False,False,False,False,False,False,False,False,False,False,False,False,False,False,False,False,False,False,False,True
13,6,0,2,0,9,0,4,0,0,0,1,0,0,0.692307692,0.0,0.307692308,0,2,3.238901257,0,0,False,False,False,False,False,False,False,False,False,False,False,False,False,False,False,False,False,False,False,False,False,False,False,False,False,False,False,False,False,False,False,False,False,False,False,False,False,False,False,False,False,False,False,False,False,False,False,False,False,False,True
21,5,0,2,2,15,0,6,0,0,0,3,0,0,0.714285714,0.0,0.285714286,1,2,3.499227542,0,0,False,False,False,False,False,False,False,False,False,False,False,False,False,False,False,False,False,False,False,False,False,False,False,False,False,False,False,False,False,False,False,False,False,False,False,False,False,False,False,False,False,False,False,False,False,False,False,False,False,False,True
22,13,0,6,0,16,0,6,0,0,0,2,0,0,0.727272727,0.0,0.272727273,1,3,3.663532755,1,0,False,False,False,False,False,False,False,False,False,False,False,False,False,True,False,False,False,False,False,False,False,False,False,False,False,False,False,False,False,False,False,False,False,False,False,False,False,False,False,False,False,False,False,False,False,False,False,False,False,False,False
22,7,0,2,0,17,0,5,0,0,0,1,0,0,0.772727273,0.0,0.227272727,1,3,4.061482187,7,0,False,False,False,True,False,False,False,False,False,False,False,False,False,False,False,False,False,False,False,False,False,False,False,False,False,False,False,False,False,False,False,False,False,False,False,False,False,False,False,False,False,False,False,False,False,False,False,False,False,False,False
35,10,0,2,1,26,0,9,0,0,0,3,0,0,0.742857143,0.0,0.257142857,0,5,3.71830936,14,0,False,False,False,False,False,False,False,False,False,False,False,False,True,False,False,False,False,False,False,False,False,False,False,False,False,False,False,False,False,False,False,False,False,False,False,False,False,False,False,False,False,False,False,False,False,False,False,False,False,False,False
22,13,0,3,0,17,0,5,0,0,0,1,0,0,0.772727273,0.0,0.227272727,1,3,3.788754914,1,0,True,False,False,False,False,False,False,False,False,False,False,False,False,False,False,False,False,False,False,False,False,False,False,False,False,False,False,False,False,False,False,False,False,False,False,False,False,False,False,False,False,False,False,False,False,False,False,False,False,False,False
28,16,0,3,1,22,0,6,0,0,0,2,0,0,0.785714286,0.0,0.214285714,0,3,3.672553582,1,0,True,False,False,False,False,False,False,False,False,False,False,False,False,False,False,False,False,False,False,False,False,False,False,False,False,False,False,False,False,False,False,False,False,False,False,False,False,False,False,False,False,False,False,False,False,False,False,False,False,False,False
25,12,0,3,1,19,0,6,0,0,0,2,0,0,0.76,0.0,0.24,1,3,3.75326969,1,0,True,False,False,False,False,False,False,False,False,False,False,False,False,False,False,False,False,False,False,False,False,False,False,False,False,False,False,False,False,False,False,False,False,False,False,False,False,False,False,False,False,False,False,False,False,False,False,False,False,False,False
23,11,0,3,1,17,0,6,0,0,0,2,0,0,0.739130435,0.0,0.260869565,0,3,3.555533151,1,0,True,False,False,False,False,False,False,False,False,False,False,False,False,False,False,False,False,False,False,False,False,False,False,False,False,False,False,False,False,False,False,False,False,False,False,False,False,False,False,False,False,False,False,False,False,False,False,False,False,False,False
33,7,0,2,2,25,0,8,0,0,0,3,0,0,0.757575758,0.0,0.242424242,0,4,4.066677074,7,0,False,False,False,False,True,False,False,False,False,False,False,False,False,False,False,False,False,False,False,False,False,False,False,False,False,False,False,False,False,False,False,False,False,False,False,False,False,False,False,False,False,False,False,False,False,False,False,False,False,False,False
38,25,0,6,1,31,0,7,0,0,0,3,0,0,0.815789474,0.0,0.184210526,1,3,4.095968632,1,0,False,False,False,False,False,False,False,False,False,False,False,False,False,False,False,False,False,False,True,False,False,False,False,False,False,False,False,False,False,False,False,False,False,False,False,False,False,False,False,False,False,False,False,False,False,False,False,False,False,False,False
25,12,0,3,1,19,0,6,0,0,0,2,0,0,0.76,0.0,0.24,1,3,3.75326969,1,0,False,True,False,False,False,False,False,False,False,False,False,False,False,False,False,False,False,False,False,False,False,False,False,False,False,False,False,False,False,False,False,False,False,False,False,False,False,False,False,False,False,False,False,False,False,False,False,False,False,False,False
33,21,0,3,1,27,0,6,0,0,0,2,0,0,0.818181818,0.0,0.181818182,0,3,4.081532377,1,0,True,False,False,False,False,False,False,False,False,False,False,False,False,False,False,False,False,False,False,False,False,False,False,False,False,False,False,False,False,False,False,False,False,False,False,False,False,False,False,False,False,False,False,False,False,False,False,False,False,False,False
43,9,0,3,1,33,1,9,0,0,0,3,0,0,0.76744186,0.023255814,0.209302326,0,5,4.231286197,23,0,True,False,False,False,False,False,False,False,False,False,False,False,False,False,False,False,False,False,False,False,False,False,False,False,False,False,False,False,False,False,False,False,False,False,False,False,False,False,False,False,False,False,False,False,False,False,False,False,False,False,False
22,10,0,2,1,16,0,6,0,0,0,2,0,0,0.727272727,0.0,0.272727273,0,3,3.629219687,1,0,False,False,False,False,False,False,False,False,False,False,False,True,False,False,False,False,False,False,False,False,False,False,False,False,False,False,False,False,False,False,False,False,False,False,False,False,False,False,False,False,False,False,False,False,False,False,False,False,False,False,False
36,10,0,3,1,30,0,6,0,0,0,2,0,0,0.833333333,0.0,0.166666667,1,3,4.218128821,1,0,True,False,False,False,False,False,False,False,False,False,False,False,False,False,False,False,False,False,False,False,False,False,False,False,False,False,False,False,False,False,False,False,False,False,False,False,False,False,False,False,False,False,False,False,False,False,False,False,False,False,False
43,13,0,2,1,34,0,9,0,0,0,2,0,1,0.790697674,0.0,0.209302326,1,5,3.618157639,18,0,False,False,False,True,False,False,False,False,False,False,False,False,False,False,False,False,False,False,False,False,False,False,False,False,False,False,False,False,False,False,False,False,False,False,False,False,False,False,False,False,False,False,False,False,False,False,False,False,False,False,False
22,6,0,3,1,15,0,7,0,0,0,2,0,0,0.681818182,0.0,0.318181818,0,4,3.606936732,5,0,False,False,False,False,False,False,False,True,False,False,False,False,False,False,False,False,False,False,False,False,False,False,False,False,False,False,False,False,False,False,False,False,False,False,False,False,False,False,False,False,False,False,False,False,False,False,False,False,False,False,False
67,19,0,5,1,55,0,12,0,0,0,3,2,0,0.820895522,0.0,0.179104478,1,6,4.115191661,36,0,False,False,False,False,False,False,False,False,False,False,False,False,False,False,False,False,False,False,False,False,False,False,False,False,False,False,False,False,False,False,False,False,False,False,False,False,False,False,False,False,False,False,False,False,False,False,False,False,False,False,True
26,14,0,2,1,19,0,7,0,0,0,2,1,0,0.730769231,0.0,0.269230769,0,3,3.738149333,1,0,False,False,False,False,False,False,False,False,False,False,False,False,False,False,False,False,False,False,False,False,False,False,False,False,False,False,False,False,False,False,True,False,False,False,False,False,False,False,False,False,False,False,False,False,False,False,False,False,False,False,False
36,14,0,2,1,29,0,7,0,0,0,3,0,0,0.805555556,0.0,0.194444444,0,3,4.044110418,11,0,False,False,False,False,False,True,False,False,False,False,False,False,False,False,False,False,False,False,False,False,False,False,False,False,False,False,False,False,False,False,False,False,False,False,False,False,False,False,False,False,False,False,False,False,False,False,False,False,False,False,False
26,14,0,3,1,20,0,6,0,0,0,2,0,0,0.769230769,0.0,0.230769231,0,3,3.921029622,1,0,True,False,False,False,False,False,False,False,False,False,False,False,False,False,False,False,False,False,False,False,False,False,False,False,False,False,False,False,False,False,False,False,False,False,False,False,False,False,False,False,False,False,False,False,False,False,False,False,False,False,False
24,10,0,3,1,15,3,6,0,0,0,2,0,0,0.625,0.125,0.25,1,3,4.022055209,1,0,True,False,False,False,False,False,False,False,False,False,False,False,False,False,False,False,False,False,False,False,False,False,False,False,False,False,False,False,False,False,False,False,False,False,False,False,False,False,False,False,False,False,False,False,False,False,False,False,False,False,False
16,8,0,3,0,11,0,5,0,0,0,1,0,0,0.6875,0.0,0.3125,0,3,3.577819531,1,0,False,True,False,False,False,False,False,False,False,False,False,False,False,False,False,False,False,False,False,False,False,False,False,False,False,False,False,False,False,False,False,False,False,False,False,False,False,False,False,False,False,False,False,False,False,False,False,False,False,False,False
21,6,0,2,0,14,1,6,0,0,0,1,1,0,0.666666667,0.047619048,0.285714286,1,3,3.939470994,7,0,False,False,False,False,False,False,False,False,False,False,False,False,False,False,False,False,False,False,False,False,False,False,False,False,False,False,False,False,False,False,False,False,False,False,False,False,False,False,False,False,False,False,False,False,False,False,False,False,False,False,True
24,11,0,3,1,18,0,6,0,0,0,2,0,0,0.75,0.0,0.25,1,3,3.625814584,1,0,True,False,False,False,False,False,False,False,False,False,False,False,False,False,False,False,False,False,False,False,False,False,False,False,False,False,False,False,False,False,False,False,False,False,False,False,False,False,False,False,False,False,False,False,False,False,False,False,False,False,False
38,25,0,3,1,30,0,8,0,0,0,2,2,0,0.789473684,0.0,0.210526316,1,3,4.010570934,1,0,True,False,False,False,False,False,False,False,False,False,False,False,False,False,False,False,False,False,False,False,False,False,False,False,False,False,False,False,False,False,False,False,False,False,False,False,False,False,False,False,False,False,False,False,False,False,False,False,False,False,False
43,20,0,3,1,30,7,6,0,0,0,2,1,0,0.697674419,0.162790698,0.139534884,0,2,4.434888232,0,0,False,False,False,False,False,False,False,False,False,False,False,False,False,False,False,False,False,False,False,False,False,False,False,False,False,False,False,False,False,False,False,False,False,False,False,False,False,False,False,False,False,False,False,False,False,False,False,False,False,False,True
22,10,0,3,1,16,0,6,0,0,0,2,0,0,0.727272727,0.0,0.272727273,0,3,3.538310596,1,0,False,True,False,False,False,False,False,False,False,False,False,False,False,False,False,False,False,False,False,False,False,False,False,False,False,False,False,False,False,False,False,False,False,False,False,False,False,False,False,False,False,False,False,False,False,False,False,False,False,False,False
28,17,0,3,1,22,0,6,0,0,0,2,0,0,0.785714286,0.0,0.214285714,0,3,3.824862958,1,0,False,False,True,False,False,False,False,False,False,False,False,False,False,False,False,False,False,False,False,False,False,False,False,False,False,False,False,False,False,False,False,False,False,False,False,False,False,False,False,False,False,False,False,False,False,False,False,False,False,False,False
24,12,0,5,1,17,0,7,0,0,0,3,0,0,0.708333333,0.0,0.291666667,0,3,3.625814584,1,0,False,False,False,False,False,False,False,False,False,False,False,False,False,False,False,False,False,False,False,False,False,False,False,False,False,False,False,False,False,False,False,False,False,False,False,False,False,False,False,False,False,False,False,False,False,False,False,False,False,False,True
30,18,0,2,1,24,0,6,0,0,0,2,0,0,0.8,0.0,0.2,0,3,3.898068512,1,0,False,False,False,False,False,False,False,False,False,False,False,False,True,False,False,False,False,False,False,False,False,False,False,False,False,False,False,False,False,False,False,False,False,False,False,False,False,False,False,False,False,False,False,False,False,False,False,False,False,False,False
23,11,0,5,1,16,0,7,0,0,0,3,0,0,0.695652174,0.0,0.304347826,0,3,3.26184239,1,0,False,False,False,False,False,False,False,False,False,False,False,False,False,False,False,False,False,False,False,False,False,False,False,False,False,False,False,False,False,False,False,False,False,False,False,False,False,False,False,False,False,False,False,False,False,False,False,False,False,False,True
20,6,0,3,0,13,2,5,0,0,0,1,0,0,0.65,0.1,0.25,1,3,3.78418372,6,0,False,False,False,False,False,False,False,False,False,False,False,False,False,False,False,False,False,False,False,False,False,False,False,False,False,False,False,False,False,False,False,False,False,False,False,False,False,False,False,False,False,False,False,False,False,False,False,False,False,False,True
30,11,0,5,1,22,0,8,0,0,0,3,0,0,0.733333333,0.0,0.266666667,0,4,3.698068512,8,0,False,False,False,False,False,False,False,False,False,False,False,False,False,False,False,False,False,False,False,False,False,False,False,False,False,False,False,False,False,False,False,True,False,False,False,False,False,False,False,False,False,False,False,False,False,False,False,False,False,False,False
19,7,0,3,1,14,0,5,0,0,0,2,0,0,0.736842105,0.0,0.263157895,1,2,3.576617645,0,0,False,False,True,False,False,False,False,False,False,False,False,False,False,False,False,False,False,False,False,False,False,False,False,False,False,False,False,False,False,False,False,False,False,False,False,False,False,False,False,False,False,False,False,False,False,False,False,False,False,False,False
23,15,0,6,0,17,0,6,0,0,0,2,0,0,0.739130435,0.0,0.260869565,0,3,3.609668477,1,0,False,False,False,False,False,False,False,False,False,False,False,False,False,False,False,False,False,False,False,False,False,False,False,False,False,False,False,False,False,False,False,False,False,False,False,False,False,False,False,False,False,False,False,False,False,False,False,False,True,False,False
23,15,0,3,0,18,0,5,0,0,0,1,0,0,0.782608696,0.0,0.217391304,0,3,3.795088586,1,0,True,False,False,False,False,False,False,False,False,False,False,False,False,False,False,False,False,False,False,False,False,False,False,False,False,False,False,False,False,False,False,False,False,False,False,False,False,False,False,False,False,False,False,False,False,False,False,False,False,False,False
27,15,0,3,1,21,0,6,0,0,0,2,0,0,0.777777778,0.0,0.222222222,0,3,3.884155095,1,0,True,False,False,False,False,False,False,False,False,False,False,False,False,False,False,False,False,False,False,False,False,False,False,False,False,False,False,False,False,False,False,False,False,False,False,False,False,False,False,False,False,False,False,False,False,False,False,False,False,False,False
33,25,0,6,0,28,0,5,0,0,0,2,0,0,0.848484848,0.0,0.151515152,1,2,4.150158513,0,0,False,False,False,False,False,False,False,False,False,False,False,False,False,True,False,False,False,False,False,False,False,False,False,False,False,False,False,False,False,False,False,False,False,False,False,False,False,False,False,False,False,False,False,False,False,False,False,False,False,False,False
18,6,0,2,1,13,0,5,0,0,0,2,0,0,0.722222222,0.0,0.277777778,1,2,3.46132014,0,0,False,False,False,True,False,False,False,False,False,False,False,False,False,False,False,False,False,False,False,False,False,False,False,False,False,False,False,False,False,False,False,False,False,False,False,False,False,False,False,False,False,False,False,False,False,False,False,False,False,False,False
20,7,0,2,1,15,0,5,0,0,0,2,0,0,0.75,0.0,0.25,1,2,3.48418372,0,0,False,False,False,False,False,False,False,False,False,False,False,False,False,False,False,False,False,False,False,False,False,False,False,True,False,False,False,False,False,False,False,False,False,False,False,False,False,False,False,False,False,False,False,False,False,False,False,False,False,False,False
45,10,0,3,1,39,0,6,0,0,0,2,0,0,0.866666667,0.0,0.133333333,1,3,3.893716497,1,0,True,False,False,False,False,False,False,False,False,False,False,False,False,False,False,False,False,False,False,False,False,False,False,False,False,False,False,False,False,False,False,False,False,False,False,False,False,False,False,False,False,False,False,False,False,False,False,False,False,False,False
29,17,0,3,1,23,0,6,0,0,0,2,0,0,0.793103448,0.0,0.206896552,0,3,3.88333746,1,0,True,False,False,False,False,False,False,False,False,False,False,False,False,False,False,False,False,False,False,False,False,False,False,False,False,False,False,False,False,False,False,False,False,False,False,False,False,False,False,False,False,False,False,False,False,False,False,False,False,False,False
23,11,0,6,1,16,0,7,0,0,0,3,0,0,0.695652174,0.0,0.304347826,0,3,3.609668477,1,0,False,False,False,False,False,False,False,False,False,False,False,False,False,False,False,False,False,False,False,False,False,False,False,False,False,False,False,False,False,False,False,False,False,False,False,False,False,False,False,False,False,False,False,False,False,False,False,False,False,False,True
22,14,0,2,0,18,0,4,0,0,0,1,0,0,0.818181818,0.0,0.181818182,1,2,3.606936732,0,0,False,False,False,False,False,False,False,False,False,False,True,False,False,False,False,False,False,False,False,False,False,False,False,False,False,False,False,False,False,False,False,False,False,False,False,False,False,False,False,False,False,False,False,False,False,False,False,False,False,False,False
26,13,0,3,1,20,0,6,0,0,0,2,0,0,0.769230769,0.0,0.230769231,1,3,3.844106545,1,0,True,False,False,False,False,False,False,False,False,False,False,False,False,False,False,False,False,False,False,False,False,False,False,False,False,False,False,False,False,False,False,False,False,False,False,False,False,False,False,False,False,False,False,False,False,False,False,False,False,False,False
20,12,0,6,0,15,0,5,0,0,0,2,0,0,0.75,0.0,0.25,1,2,3.821928095,0,0,False,False,False,False,False,False,False,False,False,False,False,False,False,False,False,False,False,False,False,False,False,False,False,False,False,False,False,False,False,False,False,False,False,False,False,False,False,False,False,False,False,False,False,False,False,False,False,False,False,False,True
27,5,0,2,1,21,0,6,0,0,0,2,0,0,0.777777778,0.0,0.222222222,1,3,3.60601528,1,0,False,False,False,False,False,False,False,False,False,False,False,False,False,False,False,False,False,True,False,False,False,False,False,False,False,False,False,False,False,False,False,False,False,False,False,False,False,False,False,False,False,False,False,False,False,False,False,False,False,False,False
22,7,0,2,1,15,0,7,0,0,0,2,0,0,0.681818182,0.0,0.318181818,0,4,3.481714573,4,0,False,False,False,False,False,False,True,False,False,False,False,False,False,False,False,False,False,False,False,False,False,False,False,False,False,False,False,False,False,False,False,False,False,False,False,False,False,False,False,False,False,False,False,False,False,False,False,False,False,False,False
16,8,0,3,0,11,0,5,0,0,0,1,0,0,0.6875,0.0,0.3125,0,3,3.452819531,1,0,False,True,False,False,False,False,False,False,False,False,False,False,False,False,False,False,False,False,False,False,False,False,False,False,False,False,False,False,False,False,False,False,False,False,False,False,False,False,False,False,False,False,False,False,False,False,False,False,False,False,False
26,14,0,3,1,20,0,6,0,0,0,2,0,0,0.769230769,0.0,0.230769231,0,3,3.719294526,1,0,True,False,False,False,False,False,False,False,False,False,False,False,False,False,False,False,False,False,False,False,False,False,False,False,False,False,False,False,False,False,False,False,False,False,False,False,False,False,False,False,False,False,False,False,False,False,False,False,False,False,False
23,11,0,2,1,16,0,7,0,0,0,2,1,0,0.695652174,0.0,0.304347826,0,3,3.936180434,1,0,False,False,False,False,False,True,False,False,False,False,False,False,False,False,False,False,False,False,False,False,False,False,False,False,False,False,False,False,False,False,False,False,False,False,False,False,False,False,False,False,False,False,False,False,False,False,False,False,False,False,False
32,17,0,2,1,25,0,7,0,0,0,2,0,0,0.78125,0.0,0.21875,0,4,3.827819531,4,0,False,False,False,False,False,False,False,False,False,False,False,False,False,False,False,False,False,False,False,False,False,False,False,False,False,False,False,False,False,False,False,False,False,False,False,False,False,False,False,False,False,False,False,False,False,False,False,False,False,False,True
22,9,0,5,1,15,0,7,0,0,0,3,0,0,0.681818182,0.0,0.318181818,1,3,3.413088436,1,0,False,False,False,False,False,False,False,False,False,False,False,False,False,False,False,False,False,False,False,False,False,False,False,False,False,False,False,False,False,False,False,True,False,False,False,False,False,False,False,False,False,False,False,False,False,False,False,False,False,False,False
30,17,0,6,1,23,0,7,0,0,0,3,0,0,0.766666667,0.0,0.233333333,1,3,3.714409345,1,0,False,False,False,False,False,False,False,False,False,False,False,False,False,False,False,False,False,False,True,False,False,False,False,False,False,False,False,False,False,False,False,False,False,False,False,False,False,False,False,False,False,False,False,False,False,False,False,False,False,False,False
26,13,0,6,1,19,0,7,0,0,0,3,0,0,0.730769231,0.0,0.269230769,1,3,3.921029622,1,0,False,False,False,False,False,False,False,False,False,False,False,False,False,False,False,False,False,False,False,False,False,False,False,False,False,False,False,False,False,False,False,False,False,False,False,False,False,False,False,False,False,False,False,False,False,False,False,False,False,False,True
29,10,0,3,1,14,9,6,0,0,0,2,0,0,0.482758621,0.310344828,0.206896552,1,3,3.978333581,1,0,True,False,False,False,False,False,False,False,False,False,False,False,False,False,False,False,False,False,False,False,False,False,False,False,False,False,False,False,False,False,False,False,False,False,False,False,False,False,False,False,False,False,False,False,False,False,False,False,False,False,False
32,19,0,3,1,26,0,6,0,0,0,2,0,0,0.8125,0.0,0.1875,1,3,4.030639062,1,0,False,True,False,False,False,False,False,False,False,False,False,False,False,False,False,False,False,False,False,False,False,False,False,False,False,False,False,False,False,False,False,False,False,False,False,False,False,False,False,False,False,False,False,False,False,False,False,False,False,False,False
33,21,0,3,1,27,0,6,0,0,0,2,0,0,0.818181818,0.0,0.181818182,0,3,3.960320255,1,0,False,True,False,False,False,False,False,False,False,False,False,False,False,False,False,False,False,False,False,False,False,False,False,False,False,False,False,False,False,False,False,False,False,False,False,False,False,False,False,False,False,False,False,False,False,False,False,False,False,False,False
25,12,0,3,1,19,0,6,0,0,0,2,0,0,0.76,0.0,0.24,1,3,3.83326969,1,0,True,False,False,False,False,False,False,False,False,False,False,False,False,False,False,False,False,False,False,False,False,False,False,False,False,False,False,False,False,False,False,False,False,False,False,False,False,False,False,False,False,False,False,False,False,False,False,False,False,False,False
83,9,0,4,2,70,6,7,0,0,0,3,0,0,0.843373494,0.072289157,0.084337349,1,3,4.664036197,1,0,False,False,False,False,False,False,False,False,False,False,False,False,False,False,False,False,False,False,False,False,False,False,False,False,False,False,False,False,False,False,False,False,False,False,False,False,False,False,False,False,False,False,False,False,False,False,False,False,False,False,True
36,10,0,3,1,27,3,6,0,0,0,2,0,0,0.75,0.083333333,0.166666667,1,3,4.239097918,1,0,True,False,False,False,False,False,False,False,False,False,False,False,False,False,False,False,False,False,False,False,False,False,False,False,False,False,False,False,False,False,False,False,False,False,False,False,False,False,False,False,False,False,False,False,False,False,False,False,False,False,False
31,18,0,3,1,25,0,6,0,0,0,2,0,0,0.806451613,0.0,0.193548387,1,3,4.018081794,1,0,True,False,False,False,False,False,False,False,False,False,False,False,False,False,False,False,False,False,False,False,False,False,False,False,False,False,False,False,False,False,False,False,False,False,False,False,False,False,False,False,False,False,False,False,False,False,False,False,False,False,False
20,8,0,2,1,14,0,6,0,0,0,2,0,0,0.7,0.0,0.3,0,3,3.546439345,1,0,False,False,False,False,False,True,False,False,False,False,False,False,False,False,False,False,False,False,False,False,False,False,False,False,False,False,False,False,False,False,False,False,False,False,False,False,False,False,False,False,False,False,False,False,False,False,False,False,False,False,False
28,16,0,3,1,22,0,6,0,0,0,2,0,0,0.785714286,0.0,0.214285714,0,3,3.851823226,1,0,False,True,False,False,False,False,False,False,False,False,False,False,False,False,False,False,False,False,False,False,False,False,False,False,False,False,False,False,False,False,False,False,False,False,False,False,False,False,False,False,False,False,False,False,False,False,False,False,False,False,False
19,7,0,3,1,13,0,6,0,0,0,2,0,0,0.684210526,0.0,0.315789474,0,3,3.536886724,1,0,False,True,False,False,False,False,False,False,False,False,False,False,False,False,False,False,False,False,False,False,False,False,False,False,False,False,False,False,False,False,False,False,False,False,False,False,False,False,False,False,False,False,False,False,False,False,False,False,False,False,False
26,14,0,3,1,20,0,6,0,0,0,2,0,0,0.769230769,0.0,0.230769231,0,3,3.844106545,1,0,True,False,False,False,False,False,False,False,False,False,False,False,False,False,False,False,False,False,False,False,False,False,False,False,False,False,False,False,False,False,False,False,False,False,False,False,False,False,False,False,False,False,False,False,False,False,False,False,False,False,False
18,10,0,6,0,13,0,5,0,0,0,2,0,0,0.722222222,0.0,0.277777778,1,2,3.46132014,0,0,False,False,False,False,False,False,False,False,False,False,False,False,False,False,False,False,False,False,False,False,False,False,False,False,False,False,False,False,False,False,False,False,False,False,False,False,False,False,False,False,False,False,False,False,False,False,False,False,False,False,True
26,18,0,5,0,19,0,7,0,0,0,2,1,0,0.730769231,0.0,0.269230769,0,3,3.378727104,1,0,False,False,False,False,False,False,False,False,False,False,False,False,False,False,False,False,False,False,False,False,False,False,False,False,False,False,False,False,False,True,False,False,False,False,False,False,False,False,False,False,False,False,False,False,False,False,False,False,False,False,False
22,10,0,6,1,15,0,7,0,0,0,3,0,0,0.681818182,0.0,0.318181818,0,3,3.447401505,1,0,False,False,False,False,False,False,False,False,False,False,False,False,False,False,False,False,False,False,False,False,False,False,False,False,False,False,False,False,False,False,False,False,False,False,False,False,False,False,False,False,False,False,False,False,False,False,False,False,False,False,True
65,11,0,6,1,49,0,16,0,0,0,4,2,0,0.753846154,0.0,0.246153846,0,7,4.29432906,43,0,False,False,False,False,False,False,False,False,False,False,False,False,False,False,False,False,False,False,False,False,False,False,False,False,False,False,False,False,False,False,False,False,False,False,False,False,False,False,False,False,False,False,False,False,False,False,False,False,False,False,True
32,12,0,3,1,22,2,8,0,0,0,2,2,0,0.6875,0.0625,0.25,1,3,3.965018266,1,0,True,False,False,False,False,False,False,False,False,False,False,False,False,False,False,False,False,False,False,False,False,False,False,False,False,False,False,False,False,False,False,False,False,False,False,False,False,False,False,False,False,False,False,False,False,False,False,False,False,False,False
33,25,0,6,0,28,0,5,0,0,0,2,0,0,0.848484848,0.0,0.151515152,1,2,4.063650847,0,0,False,False,False,False,False,False,False,False,False,False,False,False,False,False,False,False,False,False,False,False,False,False,False,False,False,False,False,False,False,False,False,False,False,False,False,False,False,False,False,False,False,False,False,False,False,False,False,False,False,False,True
50,10,0,5,1,39,0,11,0,0,0,3,0,2,0.78,0.0,0.22,0,5,4.37617463,29,0,False,False,False,False,False,False,False,False,False,False,False,False,False,False,False,False,False,False,False,False,False,False,False,False,False,False,False,False,False,False,False,False,False,False,False,False,False,False,False,False,False,False,False,False,False,False,False,False,False,False,True
20,8,0,3,1,14,0,6,0,0,0,2,0,0,0.7,0.0,0.3,0,3,3.646439345,1,0,False,True,False,False,False,False,False,False,False,False,False,False,False,False,False,False,False,False,False,False,False,False,False,False,False,False,False,False,False,False,False,False,False,False,False,False,False,False,False,False,False,False,False,False,False,False,False,False,False,False,False
84,15,0,3,1,68,0,16,0,0,0,2,5,0,0.80952381,0.0,0.19047619,1,8,4.433444358,57,0,True,False,False,False,False,False,False,False,False,False,False,False,False,False,False,False,False,False,False,False,False,False,False,False,False,False,False,False,False,False,False,False,False,False,False,False,False,False,False,False,False,False,False,False,False,False,False,False,False,False,False
23,10,0,3,1,17,0,6,0,0,0,2,0,0,0.739130435,0.0,0.260869565,1,3,3.555533151,1,0,False,True,False,False,False,False,False,False,False,False,False,False,False,False,False,False,False,False,False,False,False,False,False,False,False,False,False,False,False,False,False,False,False,False,False,False,False,False,False,False,False,False,False,False,False,False,False,False,False,False,False
37,24,0,2,1,31,0,6,0,0,0,2,0,0,0.837837838,0.0,0.162162162,1,3,3.980157597,1,0,False,False,False,False,False,False,False,False,False,False,False,False,True,False,False,False,False,False,False,False,False,False,False,False,False,False,False,False,False,False,False,False,False,False,False,False,False,False,False,False,False,False,False,False,False,False,False,False,False,False,False
22,9,0,2,1,16,0,6,0,0,0,2,0,0,0.727272727,0.0,0.272727273,1,3,3.447401505,1,0,False,False,False,False,False,False,False,False,False,False,False,False,False,False,False,False,False,False,False,False,False,False,False,False,False,False,False,False,False,False,False,False,False,False,False,False,True,False,False,False,False,False,False,False,False,False,False,False,False,False,False
22,10,0,3,1,16,0,6,0,0,0,2,0,0,0.727272727,0.0,0.272727273,0,3,3.754441846,1,0,False,True,False,False,False,False,False,False,False,False,False,False,False,False,False,False,False,False,False,False,False,False,False,False,False,False,False,False,False,False,False,False,False,False,False,False,False,False,False,False,False,False,False,False,False,False,False,False,False,False,False
28,16,0,2,1,22,0,6,0,0,0,2,0,0,0.785714286,0.0,0.214285714,0,3,3.726474118,1,0,False,False,False,False,False,False,False,False,False,False,False,False,False,False,False,False,False,False,False,False,False,False,False,False,False,False,False,False,False,False,False,False,False,False,False,False,True,False,False,False,False,False,False,False,False,False,False,False,False,False,False
27,15,0,5,1,20,0,7,0,0,0,3,0,0,0.740740741,0.0,0.259259259,0,3,3.500283688,1,0,False,False,False,False,False,False,False,False,False,False,False,False,False,False,False,False,False,False,False,False,False,False,False,False,False,False,False,False,False,False,False,False,False,False,False,False,False,False,False,False,False,False,False,False,False,False,False,False,False,False,True
26,6,0,2,0,20,0,6,0,0,0,1,0,0,0.769230769,0.0,0.230769231,1,4,3.642371449,12,0,False,False,False,False,False,False,False,False,False,False,False,False,False,False,False,False,False,False,False,False,False,True,False,False,False,False,False,False,False,False,False,False,False,False,False,False,False,False,False,False,False,False,False,False,False,False,False,False,False,False,False
26,14,0,3,1,19,1,6,0,0,0,2,0,0,0.730769231,0.038461538,0.230769231,0,3,3.719294526,1,0,False,True,False,False,False,False,False,False,False,False,False,False,False,False,False,False,False,False,False,False,False,False,False,False,False,False,False,False,False,False,False,False,False,False,False,False,False,False,False,False,False,False,False,False,False,False,False,False,False,False,False
36,10,0,3,1,30,0,6,0,0,0,2,0,0,0.833333333,0.0,0.166666667,1,3,4.120635071,1,0,True,False,False,False,False,False,False,False,False,False,False,False,False,False,False,False,False,False,False,False,False,False,False,False,False,False,False,False,False,False,False,False,False,False,False,False,False,False,False,False,False,False,False,False,False,False,False,False,False,False,False
45,16,0,3,1,36,0,9,0,0,0,3,1,0,0.8,0.0,0.2,0,4,4.207976707,18,0,True,False,False,False,False,False,False,False,False,False,False,False,False,False,False,False,False,False,False,False,False,False,False,False,False,False,False,False,False,False,False,False,False,False,False,False,False,False,False,False,False,False,False,False,False,False,False,False,False,False,False
41,14,0,2,1,32,0,9,1,1,0,3,0,0,0.780487805,0.0,0.219512195,0,3,4.253059016,10,5,False,False,False,False,False,False,False,False,False,False,False,False,False,False,False,False,False,True,False,False,False,False,False,False,False,False,False,False,False,False,False,False,False,False,False,False,False,False,False,False,False,False,False,False,False,False,False,False,False,False,False
29,14,0,3,1,23,0,6,0,0,0,2,0,0,0.793103448,0.0,0.206896552,1,3,3.762310736,3,0,True,False,False,False,False,False,False,False,False,False,False,False,False,False,False,False,False,False,False,False,False,False,False,False,False,False,False,False,False,False,False,False,False,False,False,False,False,False,False,False,False,False,False,False,False,False,False,False,False,False,False
62,12,0,3,0,50,4,8,0,0,0,2,2,0,0.806451613,0.064516129,0.129032258,1,3,5.016471061,42,0,True,False,False,False,False,False,False,False,False,False,False,False,False,False,False,False,False,False,False,False,False,False,False,False,False,False,False,False,False,False,False,False,False,False,False,False,False,False,False,False,False,False,False,False,False,False,False,False,False,False,False
25,6,0,2,0,18,1,6,0,0,0,1,1,0,0.72,0.04,0.24,1,3,3.94346519,11,0,False,False,False,False,False,False,False,False,False,False,False,False,False,False,False,False,False,False,False,False,False,False,False,False,False,False,False,False,False,False,False,False,False,False,False,False,False,False,False,False,False,False,False,False,False,False,False,False,False,False,True
25,13,0,3,1,19,0,6,0,0,0,2,0,0,0.76,0.0,0.24,0,3,3.59326969,1,0,True,False,False,False,False,False,False,False,False,False,False,False,False,False,False,False,False,False,False,False,False,False,False,False,False,False,False,False,False,False,False,False,False,False,False,False,False,False,False,False,False,False,False,False,False,False,False,False,False,False,False
19,11,0,3,0,14,0,5,0,0,0,1,0,0,0.736842105,0.0,0.263157895,0,3,3.74741304,1,0,False,False,False,False,False,False,False,False,True,False,False,False,False,False,False,False,False,False,False,False,False,False,False,False,False,False,False,False,False,False,False,False,False,False,False,False,False,False,False,False,False,False,False,False,False,False,False,False,False,False,False
24,11,0,3,0,18,0,6,0,0,0,1,0,0,0.75,0.0,0.25,0,4,3.688721876,6,0,False,False,False,False,False,False,False,False,True,False,False,False,False,False,False,False,False,False,False,False,False,False,False,False,False,False,False,False,False,False,False,False,False,False,False,False,False,False,False,False,False,False,False,False,False,False,False,False,False,False,False
26,14,0,6,1,19,0,7,0,0,0,3,0,0,0.730769231,0.0,0.269230769,0,3,3.997952699,1,0,False,False,False,False,False,False,False,False,False,False,False,False,False,False,False,False,False,False,False,False,False,False,False,False,False,True,False,False,False,False,False,False,False,False,False,False,False,False,False,False,False,False,False,False,False,False,False,False,False,False,False
31,18,0,6,1,24,0,7,0,0,0,3,0,0,0.774193548,0.0,0.225806452,1,3,3.953565665,1,0,False,False,False,False,False,False,False,False,False,False,False,False,False,False,False,False,False,False,False,False,False,False,False,False,False,False,False,False,False,False,False,False,False,False,False,False,False,False,False,False,False,False,False,False,False,False,False,False,True,False,False
18,10,0,3,0,13,0,5,0,0,0,1,0,0,0.722222222,0.0,0.277777778,0,3,3.794653474,1,0,True,False,False,False,False,False,False,False,False,False,False,False,False,False,False,False,False,False,False,False,False,False,False,False,False,False,False,False,False,False,False,False,False,False,False,False,False,False,False,False,False,False,False,False,False,False,False,False,False,False,False
25,11,0,2,1,19,0,6,0,0,0,2,0,0,0.76,0.0,0.24,0,3,3.612878689,3,0,False,False,False,False,False,True,False,False,False,False,False,False,False,False,False,False,False,False,False,False,False,False,False,False,False,False,False,False,False,False,False,False,False,False,False,False,False,False,False,False,False,False,False,False,False,False,False,False,False,False,False
21,8,0,3,1,15,0,6,0,0,0,2,0,0,0.714285714,0.0,0.285714286,1,3,3.522571589,1,0,False,True,False,False,False,False,False,False,False,False,False,False,False,False,False,False,False,False,False,False,False,False,False,False,False,False,False,False,False,False,False,False,False,False,False,False,False,False,False,False,False,False,False,False,False,False,False,False,False,False,False
24,6,0,2,1,18,0,6,0,0,0,2,0,0,0.75,0.0,0.25,0,3,3.823934896,1,0,False,False,False,False,False,False,True,False,False,False,False,False,False,False,False,False,False,False,False,False,False,False,False,False,False,False,False,False,False,False,False,False,False,False,False,False,False,False,False,False,False,False,False,False,False,False,False,False,False,False,False
24,11,0,3,1,18,0,6,0,0,0,2,0,0,0.75,0.0,0.25,1,3,3.823934896,1,0,True,False,False,False,False,False,False,False,False,False,False,False,False,False,False,False,False,False,False,False,False,False,False,False,False,False,False,False,False,False,False,False,False,False,False,False,False,False,False,False,False,False,False,False,False,False,False,False,False,False,False
27,15,0,3,1,21,0,6,0,0,0,2,0,0,0.777777778,0.0,0.222222222,0,3,3.680089354,1,0,True,False,False,False,False,False,False,False,False,False,False,False,False,False,False,False,False,False,False,False,False,False,False,False,False,False,False,False,False,False,False,False,False,False,False,False,False,False,False,False,False,False,False,False,False,False,False,False,False,False,False
19,7,0,3,1,13,0,6,0,0,0,2,0,0,0.684210526,0.0,0.315789474,0,3,3.326360408,1,0,True,False,False,False,False,False,False,False,False,False,False,False,False,False,False,False,False,False,False,False,False,False,False,False,False,False,False,False,False,False,False,False,False,False,False,False,False,False,False,False,False,False,False,False,False,False,False,False,False,False,False
21,13,0,6,0,16,0,5,0,0,0,2,0,0,0.761904762,0.0,0.238095238,1,2,3.594465637,0,0,False,False,False,False,False,False,False,False,False,False,False,False,False,False,False,False,False,False,False,False,False,False,False,False,False,False,False,False,False,False,False,False,False,False,False,False,False,False,False,False,False,False,False,False,False,False,False,False,False,False,True
43,8,0,3,1,34,0,9,0,0,0,2,1,0,0.790697674,0.0,0.209302326,0,5,3.865948849,24,0,False,False,False,False,False,False,False,False,False,False,False,False,False,False,False,False,False,False,False,False,False,False,False,False,False,False,False,False,False,False,False,False,False,False,False,False,False,False,False,False,False,False,False,False,False,False,False,False,False,False,True
28,20,0,3,0,23,0,5,0,0,0,1,0,0,0.821428571,0.0,0.178571429,0,3,3.913799565,1,0,False,True,False,False,False,False,False,False,False,False,False,False,False,False,False,False,False,False,False,False,False,False,False,False,False,False,False,False,False,False,False,False,False,False,False,False,False,False,False,False,False,False,False,False,False,False,False,False,False,False,False
28,13,0,2,1,21,0,7,0,0,0,2,0,0,0.75,0.0,0.25,0,4,3.753434386,4,0,False,False,False,False,False,False,False,False,False,False,False,False,False,False,False,False,False,True,False,False,False,False,False,False,False,False,False,False,False,False,False,False,False,False,False,False,False,False,False,False,False,False,False,False,False,False,False,False,False,False,False
33,24,0,3,0,28,0,5,0,0,0,1,0,0,0.848484848,0.0,0.151515152,1,3,4.139112211,1,0,False,True,False,False,False,False,False,False,False,False,False,False,False,False,False,False,False,False,False,False,False,False,False,False,False,False,False,False,False,False,False,False,False,False,False,False,False,False,False,False,False,False,False,False,False,False,False,False,False,False,False
21,13,0,5,0,15,0,6,0,0,0,2,0,0,0.714285714,0.0,0.285714286,0,3,3.499227542,1,0,False,False,False,False,False,False,False,False,False,False,False,False,False,False,False,False,False,False,False,False,False,False,False,False,False,False,False,False,False,False,False,False,False,False,False,True,False,False,False,False,False,False,False,False,False,False,False,False,False,False,False
31,19,0,3,1,25,0,6,0,0,0,2,0,0,0.806451613,0.0,0.193548387,0,3,4.131300343,1,0,True,False,False,False,False,False,False,False,False,False,False,False,False,False,False,False,False,False,False,False,False,False,False,False,False,False,False,False,False,False,False,False,False,False,False,False,False,False,False,False,False,False,False,False,False,False,False,False,False,False,False
26,14,0,5,1,20,0,6,0,0,0,3,0,0,0.769230769,0.0,0.230769231,1,2,3.950063756,0,0,False,False,False,False,False,False,False,False,False,False,False,False,False,False,True,False,False,False,False,False,False,False,False,False,False,False,False,False,False,False,False,False,False,False,False,False,False,False,False,False,False,False,False,False,False,False,False,False,False,False,False
30,17,0,3,1,24,0,6,0,0,0,2,0,0,0.8,0.0,0.2,1,3,3.847742679,1,0,True,False,False,False,False,False,False,False,False,False,False,False,False,False,False,False,False,False,False,False,False,False,False,False,False,False,False,False,False,False,False,False,False,False,False,False,False,False,False,False,False,False,False,False,False,False,False,False,False,False,False
23,11,0,2,1,17,0,6,0,0,0,2,0,0,0.739130435,0.0,0.260869565,0,3,3.762267391,1,0,False,False,False,False,False,False,False,False,False,False,False,False,False,False,False,False,False,False,False,False,False,False,False,False,False,False,True,False,False,False,False,False,False,False,False,False,False,False,False,False,False,False,False,False,False,False,False,False,False,False,False
65,10,0,3,1,59,0,6,0,0,0,2,0,0,0.907692308,0.0,0.092307692,1,3,4.102213968,1,0,True,False,False,False,False,False,False,False,False,False,False,False,False,False,False,False,False,False,False,False,False,False,False,False,False,False,False,False,False,False,False,False,False,False,False,False,False,False,False,False,False,False,False,False,False,False,False,False,False,False,False
41,14,0,8,2,32,0,9,0,0,0,4,1,0,0.780487805,0.0,0.219512195,0,3,3.994764127,1,0,False,False,False,False,False,False,False,False,False,False,False,False,False,False,False,False,False,False,False,False,False,False,False,False,False,False,False,False,False,False,False,False,False,False,False,False,False,False,False,False,False,False,False,False,False,False,False,False,False,False,True
26,6,0,2,2,19,0,7,0,0,0,3,0,0,0.730769231,0.0,0.269230769,0,3,3.738149333,3,0,False,False,False,True,False,False,False,False,False,False,False,False,False,False,False,False,False,False,False,False,False,False,False,False,False,False,False,False,False,False,False,False,False,False,False,False,False,False,False,False,False,False,False,False,False,False,False,False,False,False,False
21,10,0,5,0,14,0,7,0,0,0,2,0,0,0.666666667,0.0,0.333333333,0,4,3.403989446,4,0,False,False,False,False,False,False,False,False,False,False,False,False,False,False,False,False,False,False,False,False,False,False,False,False,False,False,False,False,False,False,False,False,False,False,False,False,False,False,False,False,False,False,False,False,False,False,False,False,False,False,True
78,13,0,2,0,61,11,6,0,0,0,1,0,0,0.782051282,0.141025641,0.076923077,0,3,5.115091802,1,0,False,False,False,False,False,False,True,False,False,False,False,False,False,False,False,False,False,False,False,False,False,False,False,False,False,False,False,False,False,False,False,False,False,False,False,False,False,False,False,False,False,False,False,False,False,False,False,False,False,False,False
19,6,0,2,1,13,0,6,0,0,0,2,0,0,0.684210526,0.0,0.315789474,1,3,3.431623566,1,0,False,False,False,False,False,False,False,False,False,False,False,False,False,False,False,False,False,False,False,False,False,False,False,False,False,False,False,False,False,False,False,False,False,False,False,False,False,False,False,False,False,False,False,False,False,False,False,False,False,False,True
26,14,0,5,1,19,0,7,0,0,0,3,0,0,0.730769231,0.0,0.269230769,0,3,3.613337314,1,0,False,False,False,False,False,False,False,False,False,False,False,False,False,False,False,False,False,False,False,False,False,False,False,False,False,False,False,False,False,False,False,False,False,False,False,True,False,False,False,False,False,False,False,False,False,False,False,False,False,False,False
26,14,0,3,1,20,0,6,0,0,0,2,0,0,0.769230769,0.0,0.230769231,0,3,4.026986833,1,0,True,False,False,False,False,False,False,False,False,False,False,False,False,False,False,False,False,False,False,False,False,False,False,False,False,False,False,False,False,False,False,False,False,False,False,False,False,False,False,False,False,False,False,False,False,False,False,False,False,False,False
27,14,0,3,1,21,0,6,0,0,0,2,0,0,0.777777778,0.0,0.222222222,1,3,4.032303243,1,0,False,True,False,False,False,False,False,False,False,False,False,False,False,False,False,False,False,False,False,False,False,False,False,False,False,False,False,False,False,False,False,False,False,False,False,False,False,False,False,False,False,False,False,False,False,False,False,False,False,False,False
25,13,0,3,1,19,0,6,0,0,0,2,0,0,0.76,0.0,0.24,0,3,3.75326969,1,0,True,False,False,False,False,False,False,False,False,False,False,False,False,False,False,False,False,False,False,False,False,False,False,False,False,False,False,False,False,False,False,False,False,False,False,False,False,False,False,False,False,False,False,False,False,False,False,False,False,False,False
24,15,0,3,0,19,0,5,0,0,0,1,0,0,0.791666667,0.0,0.208333333,1,3,3.688721876,1,0,False,True,False,False,False,False,False,False,False,False,False,False,False,False,False,False,False,False,False,False,False,False,False,False,False,False,False,False,False,False,False,False,False,False,False,False,False,False,False,False,False,False,False,False,False,False,False,False,False,False,False
23,6,0,3,2,16,0,7,0,0,0,3,0,0,0.695652174,0.0,0.304347826,0,3,3.522711956,1,0,False,False,False,False,False,False,False,True,False,False,False,False,False,False,False,False,False,False,False,False,False,False,False,False,False,False,False,False,False,False,False,False,False,False,False,False,False,False,False,False,False,False,False,False,False,False,False,False,False,False,False
28,15,0,2,1,21,0,7,0,0,0,2,1,0,0.75,0.0,0.25,1,3,3.69951385,1,0,False,False,False,True,False,False,False,False,False,False,False,False,False,False,False,False,False,False,False,False,False,False,False,False,False,False,False,False,False,False,False,False,False,False,False,False,False,False,False,False,False,False,False,False,False,False,False,False,False,False,False
44,9,0,2,1,35,0,9,0,0,0,3,0,1,0.795454545,0.0,0.204545455,0,4,3.951733973,24,0,False,False,False,False,False,False,False,False,False,False,False,False,False,False,False,False,False,False,False,False,False,False,False,False,False,False,False,False,False,False,False,False,False,False,False,False,True,False,False,False,False,False,False,False,False,False,False,False,False,False,False
73,29,0,6,1,62,0,11,0,0,0,3,2,0,0.849315068,0.0,0.150684932,0,5,4.073472856,33,0,False,False,False,False,False,False,False,False,False,False,False,False,False,False,False,False,False,False,True,False,False,False,False,False,False,False,False,False,False,False,False,False,False,False,False,False,False,False,False,False,False,False,False,False,False,False,False,False,False,False,False
28,16,0,3,1,22,0,6,0,0,0,2,0,0,0.785714286,0.0,0.214285714,0,3,3.767375798,1,0,False,True,False,False,False,False,False,False,False,False,False,False,False,False,False,False,False,False,False,False,False,False,False,False,False,False,False,False,False,False,False,False,False,False,False,False,False,False,False,False,False,False,False,False,False,False,False,False,False,False,False
28,16,0,6,1,22,0,6,0,0,0,3,0,0,0.785714286,0.0,0.214285714,1,2,4.253434386,0,0,False,False,False,False,False,False,False,False,False,False,False,False,False,False,False,False,False,False,False,False,False,False,False,False,False,False,False,False,False,False,False,False,False,False,False,False,False,False,False,False,False,False,False,False,False,False,False,False,False,False,True
21,9,0,3,1,15,0,6,0,0,0,2,0,0,0.714285714,0.0,0.285714286,0,3,3.748994804,1,0,True,False,False,False,False,False,False,False,False,False,False,False,False,False,False,False,False,False,False,False,False,False,False,False,False,False,False,False,False,False,False,False,False,False,False,False,False,False,False,False,False,False,False,False,False,False,False,False,False,False,False
20,11,0,5,0,14,0,6,0,0,0,2,0,0,0.7,0.0,0.3,1,3,3.68418372,1,0,False,False,False,False,False,False,False,False,False,False,False,False,False,False,False,False,False,False,False,False,False,False,False,False,False,False,False,False,False,False,False,False,False,False,False,False,False,False,False,False,False,False,False,False,False,False,False,False,False,False,True
31,16,0,3,1,26,0,5,0,0,0,2,0,0,0.838709677,0.0,0.161290323,1,2,4.002268084,0,0,False,False,True,False,False,False,False,False,False,False,False,False,False,False,False,False,False,False,False,False,False,False,False,False,False,False,False,False,False,False,False,False,False,False,False,False,False,False,False,False,False,False,False,False,False,False,False,False,False,False,False
29,17,0,3,1,23,0,6,0,0,0,2,0,0,0.793103448,0.0,0.206896552,0,3,3.952302978,1,0,False,True,False,False,False,False,False,False,False,False,False,False,False,False,False,False,False,False,False,False,False,False,False,False,False,False,False,False,False,False,False,False,False,False,False,False,False,False,False,False,False,False,False,False,False,False,False,False,False,False,False
69,10,0,3,1,49,3,17,5,1,4,3,0,0,0.710144928,0.043478261,0.246376812,0,3,4.431382799,10,38,True,False,False,False,False,False,False,False,False,False,False,False,False,False,False,False,False,False,False,False,False,False,False,False,False,False,False,False,False,False,False,False,False,False,False,False,False,False,False,False,False,False,False,False,False,False,False,False,False,False,False
37,25,0,3,1,30,0,7,0,0,0,2,1,0,0.810810811,0.0,0.189189189,0,3,4.060012149,1,0,True,False,False,False,False,False,False,False,False,False,False,False,False,False,False,False,False,False,False,False,False,False,False,False,False,False,False,False,False,False,False,False,False,False,False,False,False,False,False,False,False,False,False,False,False,False,False,False,False,False,False
23,11,0,3,1,17,0,6,0,0,0,2,0,0,0.739130435,0.0,0.260869565,0,3,3.762267391,1,0,True,False,False,False,False,False,False,False,False,False,False,False,False,False,False,False,False,False,False,False,False,False,False,False,False,False,False,False,False,False,False,False,False,False,False,False,False,False,False,False,False,False,False,False,False,False,False,False,False,False,False
27,15,0,3,1,21,0,6,0,0,0,2,0,0,0.777777778,0.0,0.222222222,0,3,3.680089354,1,0,True,False,False,False,False,False,False,False,False,False,False,False,False,False,False,False,False,False,False,False,False,False,False,False,False,False,False,False,False,False,False,False,False,False,False,False,False,False,False,False,False,False,False,False,False,False,False,False,False,False,False
26,14,0,3,1,20,0,6,0,0,0,2,0,0,0.769230769,0.0,0.230769231,0,3,3.719294526,1,0,False,True,False,False,False,False,False,False,False,False,False,False,False,False,False,False,False,False,False,False,False,False,False,False,False,False,False,False,False,False,False,False,False,False,False,False,False,False,False,False,False,False,False,False,False,False,False,False,False,False,False
23,11,0,3,1,17,0,6,0,0,0,2,0,0,0.739130435,0.0,0.260869565,0,3,3.849223912,1,0,False,True,False,False,False,False,False,False,False,False,False,False,False,False,False,False,False,False,False,False,False,False,False,False,False,False,False,False,False,False,False,False,False,False,False,False,False,False,False,False,False,False,False,False,False,False,False,False,False,False,False
84,10,0,3,1,62,11,11,0,0,0,2,1,1,0.738095238,0.130952381,0.130952381,1,6,5.151378959,61,0,True,False,False,False,False,False,False,False,False,False,False,False,False,False,False,False,False,False,False,False,False,False,False,False,False,False,False,False,False,False,False,False,False,False,False,False,False,False,False,False,False,False,False,False,False,False,False,False,False,False,False
26,12,0,3,0,21,0,5,0,0,0,1,0,0,0.807692308,0.0,0.192307692,1,3,3.825251737,6,0,False,False,False,False,False,False,False,False,True,False,False,False,False,False,False,False,False,False,False,False,False,False,False,False,False,False,False,False,False,False,False,False,False,False,False,False,False,False,False,False,False,False,False,False,False,False,False,False,False,False,False
25,8,0,3,1,18,0,7,0,0,0,2,1,0,0.72,0.0,0.28,0,3,3.83326969,6,0,True,False,False,False,False,False,False,False,False,False,False,False,False,False,False,False,False,False,False,False,False,False,False,False,False,False,False,False,False,False,False,False,False,False,False,False,False,False,False,False,False,False,False,False,False,False,False,False,False,False,False
29,16,0,3,1,23,0,6,0,0,0,2,0,0,0.793103448,0.0,0.206896552,1,3,3.797467633,1,0,True,False,False,False,False,False,False,False,False,False,False,False,False,False,False,False,False,False,False,False,False,False,False,False,False,False,False,False,False,False,False,False,False,False,False,False,False,False,False,False,False,False,False,False,False,False,False,False,False,False,False
46,11,0,3,1,39,0,7,0,0,0,2,1,0,0.847826087,0.0,0.152173913,1,3,4.34389538,8,0,True,False,False,False,False,False,False,False,False,False,False,False,False,False,False,False,False,False,False,False,False,False,False,False,False,False,False,False,False,False,False,False,False,False,False,False,False,False,False,False,False,False,False,False,False,False,False,False,False,False,False
27,16,0,3,1,22,0,5,0,0,0,2,0,0,0.814814815,0.0,0.185185185,0,2,3.782122224,0,0,True,False,False,False,False,False,False,False,False,False,False,False,False,False,False,False,False,False,False,False,False,False,False,False,False,False,False,False,False,False,False,False,False,False,False,False,False,False,False,False,False,False,False,False,False,False,False,False,False,False,False
25,17,0,3,0,20,0,5,0,0,0,1,0,0,0.8,0.0,0.2,0,3,3.75326969,1,0,True,False,False,False,False,False,False,False,False,False,False,False,False,False,False,False,False,False,False,False,False,False,False,False,False,False,False,False,False,False,False,False,False,False,False,False,False,False,False,False,False,False,False,False,False,False,False,False,False,False,False
27,11,0,3,1,20,0,7,0,0,0,2,0,0,0.740740741,0.0,0.259259259,0,4,3.661932872,5,0,False,False,True,False,False,False,False,False,False,False,False,False,False,False,False,False,False,False,False,False,False,False,False,False,False,False,False,False,False,False,False,False,False,False,False,False,False,False,False,False,False,False,False,False,False,False,False,False,False,False,False
20,9,0,5,1,14,0,6,0,0,0,3,0,0,0.7,0.0,0.3,0,2,3.546439345,0,0,False,False,False,False,False,False,False,False,False,False,False,False,False,False,False,False,False,False,False,False,False,False,False,False,False,False,False,False,False,False,False,False,False,False,False,True,False,False,False,False,False,False,False,False,False,False,False,False,False,False,False
28,7,0,2,1,15,4,9,0,0,0,2,1,0,0.535714286,0.142857143,0.321428571,0,5,3.937193209,10,0,False,False,False,False,False,False,False,False,False,False,False,False,False,False,False,False,False,False,False,False,False,False,False,False,False,False,False,False,False,False,False,False,False,False,False,False,False,False,False,False,False,False,False,False,False,False,False,False,False,False,True
34,13,0,3,1,29,0,5,0,0,0,2,0,0,0.852941176,0.0,0.147058824,1,2,4.124083797,0,0,True,False,False,False,False,False,False,False,False,False,False,False,False,False,False,False,False,False,False,False,False,False,False,False,False,False,False,False,False,False,False,False,False,False,False,False,False,False,False,False,False,False,False,False,False,False,False,False,False,False,False
34,7,0,3,2,26,0,8,0,0,0,4,0,0,0.764705882,0.0,0.235294118,0,3,3.807763576,11,0,False,False,False,False,False,False,False,False,False,False,False,False,False,False,False,False,False,False,False,False,False,False,False,False,False,False,False,False,False,False,False,False,False,False,False,False,False,False,False,False,False,False,False,False,False,False,False,False,False,False,True
24,12,0,5,1,18,0,6,0,0,0,3,0,0,0.75,0.0,0.25,1,2,3.855388542,0,0,False,False,False,False,False,False,False,False,False,False,False,False,False,False,False,False,False,False,False,False,False,False,False,False,False,False,False,False,False,False,False,False,False,False,False,False,False,False,False,False,False,False,False,False,False,False,False,False,False,False,True
18,11,0,6,0,13,0,5,0,0,0,2,0,0,0.722222222,0.0,0.277777778,0,2,3.503258335,0,0,False,False,False,False,False,False,False,False,False,False,False,False,False,False,False,False,False,False,False,False,False,False,False,False,False,False,False,False,False,False,False,False,False,False,False,False,False,False,False,False,False,False,False,False,False,False,False,False,False,False,True
25,12,0,2,1,19,0,6,0,0,0,2,0,0,0.76,0.0,0.24,1,3,3.563074189,1,0,False,False,False,False,False,False,False,False,False,False,False,False,False,False,False,False,False,False,False,False,False,False,False,False,False,False,False,False,False,False,True,False,False,False,False,False,False,False,False,False,False,False,False,False,False,False,False,False,False,False,False
21,9,0,2,1,15,0,6,0,0,0,2,0,0,0.714285714,0.0,0.285714286,0,3,3.653756708,1,0,False,False,False,False,False,False,False,False,False,False,False,False,False,False,False,False,False,False,False,False,False,False,False,True,False,False,False,False,False,False,False,False,False,False,False,False,False,False,False,False,False,False,False,False,False,False,False,False,False,False,False
53,13,0,3,1,40,1,12,0,0,0,3,1,0,0.754716981,0.018867925,0.226415094,0,7,4.26206037,29,0,True,False,False,False,False,False,False,False,False,False,False,False,False,False,False,False,False,False,False,False,False,False,False,False,False,False,False,False,False,False,False,False,False,False,False,False,False,False,False,False,False,False,False,False,False,False,False,False,False,False,False
22,6,0,2,0,13,4,5,0,0,0,1,0,0,0.590909091,0.181818182,0.227272727,1,3,3.936260028,8,0,False,False,False,False,False,False,False,False,False,False,False,False,False,False,False,False,False,False,False,False,False,True,False,False,False,False,False,False,False,False,False,False,False,False,False,False,False,False,False,False,False,False,False,False,False,False,False,False,False,False,False
30,17,0,3,1,24,0,6,0,0,0,2,0,0,0.8,0.0,0.2,1,3,3.781076012,1,0,False,True,False,False,False,False,False,False,False,False,False,False,False,False,False,False,False,False,False,False,False,False,False,False,False,False,False,False,False,False,False,False,False,False,False,False,False,False,False,False,False,False,False,False,False,False,False,False,False,False,False
30,15,0,2,1,22,0,8,0,0,0,2,1,0,0.733333333,0.0,0.266666667,0,4,3.764735179,4,0,False,False,False,False,False,True,False,False,False,False,False,False,False,False,False,False,False,False,False,False,False,False,False,False,False,False,False,False,False,False,False,False,False,False,False,False,False,False,False,False,False,False,False,False,False,False,False,False,False,False,False
28,9,0,3,1,23,0,5,0,0,0,2,0,0,0.821428571,0.0,0.178571429,1,2,4.110577243,0,0,True,False,False,False,False,False,False,False,False,False,False,False,False,False,False,False,False,False,False,False,False,False,False,False,False,False,False,False,False,False,False,False,False,False,False,False,False,False,False,False,False,False,False,False,False,False,False,False,False,False,False
26,14,0,3,1,20,0,6,0,0,0,2,0,0,0.769230769,0.0,0.230769231,0,3,3.796217603,1,0,True,False,False,False,False,False,False,False,False,False,False,False,False,False,False,False,False,False,False,False,False,False,False,False,False,False,False,False,False,False,False,False,False,False,False,False,False,False,False,False,False,False,False,False,False,False,False,False,False,False,False
24,12,0,5,1,17,0,7,0,0,0,3,0,0,0.708333333,0.0,0.291666667,0,3,3.65726823,1,0,False,False,False,False,False,False,False,False,False,False,False,False,False,False,False,False,False,False,False,False,False,False,False,False,False,False,False,False,False,False,False,False,False,False,False,False,False,False,False,False,False,False,False,False,False,False,False,False,False,False,True
26,14,0,3,1,20,0,6,0,0,0,2,0,0,0.769230769,0.0,0.230769231,0,3,3.87314068,1,0,True,False,False,False,False,False,False,False,False,False,False,False,False,False,False,False,False,False,False,False,False,False,False,False,False,False,False,False,False,False,False,False,False,False,False,False,False,False,False,False,False,False,False,False,False,False,False,False,False,False,False
30,9,0,5,1,22,0,8,0,0,0,4,0,0,0.733333333,0.0,0.266666667,0,3,3.923231429,10,0,False,False,False,False,False,False,False,False,False,False,False,False,False,False,False,False,False,False,False,False,False,False,False,False,False,False,False,False,True,False,False,False,False,False,False,False,False,False,False,False,False,False,False,False,False,False,False,False,False,False,False
28,16,0,2,1,22,0,6,0,0,0,2,0,0,0.785714286,0.0,0.214285714,0,3,3.9677201,1,0,False,False,False,False,False,False,False,False,False,False,False,False,False,False,False,False,False,False,False,False,False,False,False,False,False,False,False,False,False,False,False,False,False,False,False,False,False,False,False,False,False,False,False,False,False,False,False,False,False,False,True
24,7,0,2,2,18,0,6,0,0,0,3,0,0,0.75,0.0,0.25,1,2,3.772055209,0,0,False,False,False,False,True,False,False,False,False,False,False,False,False,False,False,False,False,False,False,False,False,False,False,False,False,False,False,False,False,False,False,False,False,False,False,False,False,False,False,False,False,False,False,False,False,False,False,False,False,False,False
24,12,0,3,1,18,0,6,0,0,0,2,0,0,0.75,0.0,0.25,0,3,3.772055209,1,0,True,False,False,False,False,False,False,False,False,False,False,False,False,False,False,False,False,False,False,False,False,False,False,False,False,False,False,False,False,False,False,False,False,False,False,False,False,False,False,False,False,False,False,False,False,False,False,False,False,False,False
23,10,0,3,1,17,0,6,0,0,0,2,0,0,0.739130435,0.0,0.260869565,1,3,3.729446195,1,0,False,True,False,False,False,False,False,False,False,False,False,False,False,False,False,False,False,False,False,False,False,False,False,False,False,False,False,False,False,False,False,False,False,False,False,False,False,False,False,False,False,False,False,False,False,False,False,False,False,False,False
36,24,0,3,1,30,0,6,0,0,0,2,0,0,0.833333333,0.0,0.166666667,0,3,4.009523959,1,0,False,True,False,False,False,False,False,False,False,False,False,False,False,False,False,False,False,False,False,False,False,False,False,False,False,False,False,False,False,False,False,False,False,False,False,False,False,False,False,False,False,False,False,False,False,False,False,False,False,False,False
24,5,0,2,2,17,0,7,0,0,0,3,0,0,0.708333333,0.0,0.291666667,0,3,3.740601563,1,0,False,False,False,False,False,False,False,False,False,False,False,False,False,False,False,False,False,False,False,False,False,False,False,False,False,False,False,False,False,False,False,False,False,False,False,False,False,False,False,False,False,False,False,False,False,False,False,False,False,False,True
44,8,0,3,1,36,0,8,0,0,0,2,0,0,0.818181818,0.0,0.181818182,0,5,3.954003642,19,0,False,False,False,False,False,False,False,True,False,False,False,False,False,False,False,False,False,False,False,False,False,False,False,False,False,False,False,False,False,False,False,False,False,False,False,False,False,False,False,False,False,False,False,False,False,False,False,False,False,False,False
25,11,0,6,1,19,0,6,0,0,0,3,0,0,0.76,0.0,0.24,1,2,3.70346519,0,0,False,False,False,False,False,False,False,False,False,False,False,False,False,False,False,False,False,False,False,False,False,False,False,False,True,False,False,False,False,False,False,False,False,False,False,False,False,False,False,False,False,False,False,False,False,False,False,False,False,False,False
44,9,0,2,1,36,0,8,0,0,0,2,1,0,0.818181818,0.0,0.181818182,1,4,4.129219687,8,0,False,False,False,False,False,False,False,False,False,False,False,False,False,False,False,False,False,False,False,False,False,False,False,False,False,False,False,False,False,False,False,False,False,False,True,False,False,False,False,False,False,False,False,False,False,False,False,False,False,False,False
25,13,0,6,1,19,0,6,0,0,0,3,0,0,0.76,0.0,0.24,1,2,3.83326969,0,0,False,False,False,False,False,False,False,False,False,False,False,False,False,False,False,False,False,False,False,False,False,False,False,False,False,False,False,False,False,False,False,False,False,False,False,False,False,False,False,False,False,False,False,False,False,False,False,False,False,False,True
32,13,0,3,1,24,0,8,0,0,0,2,1,0,0.75,0.0,0.25,1,4,3.929229297,7,0,True,False,False,False,False,False,False,False,False,False,False,False,False,False,False,False,False,False,False,False,False,False,False,False,False,False,False,False,False,False,False,False,False,False,False,False,False,False,False,False,False,False,False,False,False,False,False,False,False,False,False
34,12,0,6,1,25,0,9,0,0,0,3,0,0,0.735294118,0.0,0.264705882,0,5,3.855865695,11,0,False,False,False,False,False,False,False,False,False,False,False,False,False,False,False,False,False,False,False,False,False,False,False,False,False,False,False,False,False,False,False,False,False,False,False,False,False,False,False,False,False,False,False,False,False,False,False,False,False,False,True
23,11,0,2,1,17,0,6,0,0,0,2,0,0,0.739130435,0.0,0.260869565,0,3,3.936180434,1,0,False,False,False,False,False,False,False,False,False,False,False,False,False,False,False,False,False,False,False,False,False,False,False,False,False,False,False,False,False,False,False,False,False,False,False,False,False,False,False,False,False,False,False,False,False,True,False,False,False,False,False
20,7,0,3,1,14,0,6,0,0,0,2,0,0,0.7,0.0,0.3,1,3,3.446439345,1,0,False,True,False,False,False,False,False,False,False,False,False,False,False,False,False,False,False,False,False,False,False,False,False,False,False,False,False,False,False,False,False,False,False,False,False,False,False,False,False,False,False,False,False,False,False,False,False,False,False,False,False
21,6,0,2,1,15,0,6,0,0,0,2,0,0,0.714285714,0.0,0.285714286,1,3,3.689703732,1,0,False,False,False,False,True,False,False,False,False,False,False,False,False,False,False,False,False,False,False,False,False,False,False,False,False,False,False,False,False,False,False,False,False,False,False,False,False,False,False,False,False,False,False,False,False,False,False,False,False,False,False
25,7,0,3,2,18,0,7,0,0,0,3,0,0,0.72,0.0,0.28,0,3,3.75326969,1,0,False,False,True,False,False,False,False,False,False,False,False,False,False,False,False,False,False,False,False,False,False,False,False,False,False,False,False,False,False,False,False,False,False,False,False,False,False,False,False,False,False,False,False,False,False,False,False,False,False,False,False
25,17,0,3,0,20,0,5,0,0,0,1,0,0,0.8,0.0,0.2,0,3,3.78346519,1,0,False,True,False,False,False,False,False,False,False,False,False,False,False,False,False,False,False,False,False,False,False,False,False,False,False,False,False,False,False,False,False,False,False,False,False,False,False,False,False,False,False,False,False,False,False,False,False,False,False,False,False
26,17,0,3,0,21,0,5,0,0,0,1,0,0,0.807692308,0.0,0.192307692,1,3,3.902174814,1,0,False,True,False,False,False,False,False,False,False,False,False,False,False,False,False,False,False,False,False,False,False,False,False,False,False,False,False,False,False,False,False,False,False,False,False,False,False,False,False,False,False,False,False,False,False,False,False,False,False,False,False
26,14,0,5,1,19,0,7,0,0,0,3,0,0,0.730769231,0.0,0.269230769,0,3,3.613337314,1,0,False,False,False,False,False,False,False,False,False,False,False,False,False,False,False,False,False,False,False,False,False,False,False,False,False,False,False,False,False,False,False,False,False,False,False,False,False,False,False,False,False,False,False,False,False,False,False,False,False,False,True
26,6,0,2,2,18,0,8,0,0,0,3,0,0,0.692307692,0.0,0.307692308,0,4,3.796217603,4,0,False,False,False,False,False,False,False,False,False,False,False,False,False,False,False,False,False,False,False,False,False,False,False,False,False,False,False,False,False,False,False,False,False,False,False,False,False,False,False,False,False,False,False,False,False,False,False,False,False,False,True
40,27,0,4,0,33,0,7,0,0,0,1,1,0,0.825,0.0,0.175,1,4,3.837326145,5,0,False,False,False,False,False,False,False,False,False,False,False,False,False,False,False,False,False,False,False,False,False,False,False,False,False,False,False,False,False,False,False,False,False,False,False,False,False,False,False,False,False,False,False,False,False,False,False,False,False,False,True
40,10,0,3,1,32,0,8,0,0,0,2,0,0,0.8,0.0,0.2,1,5,3.956198333,16,0,True,False,False,False,False,False,False,False,False,False,False,False,False,False,False,False,False,False,False,False,False,False,False,False,False,False,False,False,False,False,False,False,False,False,False,False,False,False,False,False,False,False,False,False,False,False,False,False,False,False,False
25,9,0,3,1,18,0,7,0,0,0,2,0,0,0.72,0.0,0.28,1,4,3.62346519,4,0,True,False,False,False,False,False,False,False,False,False,False,False,False,False,False,False,False,False,False,False,False,False,False,False,False,False,False,False,False,False,False,False,False,False,False,False,False,False,False,False,False,False,False,False,False,False,False,False,False,False,False
24,15,0,5,0,18,0,6,0,0,0,2,0,0,0.75,0.0,0.25,1,3,3.490601563,1,0,False,False,False,False,False,False,False,False,False,False,False,False,False,False,False,False,False,False,False,False,False,False,False,False,False,False,False,False,False,False,False,False,False,False,False,False,False,False,False,False,False,False,False,False,False,False,False,False,False,False,True
30,9,0,3,1,25,0,5,0,0,0,2,0,0,0.833333333,0.0,0.166666667,1,2,3.898068512,0,0,False,False,False,False,False,False,False,False,False,True,False,False,False,False,False,False,False,False,False,False,False,False,False,False,False,False,False,False,False,False,False,False,False,False,False,False,False,False,False,False,False,False,False,False,False,False,False,False,False,False,False
38,26,0,3,1,30,0,8,0,0,0,2,2,0,0.789473684,0.0,0.210526316,0,3,4.135699553,1,0,False,True,False,False,False,False,False,False,False,False,False,False,False,False,False,False,False,False,False,False,False,False,False,False,False,False,False,False,False,False,False,False,False,False,False,False,False,False,False,False,False,False,False,False,False,False,False,False,False,False,False
20,8,0,2,1,14,0,6,0,0,0,2,0,0,0.7,0.0,0.3,0,3,3.40869497,1,0,False,False,False,False,False,False,False,False,False,False,False,False,True,False,False,False,False,False,False,False,False,False,False,False,False,False,False,False,False,False,False,False,False,False,False,False,False,False,False,False,False,False,False,False,False,False,False,False,False,False,False
59,13,0,3,2,46,2,11,0,0,0,4,2,0,0.779661017,0.033898305,0.186440678,1,4,4.225887016,25,0,True,False,False,False,False,False,False,False,False,False,False,False,False,False,False,False,False,False,False,False,False,False,False,False,False,False,False,False,False,False,False,False,False,False,False,False,False,False,False,False,False,False,False,False,False,False,False,False,False,False,False
24,8,0,5,2,17,0,7,0,0,0,4,0,0,0.708333333,0.0,0.291666667,1,2,3.636842188,0,0,False,False,False,False,False,False,False,False,False,False,False,False,False,False,False,False,False,False,False,False,False,False,False,False,False,False,False,False,False,False,False,False,False,False,False,False,False,False,False,False,False,False,False,False,False,False,False,False,False,False,True
190,10,0,3,1,147,16,27,4,1,3,3,3,2,0.773684211,0.084210526,0.142105263,1,7,5.662876525,108,58,True,False,False,False,False,False,False,False,False,False,False,False,False,False,False,False,False,False,False,False,False,False,False,False,False,False,False,False,False,False,False,False,False,False,False,False,False,False,False,False,False,False,False,False,False,False,False,False,False,False,False
29,17,0,3,1,23,0,6,0,0,0,2,0,0,0.793103448,0.0,0.206896552,0,3,3.667314615,1,0,True,False,False,False,False,False,False,False,False,False,False,False,False,False,False,False,False,False,False,False,False,False,False,False,False,False,False,False,False,False,False,False,False,False,False,False,False,False,False,False,False,False,False,False,False,False,False,False,False,False,False
20,8,0,2,1,14,0,6,0,0,0,2,0,0,0.7,0.0,0.3,0,3,3.646439345,1,0,False,False,False,False,True,False,False,False,False,False,False,False,False,False,False,False,False,False,False,False,False,False,False,False,False,False,False,False,False,False,False,False,False,False,False,False,False,False,False,False,False,False,False,False,False,False,False,False,False,False,False
45,9,0,3,1,38,0,7,0,0,0,2,1,0,0.844444444,0.0,0.155555556,1,3,4.146756985,1,0,False,False,False,False,False,False,False,False,False,True,False,False,False,False,False,False,False,False,False,False,False,False,False,False,False,False,False,False,False,False,False,False,False,False,False,False,False,False,False,False,False,False,False,False,False,False,False,False,False,False,False
20,12,0,3,0,15,0,5,0,0,0,1,0,0,0.75,0.0,0.25,0,3,3.746439345,1,0,True,False,False,False,False,False,False,False,False,False,False,False,False,False,False,False,False,False,False,False,False,False,False,False,False,False,False,False,False,False,False,False,False,False,False,False,False,False,False,False,False,False,False,False,False,False,False,False,False,False,False
39,10,0,2,1,32,0,7,0,0,0,2,1,0,0.820512821,0.0,0.179487179,1,3,4.07042586,1,0,False,False,False,False,False,False,False,False,False,False,False,False,False,False,False,False,False,False,False,False,False,False,False,False,False,False,False,False,False,False,False,False,False,False,True,False,False,False,False,False,False,False,False,False,False,False,False,False,False,False,False
21,8,0,2,1,15,0,6,0,0,0,2,0,0,0.714285714,0.0,0.285714286,1,3,3.522571589,1,0,False,False,False,False,False,False,True,False,False,False,False,False,False,False,False,False,False,False,False,False,False,False,False,False,False,False,False,False,False,False,False,False,False,False,False,False,False,False,False,False,False,False,False,False,False,False,False,False,False,False,False
23,11,0,5,1,17,0,6,0,0,0,3,0,0,0.739130435,0.0,0.260869565,1,2,3.675310869,0,0,False,False,False,False,False,False,False,False,False,False,False,False,False,False,False,False,False,False,False,False,False,False,False,False,False,False,False,False,False,True,False,False,False,False,False,False,False,False,False,False,False,False,False,False,False,False,False,False,False,False,False
22,14,0,3,0,17,0,5,0,0,0,1,0,0,0.772727273,0.0,0.227272727,0,3,3.754441846,1,0,False,False,True,False,False,False,False,False,False,False,False,False,False,False,False,False,False,False,False,False,False,False,False,False,False,False,False,False,False,False,False,False,False,False,False,False,False,False,False,False,False,False,False,False,False,False,False,False,False,False,False
19,6,0,2,1,13,0,6,0,0,0,2,0,0,0.684210526,0.0,0.315789474,1,3,3.536886724,1,0,False,False,False,True,False,False,False,False,False,False,False,False,False,False,False,False,False,False,False,False,False,False,False,False,False,False,False,False,False,False,False,False,False,False,False,False,False,False,False,False,False,False,False,False,False,False,False,False,False,False,False
55,7,0,3,1,46,0,9,0,0,0,2,0,0,0.836363636,0.0,0.163636364,1,6,4.158010395,36,0,False,False,False,False,False,False,False,True,False,False,False,False,False,False,False,False,False,False,False,False,False,False,False,False,False,False,False,False,False,False,False,False,False,False,False,False,False,False,False,False,False,False,False,False,False,False,False,False,False,False,False
26,8,0,3,1,20,0,6,0,0,0,2,0,0,0.769230769,0.0,0.230769231,1,3,3.719294526,1,0,False,False,False,False,False,False,False,True,False,False,False,False,False,False,False,False,False,False,False,False,False,False,False,False,False,False,False,False,False,False,False,False,False,False,False,False,False,False,False,False,False,False,False,False,False,False,False,False,False,False,False
22,14,0,3,0,17,0,5,0,0,0,1,0,0,0.772727273,0.0,0.227272727,0,3,3.754441846,1,0,False,True,False,False,False,False,False,False,False,False,False,False,False,False,False,False,False,False,False,False,False,False,False,False,False,False,False,False,False,False,False,False,False,False,False,False,False,False,False,False,False,False,False,False,False,False,False,False,False,False,False
24,11,0,6,0,17,0,7,0,0,0,2,0,0,0.708333333,0.0,0.291666667,0,4,3.720175521,6,0,False,False,False,False,False,False,False,False,False,False,False,False,False,False,False,False,False,False,False,False,False,False,False,False,False,False,False,False,False,False,False,False,False,False,False,False,False,False,False,False,False,False,False,False,False,False,False,False,False,False,True
23,11,0,2,1,17,0,6,0,0,0,2,0,0,0.739130435,0.0,0.260869565,0,3,3.642489673,1,0,False,False,False,False,False,False,False,False,False,False,False,False,False,False,False,False,False,False,False,False,True,False,False,False,False,False,False,False,False,False,False,False,False,False,False,False,False,False,False,False,False,False,False,False,False,False,False,False,False,False,False
55,26,0,6,1,45,0,10,1,1,0,4,0,0,0.818181818,0.0,0.181818182,0,3,4.369564432,9,8,False,False,False,False,False,False,False,False,False,False,False,False,False,True,False,False,False,False,False,False,False,False,False,False,False,False,False,False,False,False,False,False,False,False,False,False,False,False,False,False,False,False,False,False,False,False,False,False,False,False,False
20,12,0,3,0,16,0,4,0,0,0,1,0,0,0.8,0.0,0.2,1,2,3.78418372,0,0,False,True,False,False,False,False,False,False,False,False,False,False,False,False,False,False,False,False,False,False,False,False,False,False,False,False,False,False,False,False,False,False,False,False,False,False,False,False,False,False,False,False,False,False,False,False,False,False,False,False,False
23,11,0,3,1,17,0,6,0,0,0,2,0,0,0.739130435,0.0,0.260869565,0,3,3.588354347,1,0,True,False,False,False,False,False,False,False,False,False,False,False,False,False,False,False,False,False,False,False,False,False,False,False,False,False,False,False,False,False,False,False,False,False,False,False,False,False,False,False,False,False,False,False,False,False,False,False,False,False,False
27,14,0,3,1,21,0,6,0,0,0,2,0,0,0.777777778,0.0,0.222222222,1,3,3.754163428,1,0,False,True,False,False,False,False,False,False,False,False,False,False,False,False,False,False,False,False,False,False,False,False,False,False,False,False,False,False,False,False,False,False,False,False,False,False,False,False,False,False,False,False,False,False,False,False,False,False,False,False,False
40,10,0,6,1,33,0,7,0,0,0,3,0,0,0.825,0.0,0.175,0,3,3.970950594,19,0,False,False,False,False,False,False,False,False,False,False,False,False,False,False,False,False,False,False,False,False,False,False,False,False,False,False,False,False,False,False,False,False,False,False,False,False,False,False,False,False,False,False,False,False,False,False,False,False,False,False,True
32,19,0,2,1,25,0,7,0,0,0,2,1,0,0.78125,0.0,0.21875,1,3,3.840018266,1,0,False,False,False,False,False,False,False,False,False,False,False,False,False,False,False,False,False,True,False,False,False,False,False,False,False,False,False,False,False,False,False,False,False,False,False,False,False,False,False,False,False,False,False,False,False,False,False,False,False,False,False
24,5,0,2,1,15,1,8,0,0,0,2,0,1,0.625,0.041666667,0.333333333,1,4,3.803508855,7,0,False,False,False,False,False,True,False,False,False,False,False,False,False,False,False,False,False,False,False,False,False,False,False,False,False,False,False,False,False,False,False,False,False,False,False,False,False,False,False,False,False,False,False,False,False,False,False,False,False,False,False
20,12,0,3,0,15,0,5,0,0,0,1,0,0,0.75,0.0,0.25,0,3,3.48418372,1,0,True,False,False,False,False,False,False,False,False,False,False,False,False,False,False,False,False,False,False,False,False,False,False,False,False,False,False,False,False,False,False,False,False,False,False,False,False,False,False,False,False,False,False,False,False,False,False,False,False,False,False
28,17,0,3,1,23,0,5,0,0,0,2,0,0,0.821428571,0.0,0.178571429,0,2,3.824862958,0,0,False,True,False,False,False,False,False,False,False,False,False,False,False,False,False,False,False,False,False,False,False,False,False,False,False,False,False,False,False,False,False,False,False,False,False,False,False,False,False,False,False,False,False,False,False,False,False,False,False,False,False
27,14,0,3,1,20,0,7,0,0,0,2,1,0,0.740740741,0.0,0.259259259,1,3,3.958229169,1,0,True,False,False,False,False,False,False,False,False,False,False,False,False,False,False,False,False,False,False,False,False,False,False,False,False,False,False,False,False,False,False,False,False,False,False,False,False,False,False,False,False,False,False,False,False,False,False,False,False,False,False
36,12,0,3,1,27,1,8,0,0,0,3,0,0,0.75,0.027777778,0.222222222,1,4,3.951194363,11,0,True,False,False,False,False,False,False,False,False,False,False,False,False,False,False,False,False,False,False,False,False,False,False,False,False,False,False,False,False,False,False,False,False,False,False,False,False,False,False,False,False,False,False,False,False,False,False,False,False,False,False
21,12,0,2,0,16,0,5,0,0,0,1,0,0,0.761904762,0.0,0.238095238,1,3,3.653756708,1,0,False,False,False,False,False,False,False,False,False,False,True,False,False,False,False,False,False,False,False,False,False,False,False,False,False,False,False,False,False,False,False,False,False,False,False,False,False,False,False,False,False,False,False,False,False,False,False,False,False,False,False
26,14,0,3,1,20,0,6,0,0,0,2,0,0,0.769230769,0.0,0.230769231,0,3,3.767183468,1,0,True,False,False,False,False,False,False,False,False,False,False,False,False,False,False,False,False,False,False,False,False,False,False,False,False,False,False,False,False,False,False,False,False,False,False,False,False,False,False,False,False,False,False,False,False,False,False,False,False,False,False
42,11,0,3,1,20,15,7,0,0,0,2,0,0,0.476190476,0.357142857,0.166666667,1,4,4.379714446,20,0,True,False,False,False,False,False,False,False,False,False,False,False,False,False,False,False,False,False,False,False,False,False,False,False,False,False,False,False,False,False,False,False,False,False,False,False,False,False,False,False,False,False,False,False,False,False,False,False,False,False,False
21,6,0,2,1,16,0,5,0,0,0,2,0,0,0.761904762,0.0,0.238095238,1,2,3.689703732,0,0,False,False,False,False,False,False,False,False,False,False,False,False,False,False,False,False,False,False,False,False,False,False,False,False,False,False,False,False,False,False,False,False,False,False,False,False,False,False,False,False,False,False,False,False,False,False,False,False,False,False,True
39,9,0,2,1,30,0,9,0,0,0,2,0,0,0.769230769,0.0,0.230769231,1,6,3.784650295,18,0,False,False,False,True,False,False,False,False,False,False,False,False,False,False,False,False,False,False,False,False,False,False,False,False,False,False,False,False,False,False,False,False,False,False,False,False,False,False,False,False,False,False,False,False,False,False,False,False,False,False,False
19,11,0,3,0,13,0,6,0,0,0,1,1,0,0.684210526,0.0,0.315789474,0,3,3.787143961,1,0,False,True,False,False,False,False,False,False,False,False,False,False,False,False,False,False,False,False,False,False,False,False,False,False,False,False,False,False,False,False,False,False,False,False,False,False,False,False,False,False,False,False,False,False,False,False,False,False,False,False,False
20,7,0,2,1,14,0,6,0,0,0,2,0,0,0.7,0.0,0.3,0,3,3.58418372,1,0,False,False,False,False,False,False,False,False,False,False,True,False,False,False,False,False,False,False,False,False,False,False,False,False,False,False,False,False,False,False,False,False,False,False,False,False,False,False,False,False,False,False,False,False,False,False,False,False,False,False,False
18,6,0,2,1,12,0,6,0,0,0,2,0,0,0.666666667,0.0,0.333333333,0,3,3.308270835,1,0,False,False,False,False,False,False,False,False,False,False,False,False,False,False,False,False,False,False,False,True,False,False,False,False,False,False,False,False,False,False,False,False,False,False,False,False,False,False,False,False,False,False,False,False,False,False,False,False,False,False,False
19,11,0,3,0,14,0,5,0,0,0,1,0,0,0.736842105,0.0,0.263157895,0,3,3.431623566,1,0,False,True,False,False,False,False,False,False,False,False,False,False,False,False,False,False,False,False,False,False,False,False,False,False,False,False,False,False,False,False,False,False,False,False,False,False,False,False,False,False,False,False,False,False,False,False,False,False,False,False,False
29,17,0,6,1,22,0,7,0,0,0,3,0,0,0.75862069,0.0,0.24137931,0,3,3.78834134,1,0,False,False,False,False,False,False,False,False,False,False,False,False,False,False,False,False,False,False,False,False,False,False,False,False,False,False,False,False,False,False,False,False,False,False,False,False,False,False,False,False,False,False,False,False,False,False,False,False,True,False,False
26,14,0,3,1,20,0,6,0,0,0,2,0,0,0.769230769,0.0,0.230769231,0,3,3.997952699,1,0,False,True,False,False,False,False,False,False,False,False,False,False,False,False,False,False,False,False,False,False,False,False,False,False,False,False,False,False,False,False,False,False,False,False,False,False,False,False,False,False,False,False,False,False,False,False,False,False,False,False,False
29,16,0,2,1,21,0,8,0,0,0,2,2,0,0.724137931,0.0,0.275862069,1,3,4.004364185,1,0,False,False,False,True,False,False,False,False,False,False,False,False,False,False,False,False,False,False,False,False,False,False,False,False,False,False,False,False,False,False,False,False,False,False,False,False,False,False,False,False,False,False,False,False,False,False,False,False,False,False,False
20,7,0,2,1,14,0,6,0,0,0,2,0,0,0.7,0.0,0.3,0,3,3.546439345,2,0,False,False,False,False,True,False,False,False,False,False,False,False,False,False,False,False,False,False,False,False,False,False,False,False,False,False,False,False,False,False,False,False,False,False,False,False,False,False,False,False,False,False,False,False,False,False,False,False,False,False,False
23,10,0,3,1,17,0,6,0,0,0,2,0,0,0.739130435,0.0,0.260869565,1,3,3.729446195,1,0,False,True,False,False,False,False,False,False,False,False,False,False,False,False,False,False,False,False,False,False,False,False,False,False,False,False,False,False,False,False,False,False,False,False,False,False,False,False,False,False,False,False,False,False,False,False,False,False,False,False,False
36,7,0,2,1,28,0,8,0,0,0,2,0,0,0.777777778,0.0,0.222222222,0,5,4.006749919,18,0,False,False,False,False,False,False,False,False,False,False,False,False,False,False,False,False,False,False,False,False,False,False,False,False,False,False,False,False,False,False,False,False,False,False,False,False,False,False,False,False,False,False,False,False,False,False,False,False,False,False,True
27,14,0,2,1,21,0,6,0,0,0,2,0,0,0.777777778,0.0,0.222222222,1,3,3.856196298,1,0,False,False,False,False,False,False,False,False,False,False,False,False,False,False,False,False,False,False,False,True,False,False,False,False,False,False,False,False,False,False,False,False,False,False,False,False,False,False,False,False,False,False,False,False,False,False,False,False,False,False,False
29,17,0,3,1,23,0,6,0,0,0,2,0,0,0.793103448,0.0,0.206896552,0,3,3.952302978,1,0,False,True,False,False,False,False,False,False,False,False,False,False,False,False,False,False,False,False,False,False,False,False,False,False,False,False,False,False,False,False,False,False,False,False,False,False,False,False,False,False,False,False,False,False,False,False,False,False,False,False,False
175,10,0,3,1,133,22,20,3,1,2,2,2,0,0.76,0.125714286,0.114285714,1,7,5.631634919,108,43,True,False,False,False,False,False,False,False,False,False,False,False,False,False,False,False,False,False,False,False,False,False,False,False,False,False,False,False,False,False,False,False,False,False,False,False,False,False,False,False,False,False,False,False,False,False,False,False,False,False,False
42,9,0,2,1,35,0,7,0,0,0,2,1,0,0.833333333,0.0,0.166666667,0,3,4.076026649,7,0,False,False,False,False,False,False,False,False,False,False,False,False,False,False,False,False,False,False,False,False,False,False,False,False,False,False,False,False,False,False,False,False,False,False,True,False,False,False,False,False,False,False,False,False,False,False,False,False,False,False,False
28,19,0,3,0,23,0,5,0,0,0,1,0,0,0.821428571,0.0,0.178571429,1,3,4.012188404,1,0,True,False,False,False,False,False,False,False,False,False,False,False,False,False,False,False,False,False,False,False,False,False,False,False,False,False,False,False,False,False,False,False,False,False,False,False,False,False,False,False,False,False,False,False,False,False,False,False,False,False,False
24,12,0,3,1,18,0,6,0,0,0,2,0,0,0.75,0.0,0.25,0,3,3.772055209,1,0,True,False,False,False,False,False,False,False,False,False,False,False,False,False,False,False,False,False,False,False,False,False,False,False,False,False,False,False,False,False,False,False,False,False,False,False,False,False,False,False,False,False,False,False,False,False,False,False,False,False,False
32,20,0,6,1,25,0,7,0,0,0,3,0,0,0.78125,0.0,0.21875,0,3,4.030639062,1,0,False,False,False,False,False,False,False,False,False,False,False,False,False,False,False,False,False,False,False,False,False,False,False,False,False,False,False,False,False,False,False,False,False,False,False,False,False,False,False,False,False,False,False,False,False,False,False,False,False,False,True
34,13,0,3,1,25,2,7,0,0,0,2,1,0,0.735294118,0.058823529,0.205882353,1,3,4.219528282,1,0,True,False,False,False,False,False,False,False,False,False,False,False,False,False,False,False,False,False,False,False,False,False,False,False,False,False,False,False,False,False,False,False,False,False,False,False,False,False,False,False,False,False,False,False,False,False,False,False,False,False,False
20,8,0,2,1,14,0,6,0,0,0,2,0,0,0.7,0.0,0.3,0,3,3.20869497,1,0,False,False,False,False,False,False,False,False,False,False,True,False,False,False,False,False,False,False,False,False,False,False,False,False,False,False,False,False,False,False,False,False,False,False,False,False,False,False,False,False,False,False,False,False,False,False,False,False,False,False,False
68,11,0,3,1,57,0,11,0,0,0,2,4,0,0.838235294,0.0,0.161764706,1,4,3.78085843,38,0,True,False,False,False,False,False,False,False,False,False,False,False,False,False,False,False,False,False,False,False,False,False,False,False,False,False,False,False,False,False,False,False,False,False,False,False,False,False,False,False,False,False,False,False,False,False,False,False,False,False,False
19,7,0,2,1,13,0,6,0,0,0,2,0,0,0.684210526,0.0,0.315789474,0,3,3.286629487,1,0,False,False,False,False,False,False,False,False,False,False,False,False,False,False,False,False,False,False,False,False,False,False,False,False,False,False,False,False,False,False,False,False,False,False,False,False,False,False,False,False,False,False,False,False,False,False,False,False,False,False,True
20,7,0,2,1,14,0,6,0,0,0,2,0,0,0.7,0.0,0.3,1,3,3.40869497,1,0,False,False,False,False,False,False,False,False,False,False,False,False,False,False,False,False,False,False,False,False,True,False,False,False,False,False,False,False,False,False,False,False,False,False,False,False,False,False,False,False,False,False,False,False,False,False,False,False,False,False,False
25,13,0,5,1,18,0,7,0,0,0,3,0,0,0.72,0.0,0.28,0,3,3.422683189,1,0,False,False,False,False,False,False,False,False,False,False,False,False,False,False,False,False,False,False,False,False,False,False,False,False,False,False,False,False,False,False,False,False,False,False,False,False,False,False,False,False,False,False,False,False,False,False,False,False,False,False,True
29,8,0,3,1,23,0,6,0,0,0,2,0,0,0.793103448,0.0,0.206896552,0,3,3.909368064,1,0,False,False,True,False,False,False,False,False,False,False,False,False,False,False,False,False,False,False,False,False,False,False,False,False,False,False,False,False,False,False,False,False,False,False,False,False,False,False,False,False,False,False,False,False,False,False,False,False,False,False,False
26,13,0,3,1,20,0,6,0,0,0,2,0,0,0.769230769,0.0,0.230769231,1,3,3.584303179,1,0,False,True,False,False,False,False,False,False,False,False,False,False,False,False,False,False,False,False,False,False,False,False,False,False,False,False,False,False,False,False,False,False,False,False,False,False,False,False,False,False,False,False,False,False,False,False,False,False,False,False,False
26,17,0,3,0,21,0,5,0,0,0,1,0,0,0.807692308,0.0,0.192307692,1,3,3.661226256,1,0,False,True,False,False,False,False,False,False,False,False,False,False,False,False,False,False,False,False,False,False,False,False,False,False,False,False,False,False,False,False,False,False,False,False,False,False,False,False,False,False,False,False,False,False,False,False,False,False,False,False,False
27,15,0,3,1,21,0,6,0,0,0,2,0,0,0.777777778,0.0,0.222222222,0,3,3.70804815,1,0,False,True,False,False,False,False,False,False,False,False,False,False,False,False,False,False,False,False,False,False,False,False,False,False,False,False,False,False,False,False,False,False,False,False,False,False,False,False,False,False,False,False,False,False,False,False,False,False,False,False,False
26,14,0,6,1,20,0,6,0,0,0,3,0,0,0.769230769,0.0,0.230769231,1,2,3.767183468,0,0,False,False,False,False,False,False,False,False,False,False,False,False,False,False,False,False,False,False,False,False,False,False,False,False,False,False,False,False,False,False,False,False,False,False,False,False,False,False,False,False,False,False,False,False,False,False,False,False,False,False,True
22,10,0,3,1,16,0,6,0,0,0,2,0,0,0.727272727,0.0,0.272727273,0,3,3.754441846,1,0,True,False,False,False,False,False,False,False,False,False,False,False,False,False,False,False,False,False,False,False,False,False,False,False,False,False,False,False,False,False,False,False,False,False,False,False,False,False,False,False,False,False,False,False,False,False,False,False,False,False,False
19,11,0,3,0,14,0,5,0,0,0,1,0,0,0.736842105,0.0,0.263157895,0,3,3.681880803,1,0,False,True,False,False,False,False,False,False,False,False,False,False,False,False,False,False,False,False,False,False,False,False,False,False,False,False,False,False,False,False,False,False,False,False,False,False,False,False,False,False,False,False,False,False,False,False,False,False,False,False,False
29,16,0,5,1,22,0,7,0,0,0,3,0,0,0.75862069,0.0,0.24137931,1,3,3.952302978,1,0,False,False,False,False,False,False,False,False,False,False,False,False,False,False,True,False,False,False,False,False,False,False,False,False,False,False,False,False,False,False,False,False,False,False,False,False,False,False,False,False,False,False,False,False,False,False,False,False,False,False,False
51,10,0,6,1,41,0,10,0,0,0,3,1,0,0.803921569,0.0,0.196078431,1,5,4.116381294,29,0,False,False,False,False,False,False,False,False,False,False,False,False,False,False,False,False,False,False,True,False,False,False,False,False,False,False,False,False,False,False,False,False,False,False,False,False,False,False,False,False,False,False,False,False,False,False,False,False,False,False,False
25,12,0,6,1,18,0,7,0,0,0,3,0,0,0.72,0.0,0.28,1,3,3.723074189,1,0,False,False,False,False,False,False,False,False,False,False,False,False,False,False,False,False,False,False,False,False,False,False,False,False,False,False,False,False,False,False,False,False,False,False,False,False,False,False,False,False,False,False,False,False,False,False,False,False,False,False,True
54,11,0,3,1,40,7,7,0,0,0,2,0,1,0.740740741,0.12962963,0.12962963,1,3,4.845268697,29,0,True,False,False,False,False,False,False,False,False,False,False,False,False,False,False,False,False,False,False,False,False,False,False,False,False,False,False,False,False,False,False,False,False,False,False,False,False,False,False,False,False,False,False,False,False,False,False,False,False,False,False
33,22,0,3,1,28,0,5,0,0,0,2,0,0,0.848484848,0.0,0.151515152,0,2,3.752600468,0,0,True,False,False,False,False,False,False,False,False,False,False,False,False,False,False,False,False,False,False,False,False,False,False,False,False,False,False,False,False,False,False,False,False,False,False,False,False,False,False,False,False,False,False,False,False,False,False,False,False,False,False
22,13,0,3,0,17,0,5,0,0,0,1,0,0,0.772727273,0.0,0.227272727,1,3,3.697845823,1,0,True,False,False,False,False,False,False,False,False,False,False,False,False,False,False,False,False,False,False,False,False,False,False,False,False,False,False,False,False,False,False,False,False,False,False,False,False,False,False,False,False,False,False,False,False,False,False,False,False,False,False
28,16,0,6,1,21,0,7,0,0,0,3,0,0,0.75,0.0,0.25,0,3,3.628085279,1,0,False,False,False,False,False,False,False,False,False,False,False,False,False,False,False,False,False,False,False,False,False,False,False,False,False,False,False,False,False,False,False,False,False,False,False,False,False,False,False,False,False,False,False,False,False,False,False,False,False,False,True
25,12,0,6,1,18,0,7,0,0,0,3,0,0,0.72,0.0,0.28,1,3,3.75326969,1,0,False,False,False,False,False,False,False,False,False,False,False,False,False,False,False,False,False,False,False,False,False,False,False,False,False,False,False,False,False,False,False,False,False,False,False,False,False,False,False,False,False,False,False,False,False,False,False,False,False,False,True
34,9,0,2,1,26,0,8,0,0,0,3,0,1,0.764705882,0.0,0.235294118,0,3,3.917626444,13,0,False,False,False,False,False,False,False,False,False,False,False,False,False,False,False,False,False,False,False,False,False,False,True,False,False,False,False,False,False,False,False,False,False,False,False,False,False,False,False,False,False,False,False,False,False,False,False,False,False,False,False
22,14,0,3,0,17,0,5,0,0,0,1,0,0,0.772727273,0.0,0.227272727,0,3,3.720128777,1,0,True,False,False,False,False,False,False,False,False,False,False,False,False,False,False,False,False,False,False,False,False,False,False,False,False,False,False,False,False,False,False,False,False,False,False,False,False,False,False,False,False,False,False,False,False,False,False,False,False,False,False
26,14,0,6,1,19,0,7,0,0,0,3,0,0,0.730769231,0.0,0.269230769,0,3,3.767183468,1,0,False,False,False,False,False,False,False,False,False,False,False,False,False,False,False,False,False,False,False,False,False,False,False,False,False,False,False,False,False,False,False,False,False,False,False,False,False,False,False,False,False,False,False,False,False,False,False,False,False,False,True
24,11,0,3,1,18,0,6,0,0,0,2,0,0,0.75,0.0,0.25,1,3,3.855388542,1,0,True,False,False,False,False,False,False,False,False,False,False,False,False,False,False,False,False,False,False,False,False,False,False,False,False,False,False,False,False,False,False,False,False,False,False,False,False,False,False,False,False,False,False,False,False,False,False,False,False,False,False
44,10,0,3,1,35,1,8,0,0,0,3,0,0,0.795454545,0.022727273,0.181818182,1,4,3.96514512,21,0,True,False,False,False,False,False,False,False,False,False,False,False,False,False,False,False,False,False,False,False,False,False,False,False,False,False,False,False,False,False,False,False,False,False,False,False,False,False,False,False,False,False,False,False,False,False,False,False,False,False,False
20,8,0,2,1,15,0,5,0,0,0,2,0,0,0.75,0.0,0.25,1,2,3.203701696,0,0,False,False,False,False,False,False,False,False,False,False,False,False,False,False,False,False,False,False,False,False,False,False,False,False,False,False,False,False,False,False,False,False,False,False,False,False,False,False,False,False,False,False,False,False,False,False,False,False,False,True,False
29,17,0,3,1,23,0,6,0,0,0,2,0,0,0.793103448,0.0,0.206896552,0,3,3.926272374,1,0,False,True,False,False,False,False,False,False,False,False,False,False,False,False,False,False,False,False,False,False,False,False,False,False,False,False,False,False,False,False,False,False,False,False,False,False,False,False,False,False,False,False,False,False,False,False,False,False,False,False,False
14,6,0,2,0,9,0,5,0,0,0,1,0,0,0.642857143,0.0,0.357142857,0,3,3.324862958,1,0,False,False,False,False,False,False,False,False,False,False,False,False,False,False,False,False,False,False,False,False,False,False,False,False,False,False,False,False,False,False,False,False,False,False,False,False,False,False,False,False,False,False,False,False,False,False,False,False,False,False,True
34,21,0,3,1,28,0,6,0,0,0,2,0,0,0.823529412,0.0,0.176470588,1,3,3.917626444,1,0,False,True,False,False,False,False,False,False,False,False,False,False,False,False,False,False,False,False,False,False,False,False,False,False,False,False,False,False,False,False,False,False,False,False,False,False,False,False,False,False,False,False,False,False,False,False,False,False,False,False,False
36,21,0,3,0,28,0,8,0,0,0,2,2,0,0.777777778,0.0,0.222222222,1,3,3.940351043,7,0,True,False,False,False,False,False,False,False,False,False,False,False,False,False,False,False,False,False,False,False,False,False,False,False,False,False,False,False,False,False,False,False,False,False,False,False,False,False,False,False,False,False,False,False,False,False,False,False,False,False,False
31,18,0,5,1,23,0,8,0,0,0,3,1,0,0.741935484,0.0,0.258064516,1,3,4.018081794,1,0,False,False,False,False,False,False,False,False,False,False,False,False,False,False,False,True,False,False,False,False,False,False,False,False,False,False,False,False,False,False,False,False,False,False,False,False,False,False,False,False,False,False,False,False,False,False,False,False,False,False,False
27,19,0,3,0,23,0,4,0,0,0,1,0,0,0.851851852,0.0,0.148148148,1,2,3.838039817,0,0,False,True,False,False,False,False,False,False,False,False,False,False,False,False,False,False,False,False,False,False,False,False,False,False,False,False,False,False,False,False,False,False,False,False,False,False,False,False,False,False,False,False,False,False,False,False,False,False,False,False,False
34,21,0,3,1,28,0,6,0,0,0,2,0,0,0.823529412,0.0,0.176470588,1,3,3.984234165,1,0,False,True,False,False,False,False,False,False,False,False,False,False,False,False,False,False,False,False,False,False,False,False,False,False,False,False,False,False,False,False,False,False,False,False,False,False,False,False,False,False,False,False,False,False,False,False,False,False,False,False,False
33,21,0,3,1,27,0,6,0,0,0,2,0,0,0.818181818,0.0,0.181818182,0,3,3.797083227,1,0,False,True,False,False,False,False,False,False,False,False,False,False,False,False,False,False,False,False,False,False,False,False,False,False,False,False,False,False,False,False,False,False,False,False,False,False,False,False,False,False,False,False,False,False,False,False,False,False,False,False,False
32,20,0,3,1,26,0,6,0,0,0,2,0,0,0.8125,0.0,0.1875,0,3,3.733458593,1,0,False,True,False,False,False,False,False,False,False,False,False,False,False,False,False,False,False,False,False,False,False,False,False,False,False,False,False,False,False,False,False,False,False,False,False,False,False,False,False,False,False,False,False,False,False,False,False,False,False,False,False
30,17,0,2,1,23,0,7,0,0,0,2,1,0,0.766666667,0.0,0.233333333,1,3,4.098068512,1,0,False,False,False,True,False,False,False,False,False,False,False,False,False,False,False,False,False,False,False,False,False,False,False,False,False,False,False,False,False,False,False,False,False,False,False,False,False,False,False,False,False,False,False,False,False,False,False,False,False,False,False
30,8,0,3,1,23,0,7,0,0,0,3,0,0,0.766666667,0.0,0.233333333,1,3,3.781076012,10,0,False,True,False,False,False,False,False,False,False,False,False,False,False,False,False,False,False,False,False,False,False,False,False,False,False,False,False,False,False,False,False,False,False,False,False,False,False,False,False,False,False,False,False,False,False,False,False,False,False,False,False
59,11,0,6,1,47,0,12,0,0,0,3,3,0,0.796610169,0.0,0.203389831,1,5,4.095217424,36,0,False,False,False,False,False,False,False,False,False,False,False,False,False,False,False,False,False,False,True,False,False,False,False,False,False,False,False,False,False,False,False,False,False,False,False,False,False,False,False,False,False,False,False,False,False,False,False,False,False,False,False
25,16,0,3,0,20,0,5,0,0,0,1,0,0,0.8,0.0,0.2,1,3,3.62346519,1,0,False,True,False,False,False,False,False,False,False,False,False,False,False,False,False,False,False,False,False,False,False,False,False,False,False,False,False,False,False,False,False,False,False,False,False,False,False,False,False,False,False,False,False,False,False,False,False,False,False,False,False
44,13,0,3,1,34,3,7,0,0,0,2,1,0,0.772727273,0.068181818,0.159090909,1,3,4.390805482,8,0,True,False,False,False,False,False,False,False,False,False,False,False,False,False,False,False,False,False,False,False,False,False,False,False,False,False,False,False,False,False,False,False,False,False,False,False,False,False,False,False,False,False,False,False,False,False,False,False,False,False,False
28,16,0,3,1,22,0,6,0,0,0,2,0,0,0.785714286,0.0,0.214285714,0,3,3.913799565,1,0,True,False,False,False,False,False,False,False,False,False,False,False,False,False,False,False,False,False,False,False,False,False,False,False,False,False,False,False,False,False,False,False,False,False,False,False,False,False,False,False,False,False,False,False,False,False,False,False,False,False,False
39,26,0,3,1,33,0,6,0,0,0,2,0,0,0.846153846,0.0,0.153846154,1,3,4.10913804,1,0,True,False,False,False,False,False,False,False,False,False,False,False,False,False,False,False,False,False,False,False,False,False,False,False,False,False,False,False,False,False,False,False,False,False,False,False,False,False,False,False,False,False,False,False,False,False,False,False,False,False,False
30,18,0,3,1,24,0,6,0,0,0,2,0,0,0.8,0.0,0.2,0,3,3.872905595,1,0,True,False,False,False,False,False,False,False,False,False,False,False,False,False,False,False,False,False,False,False,False,False,False,False,False,False,False,False,False,False,False,False,False,False,False,False,False,False,False,False,False,False,False,False,False,False,False,False,False,False,False
27,15,0,3,1,21,0,6,0,0,0,2,0,0,0.777777778,0.0,0.222222222,0,3,3.97638565,1,0,False,False,False,False,False,False,False,False,True,False,False,False,False,False,False,False,False,False,False,False,False,False,False,False,False,False,False,False,False,False,False,False,False,False,False,False,False,False,False,False,False,False,False,False,False,False,False,False,False,False,False
24,12,0,3,1,18,0,6,0,0,0,2,0,0,0.75,0.0,0.25,0,3,3.823934896,1,0,True,False,False,False,False,False,False,False,False,False,False,False,False,False,False,False,False,False,False,False,False,False,False,False,False,False,False,False,False,False,False,False,False,False,False,False,False,False,False,False,False,False,False,False,False,False,False,False,False,False,False
24,12,0,3,1,18,0,6,0,0,0,2,0,0,0.75,0.0,0.25,0,3,3.688721876,1,0,False,False,True,False,False,False,False,False,False,False,False,False,False,False,False,False,False,False,False,False,False,False,False,False,False,False,False,False,False,False,False,False,False,False,False,False,False,False,False,False,False,False,False,False,False,False,False,False,False,False,False
34,22,0,2,1,28,0,6,0,0,0,2,0,0,0.823529412,0.0,0.176470588,0,3,3.962031591,1,0,False,False,False,False,False,False,False,False,False,False,False,False,True,False,False,False,False,False,False,False,False,False,False,False,False,False,False,False,False,False,False,False,False,False,False,False,False,False,False,False,False,False,False,False,False,False,False,False,False,False,False
22,10,0,6,1,15,0,7,0,0,0,3,0,0,0.681818182,0.0,0.318181818,0,3,3.629219687,1,0,False,False,False,False,False,False,False,False,False,False,False,False,False,False,False,False,False,False,False,False,False,False,False,False,False,False,False,False,False,False,False,False,False,False,False,False,False,False,False,False,False,False,False,False,False,False,False,False,False,False,True
21,8,0,3,1,15,0,6,0,0,0,2,0,0,0.714285714,0.0,0.285714286,1,3,3.653756708,1,0,False,True,False,False,False,False,False,False,False,False,False,False,False,False,False,False,False,False,False,False,False,False,False,False,False,False,False,False,False,False,False,False,False,False,False,False,False,False,False,False,False,False,False,False,False,False,False,False,False,False,False
20,11,0,3,0,14,0,6,0,0,0,1,1,0,0.7,0.0,0.3,1,3,3.846439345,1,0,True,False,False,False,False,False,False,False,False,False,False,False,False,False,False,False,False,False,False,False,False,False,False,False,False,False,False,False,False,False,False,False,False,False,False,False,False,False,False,False,False,False,False,False,False,False,False,False,False,False,False
59,19,0,2,1,49,0,10,0,0,0,2,2,0,0.830508475,0.0,0.169491525,0,5,4.196474516,29,0,False,False,False,False,False,False,False,False,False,False,False,False,False,False,False,False,False,False,False,False,True,False,False,False,False,False,False,False,False,False,False,False,False,False,False,False,False,False,False,False,False,False,False,False,False,False,False,False,False,False,False
35,9,0,2,1,27,0,8,0,0,0,3,0,1,0.771428571,0.0,0.228571429,0,3,3.978864088,15,0,False,False,False,False,False,True,False,False,False,False,False,False,False,False,False,False,False,False,False,False,False,False,False,False,False,False,False,False,False,False,False,False,False,False,False,False,False,False,False,False,False,False,False,False,False,False,False,False,False,False,False
35,12,0,3,1,27,0,8,0,0,0,2,0,0,0.771428571,0.0,0.228571429,0,5,3.818588646,12,0,True,False,False,False,False,False,False,False,False,False,False,False,False,False,False,False,False,False,False,False,False,False,False,False,False,False,False,False,False,False,False,False,False,False,False,False,False,False,False,False,False,False,False,False,False,False,False,False,False,False,False
23,7,0,3,1,16,0,7,0,0,0,2,0,0,0.695652174,0.0,0.304347826,1,4,3.621175543,4,0,True,False,False,False,False,False,False,False,False,False,False,False,False,False,False,False,False,False,False,False,False,False,False,False,False,False,False,False,False,False,False,False,False,False,False,False,False,False,False,False,False,False,False,False,False,False,False,False,False,False,False
25,8,0,3,1,19,0,6,0,0,0,2,1,0,0.76,0.0,0.24,1,2,3.94346519,0,0,False,False,True,False,False,False,False,False,False,False,False,False,False,False,False,False,False,False,False,False,False,False,False,False,False,False,False,False,False,False,False,False,False,False,False,False,False,False,False,False,False,False,False,False,False,False,False,False,False,False,False
30,14,0,3,1,23,0,7,0,0,0,2,0,0,0.766666667,0.0,0.233333333,1,4,3.898068512,4,0,True,False,False,False,False,False,False,False,False,False,False,False,False,False,False,False,False,False,False,False,False,False,False,False,False,False,False,False,False,False,False,False,False,False,False,False,False,False,False,False,False,False,False,False,False,False,False,False,False,False,False
61,18,0,5,1,49,0,12,1,1,0,4,0,0,0.803278689,0.0,0.196721311,0,5,4.334700511,22,9,False,False,False,False,False,False,False,False,False,False,False,False,False,False,False,False,False,False,False,False,False,False,False,False,False,False,False,False,False,False,False,False,False,False,False,False,False,False,False,False,False,False,True,False,False,False,False,False,False,False,False
29,13,0,3,2,22,0,7,0,0,0,3,0,0,0.75862069,0.0,0.24137931,1,3,3.952302978,1,0,True,False,False,False,False,False,False,False,False,False,False,False,False,False,False,False,False,False,False,False,False,False,False,False,False,False,False,False,False,False,False,False,False,False,False,False,False,False,False,False,False,False,False,False,False,False,False,False,False,False,False
23,10,0,3,1,17,0,6,0,0,0,2,0,0,0.739130435,0.0,0.260869565,1,3,3.849223912,1,0,True,False,False,False,False,False,False,False,False,False,False,False,False,False,False,False,False,False,False,False,False,False,False,False,False,False,False,False,False,False,False,False,False,False,False,False,False,False,False,False,False,False,False,False,False,False,False,False,False,False,False
18,6,0,2,1,13,0,5,0,0,0,2,0,0,0.722222222,0.0,0.277777778,1,2,3.350209029,0,0,False,False,False,False,False,False,False,False,False,False,False,False,False,False,False,False,False,False,False,False,False,False,False,False,False,False,False,False,False,False,False,False,False,False,False,False,False,False,False,False,False,False,False,False,False,False,False,False,False,False,True
23,11,0,3,1,18,0,5,0,0,0,2,0,0,0.782608696,0.0,0.217391304,1,2,3.534219021,0,0,True,False,False,False,False,False,False,False,False,False,False,False,False,False,False,False,False,False,False,False,False,False,False,False,False,False,False,False,False,False,False,False,False,False,False,False,False,False,False,False,False,False,False,False,False,False,False,False,False,False,False
26,6,0,2,1,18,0,8,1,1,0,2,0,0,0.692307692,0.0,0.307692308,0,3,3.87314068,1,7,False,False,False,False,False,True,False,False,False,False,False,False,False,False,False,False,False,False,False,False,False,False,False,False,False,False,False,False,False,False,False,False,False,False,False,False,False,False,False,False,False,False,False,False,False,False,False,False,False,False,False
28,9,0,3,0,21,0,7,0,0,0,1,0,0,0.75,0.0,0.25,0,5,3.567031495,12,0,False,False,False,False,False,False,False,False,True,False,False,False,False,False,False,False,False,False,False,False,False,False,False,False,False,False,False,False,False,False,False,False,False,False,False,False,False,False,False,False,False,False,False,False,False,False,False,False,False,False,False
24,10,0,3,1,18,0,6,0,0,0,2,0,0,0.75,0.0,0.25,0,3,3.823934896,3,0,False,True,False,False,False,False,False,False,False,False,False,False,False,False,False,False,False,False,False,False,False,False,False,False,False,False,False,False,False,False,False,False,False,False,False,False,False,False,False,False,False,False,False,False,False,False,False,False,False,False,False
28,16,0,3,1,21,0,7,0,0,0,2,1,0,0.75,0.0,0.25,0,3,3.842370993,1,0,True,False,False,False,False,False,False,False,False,False,False,False,False,False,False,False,False,False,False,False,False,False,False,False,False,False,False,False,False,False,False,False,False,False,False,False,False,False,False,False,False,False,False,False,False,False,False,False,False,False,False
25,13,0,3,1,19,0,6,0,0,0,2,0,0,0.76,0.0,0.24,0,3,3.83326969,1,0,True,False,False,False,False,False,False,False,False,False,False,False,False,False,False,False,False,False,False,False,False,False,False,False,False,False,False,False,False,False,False,False,False,False,False,False,False,False,False,False,False,False,False,False,False,False,False,False,False,False,False
55,11,0,6,2,43,0,12,0,0,0,4,4,0,0.781818182,0.0,0.218181818,0,3,4.177017332,28,0,False,False,False,False,False,False,False,False,False,False,False,False,False,False,False,False,False,False,True,False,False,False,False,False,False,False,False,False,False,False,False,False,False,False,False,False,False,False,False,False,False,False,False,False,False,False,False,False,False,False,False
32,13,0,6,2,24,0,8,0,0,0,4,0,0,0.75,0.0,0.25,1,3,3.655639062,1,0,False,False,False,False,False,False,False,False,False,False,False,False,False,False,False,False,False,False,False,False,False,False,False,False,False,False,False,False,False,False,False,False,False,False,False,False,False,False,False,False,False,False,False,False,False,False,False,False,False,False,True
66,18,0,3,0,55,0,11,0,0,0,5,0,0,0.833333333,0.0,0.166666667,1,5,4.354513122,40,0,True,False,False,False,False,False,False,False,False,False,False,False,False,False,False,False,False,False,False,False,False,False,False,False,False,False,False,False,False,False,False,False,False,False,False,False,False,False,False,False,False,False,False,False,False,False,False,False,False,False,False
23,11,0,2,1,17,0,6,0,0,0,2,0,0,0.739130435,0.0,0.260869565,0,3,3.762267391,1,0,False,False,False,False,False,False,False,False,False,False,False,False,False,False,False,False,False,False,False,False,False,False,False,False,False,False,False,False,False,False,False,False,False,False,False,False,False,False,False,False,False,False,False,False,False,False,False,False,False,True,False
30,8,0,2,1,22,0,8,1,1,0,2,0,0,0.733333333,0.0,0.266666667,0,3,4.031401845,3,7,False,False,False,False,True,False,False,False,False,False,False,False,False,False,False,False,False,False,False,False,False,False,False,False,False,False,False,False,False,False,False,False,False,False,False,False,False,False,False,False,False,False,False,False,False,False,False,False,False,False,False
19,7,0,2,1,13,0,6,0,0,0,2,0,0,0.684210526,0.0,0.315789474,0,3,3.536886724,1,0,False,False,False,False,True,False,False,False,False,False,False,False,False,False,False,False,False,False,False,False,False,False,False,False,False,False,False,False,False,False,False,False,False,False,False,False,False,False,False,False,False,False,False,False,False,False,False,False,False,False,False
21,9,0,2,0,15,0,6,0,0,0,1,0,0,0.714285714,0.0,0.285714286,1,4,3.630412661,4,0,False,False,False,False,False,False,False,False,False,False,False,False,False,False,False,False,True,False,False,False,False,False,False,False,False,False,False,False,False,False,False,False,False,False,False,False,False,False,False,False,False,False,False,False,False,False,False,False,False,False,False
23,11,0,2,1,16,0,7,0,0,0,2,1,0,0.695652174,0.0,0.304347826,0,3,3.588354347,1,0,False,False,False,False,False,False,False,False,False,False,False,False,False,False,False,False,False,False,False,False,False,False,False,False,False,False,False,False,False,False,True,False,False,False,False,False,False,False,False,False,False,False,False,False,False,False,False,False,False,False,False
30,10,0,5,1,22,0,8,0,0,0,3,0,0,0.733333333,0.0,0.266666667,0,4,3.923231429,9,0,False,False,False,False,False,False,False,False,False,False,False,False,False,False,False,False,False,False,False,False,False,False,False,False,False,False,False,False,False,False,False,False,False,False,False,False,False,False,False,False,False,False,False,False,False,False,False,False,False,False,True
35,15,0,5,2,27,0,8,0,0,0,4,0,0,0.771428571,0.0,0.228571429,0,3,3.878584802,1,0,False,False,False,False,False,False,False,False,False,False,False,False,False,False,False,False,False,False,False,False,False,False,False,False,False,False,False,True,False,False,False,False,False,False,False,False,False,False,False,False,False,False,False,False,False,False,False,False,False,False,False
54,8,0,2,1,43,0,11,0,0,0,2,4,0,0.796296296,0.0,0.203703704,0,4,4.383793057,35,0,False,False,False,False,False,False,False,False,False,False,False,False,False,False,False,False,False,True,False,False,False,False,False,False,False,False,False,False,False,False,False,False,False,False,False,False,False,False,False,False,False,False,False,False,False,False,False,False,False,False,False
23,11,0,2,1,16,0,7,0,0,0,2,1,0,0.695652174,0.0,0.304347826,0,3,3.555533151,1,0,False,False,False,False,False,False,False,False,False,False,False,False,False,False,False,False,False,False,False,False,False,False,False,False,False,False,False,False,False,False,False,False,False,False,False,False,False,False,False,False,False,False,False,False,False,False,False,False,False,False,True
31,12,0,6,2,23,0,8,0,0,0,4,0,0,0.741935484,0.0,0.258064516,0,3,3.848884617,3,0,False,False,False,False,False,False,False,False,False,False,False,False,False,False,False,False,False,False,False,False,False,False,False,False,False,False,False,False,False,False,False,False,False,False,False,False,False,False,False,False,False,False,False,False,False,False,False,False,False,False,True
20,8,0,2,1,14,0,6,0,0,0,2,0,0,0.7,0.0,0.3,0,3,3.30869497,1,0,False,False,False,False,False,False,False,False,False,False,False,False,False,False,False,False,False,False,False,False,False,False,False,False,False,False,True,False,False,False,False,False,False,False,False,False,False,False,False,False,False,False,False,False,False,False,False,False,False,False,False
24,11,0,3,1,18,0,6,0,0,0,2,0,0,0.75,0.0,0.25,1,3,3.65726823,1,0,True,False,False,False,False,False,False,False,False,False,False,False,False,False,False,False,False,False,False,False,False,False,False,False,False,False,False,False,False,False,False,False,False,False,False,False,False,False,False,False,False,False,False,False,False,False,False,False,False,False,False
175,10,0,3,1,131,22,22,3,1,2,2,3,1,0.748571429,0.125714286,0.125714286,1,7,5.586343684,108,43,True,False,False,False,False,False,False,False,False,False,False,False,False,False,False,False,False,False,False,False,False,False,False,False,False,False,False,False,False,False,False,False,False,False,False,False,False,False,False,False,False,False,False,False,False,False,False,False,False,False,False
86,17,0,6,1,71,0,15,0,0,0,3,5,0,0.825581395,0.0,0.174418605,1,6,4.106529732,57,0,False,False,False,False,False,False,False,False,False,False,False,False,False,False,False,False,False,False,True,False,False,False,False,False,False,False,False,False,False,False,False,False,False,False,False,False,False,False,False,False,False,False,False,False,False,False,False,False,False,False,False
28,16,0,2,1,22,0,6,0,0,0,2,0,0,0.785714286,0.0,0.214285714,0,3,3.743982154,1,0,False,False,False,False,False,False,True,False,False,False,False,False,False,False,False,False,False,False,False,False,False,False,False,False,False,False,False,False,False,False,False,False,False,False,False,False,False,False,False,False,False,False,False,False,False,False,False,False,False,False,False
19,6,0,3,1,13,0,6,0,0,0,2,0,0,0.684210526,0.0,0.315789474,1,3,3.536886724,1,0,True,False,False,False,False,False,False,False,False,False,False,False,False,False,False,False,False,False,False,False,False,False,False,False,False,False,False,False,False,False,False,False,False,False,False,False,False,False,False,False,False,False,False,False,False,False,False,False,False,False,False
32,20,0,3,1,26,0,6,0,0,0,2,0,0,0.8125,0.0,0.1875,0,3,4.054229297,1,0,True,False,False,False,False,False,False,False,False,False,False,False,False,False,False,False,False,False,False,False,False,False,False,False,False,False,False,False,False,False,False,False,False,False,False,False,False,False,False,False,False,False,False,False,False,False,False,False,False,False,False
21,13,0,6,0,15,0,6,0,0,0,2,0,0,0.714285714,0.0,0.285714286,0,3,3.748994804,1,0,False,False,False,False,False,False,False,False,False,False,False,False,False,False,False,False,False,False,False,False,False,False,False,False,False,False,False,False,False,False,False,False,False,False,False,False,False,False,False,False,False,False,False,False,False,False,False,False,False,False,True
27,7,0,2,1,20,0,7,0,0,0,2,0,0,0.740740741,0.0,0.259259259,0,4,3.60601528,9,0,False,False,False,False,False,True,False,False,False,False,False,False,False,False,False,False,False,False,False,False,False,False,False,False,False,False,False,False,False,False,False,False,False,False,False,False,False,False,False,False,False,False,False,False,False,False,False,False,False,False,False
26,14,0,3,1,20,0,6,0,0,0,2,0,0,0.769230769,0.0,0.230769231,0,3,3.844106545,1,0,True,False,False,False,False,False,False,False,False,False,False,False,False,False,False,False,False,False,False,False,False,False,False,False,False,False,False,False,False,False,False,False,False,False,False,False,False,False,False,False,False,False,False,False,False,False,False,False,False,False,False
34,22,0,6,1,27,0,7,0,0,0,3,0,0,0.794117647,0.0,0.205882353,0,3,3.968665782,1,0,False,False,False,False,False,False,False,False,False,False,False,False,False,False,False,False,False,False,False,False,False,False,False,False,False,False,False,False,False,False,False,False,False,False,False,False,False,False,False,False,False,False,False,False,False,False,True,False,False,False,False
37,8,0,3,0,27,1,9,1,1,0,2,0,0,0.72972973,0.027027027,0.243243243,0,4,4.118520177,16,5,False,True,False,False,False,False,False,False,False,False,False,False,False,False,False,False,False,False,False,False,False,False,False,False,False,False,False,False,False,False,False,False,False,False,False,False,False,False,False,False,False,False,False,False,False,False,False,False,False,False,False
21,9,0,2,1,16,0,5,0,0,0,2,0,0,0.761904762,0.0,0.238095238,1,2,3.880179923,0,0,False,False,False,False,False,False,False,False,False,False,False,False,False,False,False,False,False,False,False,True,False,False,False,False,False,False,False,False,False,False,False,False,False,False,False,False,False,False,False,False,False,False,False,False,False,False,False,False,False,False,False
52,21,0,6,1,41,3,8,0,0,0,3,2,0,0.788461538,0.057692308,0.153846154,1,2,4.164892191,0,0,False,False,False,False,False,False,False,False,False,False,False,False,False,False,False,False,False,False,False,False,False,False,False,False,False,True,False,False,False,False,False,False,False,False,False,False,False,False,False,False,False,False,False,False,False,False,False,False,False,False,False
24,13,0,5,1,17,0,7,0,0,0,3,0,0,0.708333333,0.0,0.291666667,0,3,3.855388542,1,0,False,False,False,False,False,False,False,False,False,False,False,False,False,False,False,False,False,False,False,False,False,False,False,False,False,False,False,False,False,False,False,False,False,False,False,False,False,False,False,False,False,False,False,False,False,False,False,False,False,False,True
19,7,0,2,1,13,0,6,0,0,0,2,0,0,0.684210526,0.0,0.315789474,0,3,3.326360408,1,0,False,False,False,False,False,True,False,False,False,False,False,False,False,False,False,False,False,False,False,False,False,False,False,False,False,False,False,False,False,False,False,False,False,False,False,False,False,False,False,False,False,False,False,False,False,False,False,False,False,False,False
21,8,0,3,1,15,0,6,0,0,0,2,0,0,0.714285714,0.0,0.285714286,1,3,3.653756708,1,0,False,True,False,False,False,False,False,False,False,False,False,False,False,False,False,False,False,False,False,False,False,False,False,False,False,False,False,False,False,False,False,False,False,False,False,False,False,False,False,False,False,False,False,False,False,False,False,False,False,False,False
25,13,0,6,1,18,0,7,0,0,0,3,0,0,0.72,0.0,0.28,0,3,3.83326969,1,0,False,False,False,False,False,False,False,False,False,False,False,False,False,False,False,False,False,False,False,False,False,False,False,False,False,False,False,False,False,False,False,False,False,False,False,False,False,False,False,False,False,False,False,False,False,False,False,False,False,False,True
33,25,0,3,0,28,0,5,0,0,0,1,0,0,0.848484848,0.0,0.151515152,0,3,3.752600468,1,0,True,False,False,False,False,False,False,False,False,False,False,False,False,False,False,False,False,False,False,False,False,False,False,False,False,False,False,False,False,False,False,False,False,False,False,False,False,False,False,False,False,False,False,False,False,False,False,False,False,False,False
175,10,0,3,1,131,23,21,3,1,2,2,2,1,0.748571429,0.131428571,0.12,1,7,5.578805705,108,43,True,False,False,False,False,False,False,False,False,False,False,False,False,False,False,False,False,False,False,False,False,False,False,False,False,False,False,False,False,False,False,False,False,False,False,False,False,False,False,False,False,False,False,False,False,False,False,False,False,False,False
18,10,0,3,0,13,0,5,0,0,0,1,0,0,0.722222222,0.0,0.277777778,0,3,3.419381946,1,0,True,False,False,False,False,False,False,False,False,False,False,False,False,False,False,False,False,False,False,False,False,False,False,False,False,False,False,False,False,False,False,False,False,False,False,False,False,False,False,False,False,False,False,False,False,False,False,False,False,False,False
37,25,0,5,1,29,0,8,0,0,0,3,1,0,0.783783784,0.0,0.216216216,0,3,4.023661393,1,0,False,False,False,False,False,False,False,False,False,False,False,False,False,False,False,False,False,False,False,False,False,False,False,False,False,False,False,False,False,False,False,False,False,False,False,False,False,False,False,False,False,False,False,False,False,False,False,False,False,False,True
33,20,0,3,1,27,0,6,0,0,0,2,0,0,0.818181818,0.0,0.181818182,1,3,4.112427831,1,0,True,False,False,False,False,False,False,False,False,False,False,False,False,False,False,False,False,False,False,False,False,False,False,False,False,False,False,False,False,False,False,False,False,False,False,False,False,False,False,False,False,False,False,False,False,False,False,False,False,False,False
56,33,0,4,1,34,16,6,0,0,0,2,1,0,0.607142857,0.285714286,0.107142857,0,2,4.416742369,0,0,False,False,False,False,False,False,False,False,False,False,False,False,False,False,False,False,False,False,False,False,False,False,False,False,False,False,False,False,False,False,False,False,False,False,False,False,False,False,False,False,False,False,False,False,False,False,False,True,False,False,False
23,11,0,6,1,17,0,6,0,0,0,3,0,0,0.739130435,0.0,0.260869565,1,2,3.588354347,0,0,False,False,False,False,False,False,False,False,False,False,False,False,False,False,False,False,False,False,False,False,False,False,False,False,False,False,False,False,False,False,False,False,False,False,False,False,False,False,False,False,False,False,False,False,False,False,False,False,False,False,True
25,10,0,6,1,17,0,8,0,0,0,3,0,0,0.68,0.0,0.32,0,4,3.70346519,4,0,False,False,False,False,False,False,False,False,False,False,False,False,False,False,False,False,False,False,False,False,False,False,False,False,False,False,False,False,False,False,False,False,False,False,False,False,False,False,False,False,False,False,False,False,False,False,False,False,False,False,True
23,11,0,5,1,16,0,7,0,0,0,3,0,0,0.695652174,0.0,0.304347826,0,3,3.642489673,1,0,False,False,False,False,False,False,False,False,False,False,False,False,False,False,False,False,False,False,False,False,False,False,False,False,False,False,False,False,False,False,False,False,False,False,False,False,False,False,False,False,False,False,False,False,False,False,False,False,False,False,True
21,9,0,3,1,15,0,6,0,0,0,2,0,0,0.714285714,0.0,0.285714286,0,3,3.558518613,1,0,True,False,False,False,False,False,False,False,False,False,False,False,False,False,False,False,False,False,False,False,False,False,False,False,False,False,False,False,False,False,False,False,False,False,False,False,False,False,False,False,False,False,False,False,False,False,False,False,False,False,False
29,8,0,2,1,22,0,7,0,0,0,2,0,0,0.75862069,0.0,0.24137931,0,4,4.073329702,10,0,False,False,False,False,False,False,True,False,False,False,False,False,False,False,False,False,False,False,False,False,False,False,False,False,False,False,False,False,False,False,False,False,False,False,False,False,False,False,False,False,False,False,False,False,False,False,False,False,False,False,False
25,13,0,3,1,19,0,6,0,0,0,2,0,0,0.76,0.0,0.24,0,3,3.91326969,1,0,True,False,False,False,False,False,False,False,False,False,False,False,False,False,False,False,False,False,False,False,False,False,False,False,False,False,False,False,False,False,False,False,False,False,False,False,False,False,False,False,False,False,False,False,False,False,False,False,False,False,False
46,34,0,6,1,39,0,7,0,0,0,3,0,0,0.847826087,0.0,0.152173913,0,3,4.087929347,1,0,False,False,False,False,False,False,False,False,False,False,False,False,False,False,False,False,False,False,True,False,False,False,False,False,False,False,False,False,False,False,False,False,False,False,False,False,False,False,False,False,False,False,False,False,False,False,False,False,False,False,False
25,9,0,2,2,18,0,7,0,0,0,3,1,0,0.72,0.0,0.28,0,2,3.67326969,0,0,False,False,False,False,True,False,False,False,False,False,False,False,False,False,False,False,False,False,False,False,False,False,False,False,False,False,False,False,False,False,False,False,False,False,False,False,False,False,False,False,False,False,False,False,False,False,False,False,False,False,False
59,11,0,3,1,48,4,7,0,0,0,2,1,0,0.813559322,0.06779661,0.118644068,1,3,5.064597922,30,0,True,False,False,False,False,False,False,False,False,False,False,False,False,False,False,False,False,False,False,False,False,False,False,False,False,False,False,False,False,False,False,False,False,False,False,False,False,False,False,False,False,False,False,False,False,False,False,False,False,False,False
17,10,0,2,0,13,0,4,0,0,0,1,0,0,0.764705882,0.0,0.235294118,0,2,3.337175341,0,0,False,False,False,False,False,False,False,False,False,False,False,False,False,False,False,False,False,False,False,False,False,False,False,False,False,False,False,False,False,False,False,False,False,False,False,False,False,False,False,False,False,False,False,True,False,False,False,False,False,False,False
21,10,0,6,1,14,0,7,0,0,0,3,0,0,0.666666667,0.0,0.333333333,0,3,3.463280518,1,0,False,False,False,False,False,False,False,False,False,False,False,False,False,False,False,False,False,False,False,False,False,False,False,False,False,False,False,False,False,False,False,False,False,False,False,False,False,False,False,False,False,False,False,False,False,False,False,False,False,False,True
26,14,0,10,1,18,0,8,0,0,0,4,0,0,0.692307692,0.0,0.307692308,0,3,3.613337314,1,0,False,False,False,False,False,False,False,False,False,False,False,False,False,False,False,False,False,False,False,False,False,False,False,False,False,False,False,False,False,False,False,False,False,False,False,False,False,False,False,False,False,False,False,False,False,False,False,False,False,False,True
20,7,0,2,1,14,0,6,0,0,0,2,0,0,0.7,0.0,0.3,1,3,3.346439345,1,0,False,False,False,False,False,False,False,False,False,False,True,False,False,False,False,False,False,False,False,False,False,False,False,False,False,False,False,False,False,False,False,False,False,False,False,False,False,False,False,False,False,False,False,False,False,False,False,False,False,False,False
35,15,0,5,1,26,0,9,0,0,0,3,1,0,0.742857143,0.0,0.257142857,0,4,4.207435517,9,0,False,False,False,False,False,False,False,False,False,False,False,False,False,False,False,True,False,False,False,False,False,False,False,False,False,False,False,False,False,False,False,False,False,False,False,False,False,False,False,False,False,False,False,False,False,False,False,False,False,False,False
27,15,0,3,1,21,0,6,0,0,0,2,0,0,0.777777778,0.0,0.222222222,0,3,3.633974076,1,0,True,False,False,False,False,False,False,False,False,False,False,False,False,False,False,False,False,False,False,False,False,False,False,False,False,False,False,False,False,False,False,False,False,False,False,False,False,False,False,False,False,False,False,False,False,False,False,False,False,False,False
40,10,0,2,1,31,0,9,1,1,0,3,0,0,0.775,0.0,0.225,0,3,4.496439345,10,8,False,False,False,False,False,True,False,False,False,False,False,False,False,False,False,False,False,False,False,False,False,False,False,False,False,False,False,False,False,False,False,False,False,False,False,False,False,False,False,False,False,False,False,False,False,False,False,False,False,False,False
30,17,0,3,1,24,0,6,0,0,0,2,0,0,0.8,0.0,0.2,1,3,3.923231429,1,0,False,True,False,False,False,False,False,False,False,False,False,False,False,False,False,False,False,False,False,False,False,False,False,False,False,False,False,False,False,False,False,False,False,False,False,False,False,False,False,False,False,False,False,False,False,False,False,False,False,False,False
30,18,0,3,1,24,0,6,0,0,0,2,0,0,0.8,0.0,0.2,0,3,3.964735179,1,0,False,True,False,False,False,False,False,False,False,False,False,False,False,False,False,False,False,False,False,False,False,False,False,False,False,False,False,False,False,False,False,False,False,False,False,False,False,False,False,False,False,False,False,False,False,False,False,False,False,False,False
29,16,0,2,1,23,0,6,0,0,0,2,0,0,0.793103448,0.0,0.206896552,1,3,4.021268495,1,0,False,False,False,False,False,False,False,False,False,False,False,False,False,False,False,False,False,False,False,True,False,False,False,False,False,False,False,False,False,False,False,False,False,False,False,False,False,False,False,False,False,False,False,False,False,False,False,False,False,False,False
25,13,0,2,1,19,0,6,0,0,0,2,0,0,0.76,0.0,0.24,0,3,3.67326969,1,0,False,False,False,False,False,False,False,False,False,False,False,False,False,False,False,False,False,False,False,False,False,False,False,False,False,False,False,False,False,False,False,False,False,False,False,False,False,False,False,False,False,False,False,False,False,False,False,False,False,False,True
73,17,0,6,1,61,0,12,0,0,0,3,3,0,0.835616438,0.0,0.164383562,0,5,4.131003416,45,0,False,False,False,False,False,False,False,False,False,False,False,False,False,False,False,False,False,False,True,False,False,False,False,False,False,False,False,False,False,False,False,False,False,False,False,False,False,False,False,False,False,False,False,False,False,False,False,False,False,False,False
25,16,0,6,0,19,0,6,0,0,0,2,0,0,0.76,0.0,0.24,1,3,3.86346519,1,0,False,False,False,False,False,False,False,False,False,False,False,False,False,False,False,False,False,False,False,False,False,False,False,False,False,False,False,False,False,False,False,False,False,False,False,False,False,False,False,False,False,False,False,False,False,False,True,False,False,False,False
33,21,0,3,1,27,0,6,0,0,0,2,0,0,0.818181818,0.0,0.181818182,0,3,3.983195634,1,0,False,True,False,False,False,False,False,False,False,False,False,False,False,False,False,False,False,False,False,False,False,False,False,False,False,False,False,False,False,False,False,False,False,False,False,False,False,False,False,False,False,False,False,False,False,False,False,False,False,False,False
26,14,0,2,1,20,0,6,0,0,0,2,0,0,0.769230769,0.0,0.230769231,0,3,3.844106545,1,0,False,False,False,False,False,False,False,False,False,False,False,True,False,False,False,False,False,False,False,False,False,False,False,False,False,False,False,False,False,False,False,False,False,False,False,False,False,False,False,False,False,False,False,False,False,False,False,False,False,False,False
23,14,0,3,0,18,0,5,0,0,0,1,0,0,0.782608696,0.0,0.217391304,1,3,3.816402717,1,0,True,False,False,False,False,False,False,False,False,False,False,False,False,False,False,False,False,False,False,False,False,False,False,False,False,False,False,False,False,False,False,False,False,False,False,False,False,False,False,False,False,False,False,False,False,False,False,False,False,False,False
27,14,0,3,1,21,0,6,0,0,0,2,0,0,0.777777778,0.0,0.222222222,1,3,3.736006946,1,0,False,True,False,False,False,False,False,False,False,False,False,False,False,False,False,False,False,False,False,False,False,False,False,False,False,False,False,False,False,False,False,False,False,False,False,False,False,False,False,False,False,False,False,False,False,False,False,False,False,False,False
27,14,0,3,1,20,0,7,0,0,0,2,1,0,0.740740741,0.0,0.259259259,1,3,3.652130557,1,0,True,False,False,False,False,False,False,False,False,False,False,False,False,False,False,False,False,False,False,False,False,False,False,False,False,False,False,False,False,False,False,False,False,False,False,False,False,False,False,False,False,False,False,False,False,False,False,False,False,False,False
26,14,0,3,1,20,0,6,0,0,0,2,0,0,0.769230769,0.0,0.230769231,0,3,3.87314068,1,0,True,False,False,False,False,False,False,False,False,False,False,False,False,False,False,False,False,False,False,False,False,False,False,False,False,False,False,False,False,False,False,False,False,False,False,False,False,False,False,False,False,False,False,False,False,False,False,False,False,False,False
22,10,0,2,1,15,0,7,0,0,0,2,1,0,0.681818182,0.0,0.318181818,0,3,3.390805482,1,0,False,False,False,False,False,False,False,False,False,False,False,False,False,False,False,False,False,True,False,False,False,False,False,False,False,False,False,False,False,False,False,False,False,False,False,False,False,False,False,False,False,False,False,False,False,False,False,False,False,False,False
25,12,0,5,1,18,0,7,0,0,0,3,0,0,0.72,0.0,0.28,1,3,3.75326969,1,0,False,False,False,False,False,False,False,False,False,False,False,False,False,False,False,False,False,False,False,False,False,False,False,False,False,False,False,False,False,True,False,False,False,False,False,False,False,False,False,False,False,False,False,False,False,False,False,False,False,False,False
48,35,0,3,1,40,0,8,0,0,0,2,2,0,0.833333333,0.0,0.166666667,1,3,4.000814584,1,0,False,True,False,False,False,False,False,False,False,False,False,False,False,False,False,False,False,False,False,False,False,False,False,False,False,False,False,False,False,False,False,False,False,False,False,False,False,False,False,False,False,False,False,False,False,False,False,False,False,False,False
22,9,0,5,1,15,0,7,0,0,0,3,0,0,0.681818182,0.0,0.318181818,1,3,3.447401505,1,0,False,False,False,False,False,False,False,False,False,False,False,False,False,False,False,False,False,False,False,False,False,False,False,False,False,False,False,False,False,False,False,False,False,False,False,True,False,False,False,False,False,False,False,False,False,False,False,False,False,False,False
20,8,0,3,1,14,0,6,0,0,0,2,0,0,0.7,0.0,0.3,0,3,3.58418372,1,0,False,False,False,False,False,False,False,True,False,False,False,False,False,False,False,False,False,False,False,False,False,False,False,False,False,False,False,False,False,False,False,False,False,False,False,False,False,False,False,False,False,False,False,False,False,False,False,False,False,False,False
42,17,0,2,1,35,0,7,0,0,0,2,0,0,0.833333333,0.0,0.166666667,1,4,4.15959272,13,0,False,False,False,False,False,True,False,False,False,False,False,False,False,False,False,False,False,False,False,False,False,False,False,False,False,False,False,False,False,False,False,False,False,False,False,False,False,False,False,False,False,False,False,False,False,False,False,False,False,False,False
28,15,0,2,1,21,0,7,0,0,0,2,1,0,0.75,0.0,0.25,1,3,3.940759833,1,0,False,False,False,True,False,False,False,False,False,False,False,False,False,False,False,False,False,False,False,False,False,False,False,False,False,False,False,False,False,False,False,False,False,False,False,False,False,False,False,False,False,False,False,False,False,False,False,False,False,False,False
175,10,0,3,1,134,19,22,3,1,2,2,3,1,0.765714286,0.108571429,0.125714286,1,7,5.529771487,108,43,True,False,False,False,False,False,False,False,False,False,False,False,False,False,False,False,False,False,False,False,False,False,False,False,False,False,False,False,False,False,False,False,False,False,False,False,False,False,False,False,False,False,False,False,False,False,False,False,False,False,False
35,23,0,2,1,29,0,6,0,0,0,2,0,0,0.828571429,0.0,0.171428571,0,3,3.93287436,1,0,False,False,False,False,False,True,False,False,False,False,False,False,False,False,False,False,False,False,False,False,False,False,False,False,False,False,False,False,False,False,False,False,False,False,False,False,False,False,False,False,False,False,False,False,False,False,False,False,False,False,False
21,6,0,2,0,14,1,6,0,0,0,1,1,0,0.666666667,0.047619048,0.285714286,1,3,3.844232899,7,0,False,False,False,False,False,False,False,False,False,False,False,False,False,False,False,False,False,False,False,False,False,False,False,False,False,False,False,False,False,False,False,False,False,False,False,False,False,False,False,False,False,False,False,False,False,False,False,False,False,False,True
20,8,0,3,1,14,0,6,0,0,0,2,0,0,0.7,0.0,0.3,0,3,3.48418372,1,0,False,True,False,False,False,False,False,False,False,False,False,False,False,False,False,False,False,False,False,False,False,False,False,False,False,False,False,False,False,False,False,False,False,False,False,False,False,False,False,False,False,False,False,False,False,False,False,False,False,False,False
20,8,0,2,1,14,0,6,0,0,0,2,0,0,0.7,0.0,0.3,0,3,3.446439345,1,0,False,False,False,False,False,True,False,False,False,False,False,False,False,False,False,False,False,False,False,False,False,False,False,False,False,False,False,False,False,False,False,False,False,False,False,False,False,False,False,False,False,False,False,False,False,False,False,False,False,False,False
34,25,0,3,0,29,0,5,0,0,0,1,0,0,0.852941176,0.0,0.147058824,1,3,3.693813489,1,0,True,False,False,False,False,False,False,False,False,False,False,False,False,False,False,False,False,False,False,False,False,False,False,False,False,False,False,False,False,False,False,False,False,False,False,False,False,False,False,False,False,False,False,False,False,False,False,False,False,False,False
34,22,0,3,1,28,0,6,0,0,0,2,0,0,0.823529412,0.0,0.176470588,0,3,3.998652547,1,0,False,True,False,False,False,False,False,False,False,False,False,False,False,False,False,False,False,False,False,False,False,False,False,False,False,False,False,False,False,False,False,False,False,False,False,False,False,False,False,False,False,False,False,False,False,False,False,False,False,False,False
19,11,0,5,0,13,0,6,0,0,0,2,0,0,0.684210526,0.0,0.315789474,0,3,3.576617645,1,0,False,False,False,False,False,False,False,False,False,False,False,False,False,False,False,False,False,False,False,False,False,False,False,False,False,False,False,False,False,False,False,False,False,False,False,True,False,False,False,False,False,False,False,False,False,False,False,False,False,False,False
18,6,0,2,1,12,0,6,0,0,0,2,0,0,0.666666667,0.0,0.333333333,0,3,3.155221529,1,0,False,False,False,False,False,False,False,False,False,False,False,False,False,False,False,False,False,False,False,False,False,False,False,False,False,False,False,False,False,False,False,False,False,False,False,False,False,False,False,False,False,False,False,False,False,False,False,False,False,False,True
114,42,0,6,1,101,0,13,0,0,0,3,4,0,0.885964912,0.0,0.114035088,1,5,4.286880525,60,0,False,False,False,False,False,False,False,False,False,False,False,False,False,False,False,False,False,False,True,False,False,False,False,False,False,False,False,False,False,False,False,False,False,False,False,False,False,False,False,False,False,False,False,False,False,False,False,False,False,False,False
16,8,0,2,0,12,0,4,0,0,0,1,0,0,0.75,0.0,0.25,1,2,3.375,0,0,False,False,False,False,False,False,False,False,False,False,True,False,False,False,False,False,False,False,False,False,False,False,False,False,False,False,False,False,False,False,False,False,False,False,False,False,False,False,False,False,False,False,False,False,False,False,False,False,False,False,False
41,26,0,3,1,34,0,7,0,0,0,2,0,0,0.829268293,0.0,0.170731707,0,4,4.119627919,4,0,False,True,False,False,False,False,False,False,False,False,False,False,False,False,False,False,False,False,False,False,False,False,False,False,False,False,False,False,False,False,False,False,False,False,False,False,False,False,False,False,False,False,False,False,False,False,False,False,False,False,False
27,10,0,3,1,19,2,6,0,0,0,2,0,0,0.703703704,0.074074074,0.222222222,1,3,4.208410187,1,0,True,False,False,False,False,False,False,False,False,False,False,False,False,False,False,False,False,False,False,False,False,False,False,False,False,False,False,False,False,False,False,False,False,False,False,False,False,False,False,False,False,False,False,False,False,False,False,False,False,False,False
22,10,0,5,1,15,0,7,0,0,0,3,0,0,0.681818182,0.0,0.318181818,0,3,3.538310596,1,0,False,False,False,False,False,False,False,False,False,False,False,False,False,False,False,False,False,False,False,False,False,False,False,False,False,False,False,False,False,False,False,False,False,False,False,False,False,False,False,False,False,False,False,False,False,False,False,False,False,False,True
43,19,0,4,1,30,7,6,0,0,0,2,1,0,0.697674419,0.162790698,0.139534884,1,2,4.350342371,0,0,False,False,False,False,False,False,False,False,False,False,False,False,False,False,False,False,False,False,False,False,False,False,False,False,False,False,False,False,False,False,False,False,False,False,False,False,False,False,False,False,False,False,False,False,False,False,False,True,False,False,False
28,9,0,3,1,21,0,7,0,0,0,2,0,0,0.75,0.0,0.25,0,4,3.896291529,8,0,True,False,False,False,False,False,False,False,False,False,False,False,False,False,False,False,False,False,False,False,False,False,False,False,False,False,False,False,False,False,False,False,False,False,False,False,False,False,False,False,False,False,False,False,False,False,False,False,False,False,False
36,16,0,6,1,28,0,8,0,0,0,3,0,0,0.777777778,0.0,0.222222222,0,4,4.10701771,9,0,False,False,False,False,False,False,False,False,False,False,False,False,False,False,False,False,False,False,False,False,False,False,False,False,False,False,False,False,False,False,False,False,False,True,False,False,False,False,False,False,False,False,False,False,False,False,False,False,False,False,False
24,9,0,2,1,17,0,7,0,0,0,2,0,0,0.708333333,0.0,0.291666667,0,4,3.605388542,4,0,False,False,False,False,False,True,False,False,False,False,False,False,False,False,False,False,False,False,False,False,False,False,False,False,False,False,False,False,False,False,False,False,False,False,False,False,False,False,False,False,False,False,False,False,False,False,False,False,False,False,False
22,10,0,6,1,15,0,7,0,0,0,3,0,0,0.681818182,0.0,0.318181818,0,3,3.322179346,1,0,False,False,False,False,False,False,False,False,False,False,False,False,False,False,False,False,False,False,False,False,False,False,False,False,False,False,False,False,False,False,False,False,False,False,False,False,False,False,False,False,False,False,False,False,False,False,False,False,False,False,True
41,10,0,3,1,35,0,6,0,0,0,2,0,0,0.853658537,0.0,0.146341463,1,3,4.357075175,1,0,True,False,False,False,False,False,False,False,False,False,False,False,False,False,False,False,False,False,False,False,False,False,False,False,False,False,False,False,False,False,False,False,False,False,False,False,False,False,False,False,False,False,False,False,False,False,False,False,False,False,False
25,12,0,3,1,19,0,6,0,0,0,2,0,0,0.76,0.0,0.24,1,3,3.91326969,1,0,True,False,False,False,False,False,False,False,False,False,False,False,False,False,False,False,False,False,False,False,False,False,False,False,False,False,False,False,False,False,False,False,False,False,False,False,False,False,False,False,False,False,False,False,False,False,False,False,False,False,False
24,12,0,3,1,18,0,6,0,0,0,2,0,0,0.75,0.0,0.25,0,3,3.772055209,1,0,True,False,False,False,False,False,False,False,False,False,False,False,False,False,False,False,False,False,False,False,False,False,False,False,False,False,False,False,False,False,False,False,False,False,False,False,False,False,False,False,False,False,False,False,False,False,False,False,False,False,False
22,10,0,3,1,16,0,6,0,0,0,2,0,0,0.727272727,0.0,0.272727273,0,3,3.390805482,1,0,False,True,False,False,False,False,False,False,False,False,False,False,False,False,False,False,False,False,False,False,False,False,False,False,False,False,False,False,False,False,False,False,False,False,False,False,False,False,False,False,False,False,False,False,False,False,False,False,False,False,False
89,20,0,3,1,75,2,12,0,0,0,2,5,0,0.842696629,0.02247191,0.134831461,1,4,4.170009141,57,0,False,True,False,False,False,False,False,False,False,False,False,False,False,False,False,False,False,False,False,False,False,False,False,False,False,False,False,False,False,False,False,False,False,False,False,False,False,False,False,False,False,False,False,False,False,False,False,False,False,False,False
27,15,0,3,1,21,0,6,0,0,0,2,0,0,0.777777778,0.0,0.222222222,0,3,3.902311576,1,0,True,False,False,False,False,False,False,False,False,False,False,False,False,False,False,False,False,False,False,False,False,False,False,False,False,False,False,False,False,False,False,False,False,False,False,False,False,False,False,False,False,False,False,False,False,False,False,False,False,False,False
28,9,0,2,1,20,0,8,0,0,0,2,1,0,0.714285714,0.0,0.285714286,0,4,3.682005815,8,0,False,False,False,False,False,False,False,False,False,False,False,True,False,False,False,False,False,False,False,False,False,False,False,False,False,False,False,False,False,False,False,False,False,False,False,False,False,False,False,False,False,False,False,False,False,False,False,False,False,False,False
41,9,0,3,1,31,1,9,0,0,0,2,4,0,0.756097561,0.024390244,0.219512195,1,2,4.226709859,0,0,False,False,False,False,False,False,False,False,False,True,False,False,False,False,False,False,False,False,False,False,False,False,False,False,False,False,False,False,False,False,False,False,False,False,False,False,False,False,False,False,False,False,False,False,False,False,False,False,False,False,False
18,10,0,3,0,13,0,5,0,0,0,1,0,0,0.722222222,0.0,0.277777778,0,3,3.572431251,1,0,True,False,False,False,False,False,False,False,False,False,False,False,False,False,False,False,False,False,False,False,False,False,False,False,False,False,False,False,False,False,False,False,False,False,False,False,False,False,False,False,False,False,False,False,False,False,False,False,False,False,False
24,9,0,2,1,18,0,6,0,0,0,2,0,0,0.75,0.0,0.25,0,3,3.371653522,3,0,False,False,False,False,False,False,False,False,False,False,False,False,True,False,False,False,False,False,False,False,False,False,False,False,False,False,False,False,False,False,False,False,False,False,False,False,False,False,False,False,False,False,False,False,False,False,False,False,False,False,False
33,9,0,5,3,24,0,9,0,0,0,5,0,0,0.727272727,0.0,0.272727273,0,3,3.836081908,1,0,False,False,False,False,False,False,False,False,False,False,False,False,False,False,False,False,False,False,False,False,False,False,False,False,False,False,False,True,False,False,False,False,False,False,False,False,False,False,False,False,False,False,False,False,False,False,False,False,False,False,False
28,16,0,6,1,21,0,7,0,0,0,3,0,0,0.75,0.0,0.25,0,3,3.940759833,1,0,False,False,False,False,False,False,False,False,False,False,False,False,False,False,False,False,False,False,False,False,False,False,False,False,False,False,False,False,False,False,False,False,False,False,False,False,False,False,False,False,False,False,False,False,False,False,False,False,False,False,True
79,28,0,2,1,66,0,13,2,1,1,3,1,1,0.835443038,0.0,0.164556962,0,3,4.757107737,9,30,False,False,False,False,False,False,False,False,False,False,False,False,False,False,False,False,False,False,False,False,False,False,False,False,False,False,False,False,False,False,False,False,False,False,False,False,False,False,False,False,False,False,False,False,False,False,False,False,False,False,True
51,17,0,2,0,36,5,10,1,1,0,2,0,0,0.705882353,0.098039216,0.196078431,1,5,4.32675494,22,3,False,False,False,False,False,False,False,False,False,False,True,False,False,False,False,False,False,False,False,False,False,False,False,False,False,False,False,False,False,False,False,False,False,False,False,False,False,False,False,False,False,False,False,False,False,False,False,False,False,False,False
33,22,0,3,1,28,0,5,0,0,0,2,0,0,0.848484848,0.0,0.151515152,0,2,3.983195634,0,0,False,True,False,False,False,False,False,False,False,False,False,False,False,False,False,False,False,False,False,False,False,False,False,False,False,False,False,False,False,False,False,False,False,False,False,False,False,False,False,False,False,False,False,False,False,False,False,False,False,False,False
30,13,0,2,1,23,0,7,0,0,0,2,1,0,0.766666667,0.0,0.233333333,1,3,4.031401845,3,0,False,False,False,False,False,False,False,False,False,False,False,False,False,False,False,False,False,False,False,False,False,False,False,False,False,False,False,False,False,False,False,False,False,False,False,False,False,False,False,False,False,False,False,False,False,False,False,False,False,False,True
20,11,0,6,0,14,0,6,0,0,0,2,0,0,0.7,0.0,0.3,1,3,3.58418372,1,0,False,False,False,False,False,False,False,False,False,False,False,False,False,False,False,False,False,False,False,False,False,False,False,False,False,False,False,False,False,False,False,False,False,False,False,False,False,False,False,False,False,False,False,False,False,False,False,False,False,False,True
33,21,0,3,1,27,0,6,0,0,0,2,0,0,0.818181818,0.0,0.181818182,0,3,3.755626695,1,0,False,True,False,False,False,False,False,False,False,False,False,False,False,False,False,False,False,False,False,False,False,False,False,False,False,False,False,False,False,False,False,False,False,False,False,False,False,False,False,False,False,False,False,False,False,False,False,False,False,False,False
24,12,0,3,1,18,0,6,0,0,0,2,0,0,0.75,0.0,0.25,0,3,3.740601563,1,0,True,False,False,False,False,False,False,False,False,False,False,False,False,False,False,False,False,False,False,False,False,False,False,False,False,False,False,False,False,False,False,False,False,False,False,False,False,False,False,False,False,False,False,False,False,False,False,False,False,False,False
39,15,0,3,0,33,0,6,0,0,0,1,1,0,0.846153846,0.0,0.153846154,1,3,4.019143809,16,0,True,False,False,False,False,False,False,False,False,False,False,False,False,False,False,False,False,False,False,False,False,False,False,False,False,False,False,False,False,False,False,False,False,False,False,False,False,False,False,False,False,False,False,False,False,False,False,False,False,False,False
29,8,0,3,1,22,0,7,0,0,0,3,0,0,0.75862069,0.0,0.24137931,0,3,3.736280133,10,0,False,True,False,False,False,False,False,False,False,False,False,False,False,False,False,False,False,False,False,False,False,False,False,False,False,False,False,False,False,False,False,False,False,False,False,False,False,False,False,False,False,False,False,False,False,False,False,False,False,False,False
143,14,0,3,1,94,26,23,2,1,1,5,5,0,0.657342657,0.181818182,0.160839161,1,7,4.908348269,48,56,True,False,False,False,False,False,False,False,False,False,False,False,False,False,False,False,False,False,False,False,False,False,False,False,False,False,False,False,False,False,False,False,False,False,False,False,False,False,False,False,False,False,False,False,False,False,False,False,False,False,False
23,15,0,3,0,18,0,5,0,0,0,1,0,0,0.782608696,0.0,0.217391304,0,3,3.501397825,1,0,True,False,False,False,False,False,False,False,False,False,False,False,False,False,False,False,False,False,False,False,False,False,False,False,False,False,False,False,False,False,False,False,False,False,False,False,False,False,False,False,False,False,False,False,False,False,False,False,False,False,False
27,15,0,3,1,21,0,6,0,0,0,2,0,0,0.777777778,0.0,0.222222222,0,3,3.856196298,1,0,False,False,False,False,False,False,False,False,True,False,False,False,False,False,False,False,False,False,False,False,False,False,False,False,False,False,False,False,False,False,False,False,False,False,False,False,False,False,False,False,False,False,False,False,False,False,False,False,False,False,False
33,12,0,6,2,25,0,8,0,0,0,4,0,0,0.757575758,0.0,0.242424242,0,3,4.112427831,1,0,False,False,False,False,False,False,False,False,False,False,False,False,False,False,False,False,False,False,False,False,False,False,False,False,False,False,False,False,False,False,False,False,False,False,False,False,False,False,False,False,False,False,False,False,False,False,False,False,False,False,True
31,6,0,2,0,23,0,8,0,0,0,3,0,0,0.741935484,0.0,0.258064516,0,4,3.800182197,18,0,False,False,False,False,False,False,False,False,False,False,False,False,False,False,False,False,False,False,False,False,False,False,False,False,False,False,False,False,False,False,False,False,False,False,False,False,False,False,False,False,False,False,False,False,False,False,False,False,False,False,True
25,11,0,2,1,19,0,6,0,0,0,2,0,0,0.76,0.0,0.24,0,3,3.19326969,1,0,False,False,False,False,False,False,False,False,False,False,False,False,False,False,False,False,True,False,False,False,False,False,False,False,False,False,False,False,False,False,False,False,False,False,False,False,False,False,False,False,False,False,False,False,False,False,False,False,False,False,False
28,10,0,6,1,22,0,6,0,0,0,3,0,0,0.785714286,0.0,0.214285714,1,2,3.869331261,0,0,False,False,False,False,False,False,False,False,False,False,False,False,False,False,False,False,False,False,False,False,False,False,False,False,False,False,False,False,False,False,False,False,False,False,False,False,False,False,False,False,False,False,False,False,False,False,False,False,False,False,True
21,9,0,3,1,16,0,5,0,0,0,2,0,0,0.761904762,0.0,0.238095238,1,2,3.689703732,0,0,True,False,False,False,False,False,False,False,False,False,False,False,False,False,False,False,False,False,False,False,False,False,False,False,False,False,False,False,False,False,False,False,False,False,False,False,False,False,False,False,False,False,False,False,False,False,False,False,False,False,False
23,10,0,5,1,16,0,7,0,0,0,3,0,0,0.695652174,0.0,0.304347826,1,3,3.555533151,1,0,False,False,False,False,False,False,False,False,False,False,False,False,False,False,False,True,False,False,False,False,False,False,False,False,False,False,False,False,False,False,False,False,False,False,False,False,False,False,False,False,False,False,False,False,False,False,False,False,False,False,False
23,14,0,6,0,17,0,6,0,0,0,2,0,0,0.739130435,0.0,0.260869565,1,3,3.675310869,1,0,False,False,False,False,False,False,False,False,False,False,False,False,False,False,False,False,False,False,False,False,False,False,False,False,False,False,False,False,False,False,False,False,False,False,False,False,False,False,False,False,False,False,False,False,False,False,False,False,False,False,True
38,10,0,5,2,29,0,9,0,0,0,4,1,0,0.763157895,0.0,0.236842105,0,3,4.05623771,1,0,False,False,False,False,False,False,False,False,False,False,False,False,False,False,False,False,False,False,False,False,False,False,False,False,False,False,False,False,False,False,False,False,False,False,False,False,False,False,False,False,False,False,False,False,False,False,False,False,False,False,True
38,26,0,3,1,32,0,6,0,0,0,2,0,0,0.842105263,0.0,0.157894737,0,3,4.030436395,1,0,False,True,False,False,False,False,False,False,False,False,False,False,False,False,False,False,False,False,False,False,False,False,False,False,False,False,False,False,False,False,False,False,False,False,False,False,False,False,False,False,False,False,False,False,False,False,False,False,False,False,False
28,16,0,3,1,22,0,6,0,0,0,2,0,0,0.785714286,0.0,0.214285714,0,3,3.824862958,1,0,False,True,False,False,False,False,False,False,False,False,False,False,False,False,False,False,False,False,False,False,False,False,False,False,False,False,False,False,False,False,False,False,False,False,False,False,False,False,False,False,False,False,False,False,False,False,False,False,False,False,False
28,10,0,3,1,22,0,6,0,0,0,2,0,0,0.785714286,0.0,0.214285714,1,3,3.770942422,1,0,False,False,True,False,False,False,False,False,False,False,False,False,False,False,False,False,False,False,False,False,False,False,False,False,False,False,False,False,False,False,False,False,False,False,False,False,False,False,False,False,False,False,False,False,False,False,False,False,False,False,False
37,7,0,2,1,29,0,8,0,0,0,3,0,0,0.783783784,0.0,0.216216216,0,4,4.003259028,19,0,False,False,False,False,False,False,False,False,False,False,True,False,False,False,False,False,False,False,False,False,False,False,False,False,False,False,False,False,False,False,False,False,False,False,False,False,False,False,False,False,False,False,False,False,False,False,False,False,False,False,False
30,19,0,3,1,25,0,5,0,0,0,2,0,0,0.833333333,0.0,0.166666667,0,2,3.698068512,0,0,True,False,False,False,False,False,False,False,False,False,False,False,False,False,False,False,False,False,False,False,False,False,False,False,False,False,False,False,False,False,False,False,False,False,False,False,False,False,False,False,False,False,False,False,False,False,False,False,False,False,False
35,11,0,2,1,27,0,8,0,0,0,3,0,0,0.771428571,0.0,0.228571429,0,4,3.900153017,13,0,False,False,False,False,False,False,False,False,False,False,False,False,False,False,False,False,False,False,False,True,False,False,False,False,False,False,False,False,False,False,False,False,False,False,False,False,False,False,False,False,False,False,False,False,False,False,False,False,False,False,False
22,9,0,3,1,16,0,6,0,0,0,2,0,0,0.727272727,0.0,0.272727273,1,3,3.572623664,1,0,True,False,False,False,False,False,False,False,False,False,False,False,False,False,False,False,False,False,False,False,False,False,False,False,False,False,False,False,False,False,False,False,False,False,False,False,False,False,False,False,False,False,False,False,False,False,False,False,False,False,False
24,12,0,2,1,18,0,6,0,0,0,2,0,0,0.75,0.0,0.25,0,3,3.772055209,1,0,False,False,False,False,False,False,False,False,False,False,False,False,False,False,False,False,False,True,False,False,False,False,False,False,False,False,False,False,False,False,False,False,False,False,False,False,False,False,False,False,False,False,False,False,False,False,False,False,False,False,False
31,19,0,3,1,25,0,6,0,0,0,2,0,0,0.806451613,0.0,0.193548387,0,3,3.929214455,1,0,True,False,False,False,False,False,False,False,False,False,False,False,False,False,False,False,False,False,False,False,False,False,False,False,False,False,False,False,False,False,False,False,False,False,False,False,False,False,False,False,False,False,False,False,False,False,False,False,False,False,False
29,16,0,3,1,23,0,6,0,0,0,2,0,0,0.793103448,0.0,0.206896552,1,3,3.840402547,1,0,True,False,False,False,False,False,False,False,False,False,False,False,False,False,False,False,False,False,False,False,False,False,False,False,False,False,False,False,False,False,False,False,False,False,False,False,False,False,False,False,False,False,False,False,False,False,False,False,False,False,False
25,13,0,3,1,19,0,6,0,0,0,2,0,0,0.76,0.0,0.24,0,3,3.91326969,1,0,False,True,False,False,False,False,False,False,False,False,False,False,False,False,False,False,False,False,False,False,False,False,False,False,False,False,False,False,False,False,False,False,False,False,False,False,False,False,False,False,False,False,False,False,False,False,False,False,False,False,False
28,16,0,3,1,22,0,6,0,0,0,2,0,0,0.785714286,0.0,0.214285714,0,3,3.896291529,1,0,True,False,False,False,False,False,False,False,False,False,False,False,False,False,False,False,False,False,False,False,False,False,False,False,False,False,False,False,False,False,False,False,False,False,False,False,False,False,False,False,False,False,False,False,False,False,False,False,False,False,False
87,13,0,6,1,71,0,16,0,0,0,3,6,0,0.816091954,0.0,0.183908046,0,6,4.257285634,63,0,False,False,False,False,False,False,False,False,False,False,False,False,False,False,False,False,False,False,True,False,False,False,False,False,False,False,False,False,False,False,False,False,False,False,False,False,False,False,False,False,False,False,False,False,False,False,False,False,False,False,False
34,9,0,3,1,27,0,7,0,0,0,2,1,0,0.794117647,0.0,0.205882353,1,3,4.065260268,1,0,False,False,False,False,False,False,False,False,False,True,False,False,False,False,False,False,False,False,False,False,False,False,False,False,False,False,False,False,False,False,False,False,False,False,False,False,False,False,False,False,False,False,False,False,False,False,False,False,False,False,False
19,11,0,6,0,14,0,5,0,0,0,2,0,0,0.736842105,0.0,0.263157895,1,2,3.366091329,0,0,False,False,False,False,False,False,False,False,False,False,False,False,False,False,False,False,False,False,False,False,False,False,False,False,False,False,False,False,False,False,False,False,False,False,False,False,False,False,False,False,False,False,False,False,False,False,False,False,False,False,True
23,11,0,3,1,18,0,5,0,0,0,2,0,0,0.782608696,0.0,0.217391304,1,2,3.849223912,0,0,True,False,False,False,False,False,False,False,False,False,False,False,False,False,False,False,False,False,False,False,False,False,False,False,False,False,False,False,False,False,False,False,False,False,False,False,False,False,False,False,False,False,False,False,False,False,False,False,False,False,False
27,12,0,3,1,20,0,7,0,0,0,2,0,0,0.740740741,0.0,0.259259259,0,4,3.717850465,4,0,True,False,False,False,False,False,False,False,False,False,False,False,False,False,False,False,False,False,False,False,False,False,False,False,False,False,False,False,False,False,False,False,False,False,False,False,False,False,False,False,False,False,False,False,False,False,False,False,False,False,False
24,10,0,2,1,18,0,6,0,0,0,2,0,0,0.75,0.0,0.25,0,3,3.65726823,3,0,False,False,False,False,False,True,False,False,False,False,False,False,False,False,False,False,False,False,False,False,False,False,False,False,False,False,False,False,False,False,False,False,False,False,False,False,False,False,False,False,False,False,False,False,False,False,False,False,False,False,False
20,9,0,2,1,15,0,5,0,0,0,2,0,0,0.75,0.0,0.25,0,2,3.68418372,0,0,False,False,False,False,True,False,False,False,False,False,False,False,False,False,False,False,False,False,False,False,False,False,False,False,False,False,False,False,False,False,False,False,False,False,False,False,False,False,False,False,False,False,False,False,False,False,False,False,False,False,False
23,11,0,3,1,17,0,6,0,0,0,2,0,0,0.739130435,0.0,0.260869565,0,3,3.46857663,1,0,True,False,False,False,False,False,False,False,False,False,False,False,False,False,False,False,False,False,False,False,False,False,False,False,False,False,False,False,False,False,False,False,False,False,False,False,False,False,False,False,False,False,False,False,False,False,False,False,False,False,False
34,21,0,2,1,28,0,6,0,0,0,2,0,0,0.823529412,0.0,0.176470588,1,3,3.892486651,1,0,False,False,False,False,False,False,False,False,False,False,False,False,True,False,False,False,False,False,False,False,False,False,False,False,False,False,False,False,False,False,False,False,False,False,False,False,False,False,False,False,False,False,False,False,False,False,False,False,False,False,False
23,11,0,3,1,17,0,6,0,0,0,2,0,0,0.739130435,0.0,0.260869565,0,3,3.729446195,1,0,False,True,False,False,False,False,False,False,False,False,False,False,False,False,False,False,False,False,False,False,False,False,False,False,False,False,False,False,False,False,False,False,False,False,False,False,False,False,False,False,False,False,False,False,False,False,False,False,False,False,False
23,4,0,2,0,18,0,5,0,0,0,1,0,0,0.782608696,0.0,0.217391304,1,3,3.936180434,11,0,False,False,False,False,False,False,False,False,False,False,False,False,False,False,False,False,False,False,False,False,False,False,False,False,False,False,False,False,False,False,False,False,False,False,False,False,False,True,False,False,False,False,False,False,False,False,False,False,False,False,False
30,18,0,2,1,24,0,6,0,0,0,2,0,0,0.8,0.0,0.2,0,3,3.806238929,1,0,False,False,False,False,False,False,False,False,False,False,True,False,False,False,False,False,False,False,False,False,False,False,False,False,False,False,False,False,False,False,False,False,False,False,False,False,False,False,False,False,False,False,False,False,False,False,False,False,False,False,False
40,27,0,3,1,34,0,6,0,0,0,2,0,0,0.85,0.0,0.15,1,3,4.089822782,1,0,False,True,False,False,False,False,False,False,False,False,False,False,False,False,False,False,False,False,False,False,False,False,False,False,False,False,False,False,False,False,False,False,False,False,False,False,False,False,False,False,False,False,False,False,False,False,False,False,False,False,False
26,7,0,2,1,18,0,8,1,1,0,2,0,0,0.692307692,0.0,0.307692308,0,3,3.738149333,1,6,False,False,False,False,False,False,False,False,False,False,False,False,False,False,False,False,False,False,False,False,False,False,False,False,False,False,False,False,False,False,False,False,False,False,False,False,False,False,False,False,False,False,False,False,False,False,False,False,False,False,True
23,11,0,6,1,16,0,7,0,0,0,3,0,0,0.695652174,0.0,0.304347826,0,3,3.642489673,1,0,False,False,False,False,False,False,False,False,False,False,False,False,False,False,False,False,False,False,False,False,False,False,False,False,False,False,False,False,False,False,False,False,False,False,False,False,False,False,False,False,False,False,False,False,False,False,False,False,False,False,True
36,28,0,3,0,31,0,5,0,0,0,1,0,0,0.861111111,0.0,0.138888889,0,3,4.009523959,1,0,False,True,False,False,False,False,False,False,False,False,False,False,False,False,False,False,False,False,False,False,False,False,False,False,False,False,False,False,False,False,False,False,False,False,False,False,False,False,False,False,False,False,False,False,False,False,False,False,False,False,False
23,10,0,3,1,16,1,6,0,0,0,2,0,0,0.695652174,0.043478261,0.260869565,1,3,3.762267391,1,0,True,False,False,False,False,False,False,False,False,False,False,False,False,False,False,False,False,False,False,False,False,False,False,False,False,False,False,False,False,False,False,False,False,False,False,False,False,False,False,False,False,False,False,False,False,False,False,False,False,False,False
31,19,0,3,1,25,0,6,0,0,0,2,0,0,0.806451613,0.0,0.193548387,0,3,3.708093392,1,0,True,False,False,False,False,False,False,False,False,False,False,False,False,False,False,False,False,False,False,False,False,False,False,False,False,False,False,False,False,False,False,False,False,False,False,False,False,False,False,False,False,False,False,False,False,False,False,False,False,False,False
29,14,0,2,1,22,0,7,0,0,0,2,0,0,0.75862069,0.0,0.24137931,0,4,3.745406426,4,0,False,False,False,False,False,False,False,False,False,False,False,False,False,False,False,False,False,False,False,False,False,False,False,False,False,False,False,False,False,False,False,False,False,False,False,False,False,False,False,False,False,False,False,False,False,False,False,False,False,False,True
208,17,0,6,0,173,13,22,2,1,0,3,2,1,0.831730769,0.0625,0.105769231,0,12,5.276037183,102,81,False,False,False,False,False,False,False,False,False,False,False,False,False,False,False,False,False,False,False,False,False,False,False,False,False,True,False,False,False,False,False,False,False,False,False,False,False,False,False,False,False,False,False,False,False,False,False,False,False,False,False
18,7,0,2,1,13,0,5,0,0,0,2,0,0,0.722222222,0.0,0.277777778,0,2,3.308270835,0,0,False,False,False,False,False,False,False,False,False,False,False,False,False,False,False,False,True,False,False,False,False,False,False,False,False,False,False,False,False,False,False,False,False,False,False,False,False,False,False,False,False,False,False,False,False,False,False,False,False,False,False
51,13,0,3,1,42,1,8,0,0,0,2,0,1,0.823529412,0.019607843,0.156862745,1,4,4.214803843,20,0,True,False,False,False,False,False,False,False,False,False,False,False,False,False,False,False,False,False,False,False,False,False,False,False,False,False,False,False,False,False,False,False,False,False,False,False,False,False,False,False,False,False,False,False,False,False,False,False,False,False,False
22,10,0,3,1,16,0,6,0,0,0,2,0,0,0.727272727,0.0,0.272727273,0,3,3.663532755,1,0,False,False,False,False,False,False,False,False,False,False,False,False,False,False,False,False,False,False,False,False,False,False,False,False,False,False,False,False,False,False,False,False,False,False,False,False,False,False,False,False,False,False,False,False,False,False,False,False,False,False,True
34,10,0,3,1,28,0,6,0,0,0,2,0,0,0.823529412,0.0,0.176470588,1,3,4.07967865,1,0,True,False,False,False,False,False,False,False,False,False,False,False,False,False,False,False,False,False,False,False,False,False,False,False,False,False,False,False,False,False,False,False,False,False,False,False,False,False,False,False,False,False,False,False,False,False,False,False,False,False,False
21,6,0,2,0,15,0,6,0,0,0,1,1,0,0.714285714,0.0,0.285714286,1,3,3.939470994,7,0,False,False,False,False,False,False,False,False,False,False,False,False,False,False,False,False,False,False,False,False,False,False,False,False,False,False,False,False,False,False,False,False,False,False,False,False,False,False,False,False,False,False,False,False,False,False,False,False,False,False,True
22,10,0,3,1,16,0,6,0,0,0,2,0,0,0.727272727,0.0,0.272727273,0,3,3.754441846,1,0,False,True,False,False,False,False,False,False,False,False,False,False,False,False,False,False,False,False,False,False,False,False,False,False,False,False,False,False,False,False,False,False,False,False,False,False,False,False,False,False,False,False,False,False,False,False,False,False,False,False,False
24,9,0,2,2,17,0,7,0,0,0,3,0,0,0.708333333,0.0,0.291666667,0,3,3.427694271,1,0,False,False,False,False,False,False,False,False,False,False,False,False,True,False,False,False,False,False,False,False,False,False,False,False,False,False,False,False,False,False,False,False,False,False,False,False,False,False,False,False,False,False,False,False,False,False,False,False,False,False,False
123,10,0,5,1,101,0,22,0,0,0,3,11,0,0.821138211,0.0,0.178861789,1,7,4.254853949,101,0,False,False,False,False,False,False,False,False,False,False,False,False,False,False,False,False,False,False,False,False,False,False,False,False,False,False,False,False,True,False,False,False,False,False,False,False,False,False,False,False,False,False,False,False,False,False,False,False,False,False,False
23,11,0,3,1,17,0,6,0,0,0,2,0,0,0.739130435,0.0,0.260869565,0,3,3.642489673,1,0,True,False,False,False,False,False,False,False,False,False,False,False,False,False,False,False,False,False,False,False,False,False,False,False,False,False,False,False,False,False,False,False,False,False,False,False,False,False,False,False,False,False,False,False,False,False,False,False,False,False,False
22,10,0,3,1,16,0,6,0,0,0,2,0,0,0.727272727,0.0,0.272727273,0,3,3.754441846,1,0,False,False,True,False,False,False,False,False,False,False,False,False,False,False,False,False,False,False,False,False,False,False,False,False,False,False,False,False,False,False,False,False,False,False,False,False,False,False,False,False,False,False,False,False,False,False,False,False,False,False,False
18,7,0,2,1,13,0,5,0,0,0,2,0,0,0.722222222,0.0,0.277777778,0,2,3.308270835,0,0,False,False,False,False,False,False,False,False,False,False,False,False,False,False,False,False,False,False,False,False,False,False,False,False,False,False,False,False,False,False,False,False,False,False,False,False,False,False,False,False,False,False,False,True,False,False,False,False,False,False,False
25,10,0,3,1,18,0,7,0,0,0,2,0,0,0.72,0.0,0.28,0,4,3.78346519,4,0,True,False,False,False,False,False,False,False,False,False,False,False,False,False,False,False,False,False,False,False,False,False,False,False,False,False,False,False,False,False,False,False,False,False,False,False,False,False,False,False,False,False,False,False,False,False,False,False,False,False,False
41,13,0,5,2,30,0,11,0,0,0,5,1,0,0.731707317,0.0,0.268292683,0,4,4.324270834,14,0,False,False,False,False,False,False,False,False,False,False,False,False,False,False,False,True,False,False,False,False,False,False,False,False,False,False,False,False,False,False,False,False,False,False,False,False,False,False,False,False,False,False,False,False,False,False,False,False,False,False,False
34,16,0,3,1,26,0,8,0,0,0,2,1,0,0.764705882,0.0,0.235294118,0,3,4.07967865,1,0,True,False,False,False,False,False,False,False,False,False,False,False,False,False,False,False,False,False,False,False,False,False,False,False,False,False,False,False,False,False,False,False,False,False,False,False,False,False,False,False,False,False,False,False,False,False,False,False,False,False,False
17,6,0,2,1,12,0,5,0,0,0,2,0,0,0.705882353,0.0,0.294117647,0,2,3.337175341,0,0,False,False,False,False,False,False,False,False,False,False,False,False,False,False,False,False,False,False,False,False,False,False,False,False,False,False,False,False,False,False,False,False,False,False,False,False,False,False,False,False,False,False,False,False,False,False,False,False,False,False,True
76,16,0,2,1,62,0,14,0,0,0,2,6,0,0.815789474,0.0,0.184210526,0,5,4.288587179,49,0,False,False,False,True,False,False,False,False,False,False,False,False,False,False,False,False,False,False,False,False,False,False,False,False,False,False,False,False,False,False,False,False,False,False,False,False,False,False,False,False,False,False,False,False,False,False,False,False,False,False,False
22,10,0,2,1,16,0,6,0,0,0,2,0,0,0.727272727,0.0,0.272727273,0,3,3.663532755,1,0,False,False,False,False,False,False,False,False,False,False,False,False,False,False,False,False,False,False,False,False,False,False,False,False,False,False,False,False,False,False,False,False,False,False,False,False,False,False,False,False,False,False,False,False,False,False,False,False,False,False,True
58,16,0,3,1,49,0,9,0,0,0,2,2,0,0.844827586,0.0,0.155172414,1,4,4.156201264,30,0,True,False,False,False,False,False,False,False,False,False,False,False,False,False,False,False,False,False,False,False,False,False,False,False,False,False,False,False,False,False,False,False,False,False,False,False,False,False,False,False,False,False,False,False,False,False,False,False,False,False,False
25,10,0,2,1,18,0,7,0,0,0,2,0,0,0.72,0.0,0.28,0,4,3.89366069,4,0,False,False,False,False,False,True,False,False,False,False,False,False,False,False,False,False,False,False,False,False,False,False,False,False,False,False,False,False,False,False,False,False,False,False,False,False,False,False,False,False,False,False,False,False,False,False,False,False,False,False,False
21,9,0,5,1,14,0,7,0,0,0,3,0,0,0.666666667,0.0,0.333333333,0,3,3.236857303,1,0,False,False,False,False,False,False,False,False,False,False,False,False,False,False,False,False,False,False,False,False,False,False,False,False,False,False,False,False,False,False,False,False,False,False,False,False,False,False,False,False,False,False,False,False,False,False,False,False,False,False,True
29,9,0,4,0,21,3,5,0,0,0,1,0,0,0.724137931,0.103448276,0.172413793,1,3,4.142295219,12,0,False,False,False,False,False,False,False,False,False,False,False,False,False,False,False,False,False,False,False,False,False,False,False,False,False,False,False,False,False,False,False,False,False,False,False,False,False,False,False,False,False,False,False,False,False,False,False,False,False,False,True
26,14,0,6,1,19,0,7,0,0,0,3,0,0,0.730769231,0.0,0.269230769,0,3,3.767183468,1,0,False,False,False,False,False,False,False,False,False,False,False,False,False,False,False,False,False,False,False,False,False,False,False,False,False,False,False,False,False,False,False,False,False,False,False,False,False,False,False,False,False,False,False,False,False,False,False,False,False,False,True
21,10,0,5,1,14,0,7,0,0,0,3,0,0,0.666666667,0.0,0.333333333,0,3,3.653756708,1,0,False,False,False,False,False,False,False,False,False,False,False,False,False,False,False,False,False,False,False,False,False,False,False,False,False,False,False,False,False,False,False,False,False,False,False,False,False,False,False,False,False,False,False,False,False,False,False,False,False,False,True
25,10,0,6,1,17,0,8,0,0,0,3,0,0,0.68,0.0,0.32,0,4,3.59326969,4,0,False,False,False,False,False,False,False,False,False,False,False,False,False,False,False,False,False,False,False,False,False,False,False,False,True,False,False,False,False,False,False,False,False,False,False,False,False,False,False,False,False,False,False,False,False,False,False,False,False,False,False
19,7,0,3,1,13,0,6,0,0,0,2,0,0,0.684210526,0.0,0.315789474,0,3,3.431623566,1,0,False,True,False,False,False,False,False,False,False,False,False,False,False,False,False,False,False,False,False,False,False,False,False,False,False,False,False,False,False,False,False,False,False,False,False,False,False,False,False,False,False,False,False,False,False,False,False,False,False,False,False
23,11,0,3,1,17,0,6,0,0,0,2,0,0,0.739130435,0.0,0.260869565,0,3,3.642489673,1,0,False,False,True,False,False,False,False,False,False,False,False,False,False,False,False,False,False,False,False,False,False,False,False,False,False,False,False,False,False,False,False,False,False,False,False,False,False,False,False,False,False,False,False,False,False,False,False,False,False,False,False
20,8,0,2,1,13,0,7,0,0,0,2,1,0,0.65,0.0,0.35,0,3,3.546439345,1,0,False,False,False,False,False,False,False,False,False,False,False,False,False,False,False,False,False,False,False,False,False,False,False,False,False,False,False,False,False,False,False,False,False,False,False,False,False,False,False,False,False,False,False,False,False,False,False,False,False,False,True
33,20,0,3,1,27,0,6,0,0,0,2,0,0,0.818181818,0.0,0.181818182,1,3,3.983195634,1,0,True,False,False,False,False,False,False,False,False,False,False,False,False,False,False,False,False,False,False,False,False,False,False,False,False,False,False,False,False,False,False,False,False,False,False,False,False,False,False,False,False,False,False,False,False,False,False,False,False,False,False
20,8,0,3,1,14,0,6,0,0,0,2,0,0,0.7,0.0,0.3,0,3,3.546439345,1,0,False,True,False,False,False,False,False,False,False,False,False,False,False,False,False,False,False,False,False,False,False,False,False,False,False,False,False,False,False,False,False,False,False,False,False,False,False,False,False,False,False,False,False,False,False,False,False,False,False,False,False
23,11,0,2,1,17,0,6,0,0,0,2,0,0,0.739130435,0.0,0.260869565,0,3,3.762267391,1,0,False,False,False,False,False,False,False,False,False,False,True,False,False,False,False,False,False,False,False,False,False,False,False,False,False,False,False,False,False,False,False,False,False,False,False,False,False,False,False,False,False,False,False,False,False,False,False,False,False,False,False
25,14,0,3,1,20,0,5,0,0,0,2,0,0,0.8,0.0,0.2,0,2,3.81366069,0,0,True,False,False,False,False,False,False,False,False,False,False,False,False,False,False,False,False,False,False,False,False,False,False,False,False,False,False,False,False,False,False,False,False,False,False,False,False,False,False,False,False,False,False,False,False,False,False,False,False,False,False
19,7,0,3,1,13,0,6,0,0,0,2,0,0,0.684210526,0.0,0.315789474,0,3,3.366091329,1,0,False,True,False,False,False,False,False,False,False,False,False,False,False,False,False,False,False,False,False,False,False,False,False,False,False,False,False,False,False,False,False,False,False,False,False,False,False,False,False,False,False,False,False,False,False,False,False,False,False,False,False
29,21,0,2,0,24,0,5,0,0,0,1,0,0,0.827586207,0.0,0.172413793,0,3,3.995237891,1,0,False,False,False,False,False,False,False,False,False,False,False,False,False,False,False,False,False,False,False,False,False,False,False,False,False,False,False,False,False,False,False,False,False,False,False,False,False,False,False,False,False,False,False,False,False,False,False,False,False,False,True
23,11,0,6,1,16,0,7,0,0,0,3,0,0,0.695652174,0.0,0.304347826,0,3,3.729446195,1,0,False,False,False,False,False,False,False,False,False,False,False,False,False,False,False,False,False,False,False,False,False,False,False,False,False,False,False,False,False,False,False,False,False,False,False,False,False,False,False,False,False,False,False,False,False,False,False,False,False,False,True
23,11,0,2,1,17,0,6,0,0,0,2,0,0,0.739130435,0.0,0.260869565,0,3,3.849223912,1,0,False,False,False,False,True,False,False,False,False,False,False,False,False,False,False,False,False,False,False,False,False,False,False,False,False,False,False,False,False,False,False,False,False,False,False,False,False,False,False,False,False,False,False,False,False,False,False,False,False,False,False
22,9,0,3,1,16,0,6,0,0,0,2,0,0,0.727272727,0.0,0.272727273,1,3,3.845350937,1,0,True,False,False,False,False,False,False,False,False,False,False,False,False,False,False,False,False,False,False,False,False,False,False,False,False,False,False,False,False,False,False,False,False,False,False,False,False,False,False,False,False,False,False,False,False,False,False,False,False,False,False
26,14,0,3,1,20,0,6,0,0,0,2,0,0,0.769230769,0.0,0.230769231,0,3,3.950063756,1,0,True,False,False,False,False,False,False,False,False,False,False,False,False,False,False,False,False,False,False,False,False,False,False,False,False,False,False,False,False,False,False,False,False,False,False,False,False,False,False,False,False,False,False,False,False,False,False,False,False,False,False
30,18,0,10,1,23,0,7,0,0,0,3,0,0,0.766666667,0.0,0.233333333,0,3,4.006238929,1,0,False,False,False,False,False,False,False,False,False,False,False,False,False,False,False,False,False,False,False,False,False,False,False,False,False,False,False,False,False,False,False,False,False,False,False,False,False,False,False,False,False,False,False,False,False,False,False,False,False,False,True
31,19,0,3,1,25,0,6,0,0,0,2,0,0,0.806451613,0.0,0.193548387,0,3,3.735666068,1,0,False,False,False,False,False,False,False,False,True,False,False,False,False,False,False,False,False,False,False,False,False,False,False,False,False,False,False,False,False,False,False,False,False,False,False,False,False,False,False,False,False,False,False,False,False,False,False,False,False,False,False
32,20,0,3,1,26,0,6,0,0,0,2,0,0,0.8125,0.0,0.1875,0,3,3.905639062,1,0,True,False,False,False,False,False,False,False,False,False,False,False,False,False,False,False,False,False,False,False,False,False,False,False,False,False,False,False,False,False,False,False,False,False,False,False,False,False,False,False,False,False,False,False,False,False,False,False,False,False,False
38,26,0,3,1,32,0,6,0,0,0,2,0,0,0.842105263,0.0,0.157894737,0,3,4.253863368,1,0,False,True,False,False,False,False,False,False,False,False,False,False,False,False,False,False,False,False,False,False,False,False,False,False,False,False,False,False,False,False,False,False,False,False,False,False,False,False,False,False,False,False,False,False,False,False,False,False,False,False,False
25,17,0,3,0,20,0,5,0,0,0,1,0,0,0.8,0.0,0.2,0,3,3.70346519,1,0,True,False,False,False,False,False,False,False,False,False,False,False,False,False,False,False,False,False,False,False,False,False,False,False,False,False,False,False,False,False,False,False,False,False,False,False,False,False,False,False,False,False,False,False,False,False,False,False,False,False,False
47,12,0,3,1,38,0,9,0,0,0,3,0,0,0.808510638,0.0,0.191489362,0,5,4.189930012,24,0,False,False,False,False,False,False,False,True,False,False,False,False,False,False,False,False,False,False,False,False,False,False,False,False,False,False,False,False,False,False,False,False,False,False,False,False,False,False,False,False,False,False,False,False,False,False,False,False,False,False,False
33,20,0,3,1,26,0,7,0,0,0,2,1,0,0.787878788,0.0,0.212121212,1,3,4.165013816,1,0,True,False,False,False,False,False,False,False,False,False,False,False,False,False,False,False,False,False,False,False,False,False,False,False,False,False,False,False,False,False,False,False,False,False,False,False,False,False,False,False,False,False,False,False,False,False,False,False,False,False,False
20,8,0,3,1,14,0,6,0,0,0,2,0,0,0.7,0.0,0.3,0,3,3.646439345,1,0,False,True,False,False,False,False,False,False,False,False,False,False,False,False,False,False,False,False,False,False,False,False,False,False,False,False,False,False,False,False,False,False,False,False,False,False,False,False,False,False,False,False,False,False,False,False,False,False,False,False,False
20,8,0,2,1,14,0,6,0,0,0,2,0,0,0.7,0.0,0.3,0,3,3.30869497,1,0,False,False,False,False,False,False,False,False,False,False,False,False,False,False,False,False,False,False,False,False,False,False,False,False,False,False,False,False,False,False,False,False,False,False,False,False,False,False,False,False,False,False,False,False,False,False,False,False,False,False,True
42,19,0,3,1,28,8,6,0,0,0,2,1,0,0.666666667,0.19047619,0.142857143,0,2,4.510899565,0,0,False,False,False,False,False,False,False,False,False,False,False,False,False,False,False,False,False,False,False,False,False,False,False,False,False,False,False,False,False,False,False,False,False,False,False,False,False,False,False,False,False,False,False,False,False,False,False,False,False,False,True
19,7,0,3,1,13,0,6,0,0,0,2,0,0,0.684210526,0.0,0.315789474,0,3,3.536886724,1,0,False,False,True,False,False,False,False,False,False,False,False,False,False,False,False,False,False,False,False,False,False,False,False,False,False,False,False,False,False,False,False,False,False,False,False,False,False,False,False,False,False,False,False,False,False,False,False,False,False,False,False
35,23,0,3,1,29,0,6,0,0,0,2,0,0,0.828571429,0.0,0.171428571,0,3,4.071581588,1,0,False,True,False,False,False,False,False,False,False,False,False,False,False,False,False,False,False,False,False,False,False,False,False,False,False,False,False,False,False,False,False,False,False,False,False,False,False,False,False,False,False,False,False,False,False,False,False,False,False,False,False
40,6,0,3,1,30,0,10,0,0,0,3,0,1,0.75,0.0,0.25,0,5,3.677166846,23,0,True,False,False,False,False,False,False,False,False,False,False,False,False,False,False,False,False,False,False,False,False,False,False,False,False,False,False,False,False,False,False,False,False,False,False,False,False,False,False,False,False,False,False,False,False,False,False,False,False,False,False
20,7,0,2,1,14,0,6,0,0,0,2,0,0,0.7,0.0,0.3,1,3,3.346439345,1,0,False,False,False,False,False,False,False,False,False,False,False,False,False,False,False,False,False,False,False,False,False,False,False,False,False,False,False,False,False,False,False,False,False,False,False,False,False,False,False,False,False,False,False,False,False,False,False,False,False,False,True
26,13,0,3,1,20,0,6,0,0,0,2,0,0,0.769230769,0.0,0.230769231,1,3,3.87314068,1,0,False,True,False,False,False,False,False,False,False,False,False,False,False,False,False,False,False,False,False,False,False,False,False,False,False,False,False,False,False,False,False,False,False,False,False,False,False,False,False,False,False,False,False,False,False,False,False,False,False,False,False
21,8,0,3,1,15,0,6,0,0,0,2,0,0,0.714285714,0.0,0.285714286,1,3,3.594465637,1,0,False,True,False,False,False,False,False,False,False,False,False,False,False,False,False,False,False,False,False,False,False,False,False,False,False,False,False,False,False,False,False,False,False,False,False,False,False,False,False,False,False,False,False,False,False,False,False,False,False,False,False
34,7,0,3,1,26,0,8,0,0,0,3,0,0,0.764705882,0.0,0.235294118,0,4,4.02085512,16,0,True,False,False,False,False,False,False,False,False,False,False,False,False,False,False,False,False,False,False,False,False,False,False,False,False,False,False,False,False,False,False,False,False,False,False,False,False,False,False,False,False,False,False,False,False,False,False,False,False,False,False
23,11,0,3,1,17,0,6,0,0,0,2,0,0,0.739130435,0.0,0.260869565,0,3,3.501397825,1,0,True,False,False,False,False,False,False,False,False,False,False,False,False,False,False,False,False,False,False,False,False,False,False,False,False,False,False,False,False,False,False,False,False,False,False,False,False,False,False,False,False,False,False,False,False,False,False,False,False,False,False
17,8,0,2,0,12,0,5,0,0,0,1,0,0,0.705882353,0.0,0.294117647,1,3,3.690116518,1,0,False,False,False,False,False,False,False,False,False,False,False,False,False,False,False,False,False,False,False,True,False,False,False,False,False,False,False,False,False,False,False,False,False,False,False,False,False,False,False,False,False,False,False,False,False,False,False,False,False,False,False
21,9,0,3,1,15,0,6,0,0,0,2,0,0,0.714285714,0.0,0.285714286,0,3,3.403989446,1,0,False,True,False,False,False,False,False,False,False,False,False,False,False,False,False,False,False,False,False,False,False,False,False,False,False,False,False,False,False,False,False,False,False,False,False,False,False,False,False,False,False,False,False,False,False,False,False,False,False,False,False
36,11,0,5,2,27,0,9,0,0,0,4,0,0,0.75,0.0,0.25,1,4,4.183542362,8,0,False,False,False,False,False,False,False,False,False,False,False,False,False,False,False,False,False,False,False,False,False,False,False,False,False,False,False,False,False,False,False,False,False,False,False,False,False,False,False,False,False,False,False,False,False,False,False,False,False,False,True
22,10,0,6,1,15,0,7,0,0,0,3,0,0,0.681818182,0.0,0.318181818,0,3,3.538310596,1,0,False,False,False,False,False,False,False,False,False,False,False,False,False,False,False,False,False,False,False,False,False,False,False,False,False,False,False,False,False,False,False,False,False,False,False,False,False,False,False,False,False,False,False,False,False,False,False,False,False,False,True
19,7,0,2,1,13,0,6,0,0,0,2,0,0,0.684210526,0.0,0.315789474,0,3,3.391892645,1,0,False,False,False,False,False,False,True,False,False,False,False,False,False,False,False,False,False,False,False,False,False,False,False,False,False,False,False,False,False,False,False,False,False,False,False,False,False,False,False,False,False,False,False,False,False,False,False,False,False,False,False
173,10,0,3,1,135,17,21,3,1,2,2,1,2,0.780346821,0.098265896,0.121387283,1,7,5.538202509,108,41,True,False,False,False,False,False,False,False,False,False,False,False,False,False,False,False,False,False,False,False,False,False,False,False,False,False,False,False,False,False,False,False,False,False,False,False,False,False,False,False,False,False,False,False,False,False,False,False,False,False,False
34,11,0,3,1,26,0,8,0,0,0,3,0,0,0.764705882,0.0,0.235294118,1,4,3.741155856,11,0,True,False,False,False,False,False,False,False,False,False,False,False,False,False,False,False,False,False,False,False,False,False,False,False,False,False,False,False,False,False,False,False,False,False,False,False,False,False,False,False,False,False,False,False,False,False,False,False,False,False,False
22,10,0,3,1,16,0,6,0,0,0,2,0,0,0.727272727,0.0,0.272727273,0,3,3.754441846,1,0,True,False,False,False,False,False,False,False,False,False,False,False,False,False,False,False,False,False,False,False,False,False,False,False,False,False,False,False,False,False,False,False,False,False,False,False,False,False,False,False,False,False,False,False,False,False,False,False,False,False,False
28,13,0,3,1,21,0,7,0,0,0,2,0,0,0.75,0.0,0.25,0,4,3.994680368,4,0,True,False,False,False,False,False,False,False,False,False,False,False,False,False,False,False,False,False,False,False,False,False,False,False,False,False,False,False,False,False,False,False,False,False,False,False,False,False,False,False,False,False,False,False,False,False,False,False,False,False,False
27,15,0,6,1,20,0,7,0,0,0,3,0,0,0.740740741,0.0,0.259259259,0,3,3.754163428,1,0,False,False,False,False,False,False,False,False,False,False,False,False,False,False,False,False,False,False,False,False,False,False,False,False,False,False,False,False,False,False,False,False,False,False,False,False,False,False,False,False,False,False,False,False,False,False,False,False,False,False,True
25,13,0,3,1,20,0,5,0,0,0,2,0,0,0.8,0.0,0.2,1,2,3.94346519,0,0,True,False,False,False,False,False,False,False,False,False,False,False,False,False,False,False,False,False,False,False,False,False,False,False,False,False,False,False,False,False,False,False,False,False,False,False,False,False,False,False,False,False,False,False,False,False,False,False,False,False,False
36,28,0,3,0,31,0,5,0,0,0,1,0,0,0.861111111,0.0,0.138888889,0,3,3.940351043,1,0,True,False,False,False,False,False,False,False,False,False,False,False,False,False,False,False,False,False,False,False,False,False,False,False,False,False,False,False,False,False,False,False,False,False,False,False,False,False,False,False,False,False,False,False,False,False,False,False,False,False,False
26,13,0,6,1,19,0,7,0,0,0,3,0,0,0.730769231,0.0,0.269230769,1,3,3.632192122,1,0,False,False,False,False,False,False,False,False,False,False,False,False,False,False,False,False,False,False,False,False,False,False,False,False,False,False,False,False,False,False,False,False,False,False,False,False,False,False,False,False,False,False,False,False,False,False,False,False,False,False,True
24,12,0,5,1,17,0,7,0,0,0,3,0,0,0.708333333,0.0,0.291666667,0,3,3.511027604,1,0,False,False,False,False,False,False,False,False,False,False,False,False,False,False,False,False,False,False,False,False,False,False,False,False,False,False,False,False,False,False,False,False,False,False,False,False,False,False,False,False,False,False,False,False,False,False,False,False,False,False,True
23,11,0,3,1,17,0,6,0,0,0,2,0,0,0.739130435,0.0,0.260869565,0,3,3.555533151,1,0,False,True,False,False,False,False,False,False,False,False,False,False,False,False,False,False,False,False,False,False,False,False,False,False,False,False,False,False,False,False,False,False,False,False,False,False,False,False,False,False,False,False,False,False,False,False,False,False,False,False,False
24,12,0,3,1,18,0,6,0,0,0,2,0,0,0.75,0.0,0.25,0,3,3.54248125,1,0,True,False,False,False,False,False,False,False,False,False,False,False,False,False,False,False,False,False,False,False,False,False,False,False,False,False,False,False,False,False,False,False,False,False,False,False,False,False,False,False,False,False,False,False,False,False,False,False,False,False,False
32,13,0,5,1,25,0,7,0,0,0,3,0,0,0.78125,0.0,0.21875,0,3,3.706747563,8,0,False,False,False,False,False,False,False,False,False,False,False,False,False,False,False,False,False,False,False,False,False,False,False,False,False,False,False,False,False,False,False,False,False,False,False,False,False,False,False,False,False,False,False,False,False,False,False,False,False,False,True
30,18,0,5,1,23,0,7,0,0,0,3,0,0,0.766666667,0.0,0.233333333,0,3,3.831401845,1,0,False,False,False,False,False,False,False,False,False,False,False,False,False,False,False,False,False,False,False,False,False,False,False,False,False,False,False,False,False,False,False,False,False,False,False,False,False,False,False,False,False,False,False,False,False,False,False,False,False,False,True
36,23,0,3,1,30,0,6,0,0,0,2,0,0,0.833333333,0.0,0.166666667,1,3,3.97216346,1,0,True,False,False,False,False,False,False,False,False,False,False,False,False,False,False,False,False,False,False,False,False,False,False,False,False,False,False,False,False,False,False,False,False,False,False,False,False,False,False,False,False,False,False,False,False,False,False,False,False,False,False
23,11,0,6,1,16,0,7,0,0,0,3,0,0,0.695652174,0.0,0.304347826,0,3,3.46857663,1,0,False,False,False,False,False,False,False,False,False,False,False,False,False,False,False,False,False,False,False,False,False,False,False,False,False,False,False,False,False,False,False,False,False,False,False,False,False,False,False,False,False,False,False,False,False,False,False,False,False,False,True
22,10,0,3,1,16,0,6,0,0,0,2,0,0,0.727272727,0.0,0.272727273,0,3,3.754441846,1,0,False,True,False,False,False,False,False,False,False,False,False,False,False,False,False,False,False,False,False,False,False,False,False,False,False,False,False,False,False,False,False,False,False,False,False,False,False,False,False,False,False,False,False,False,False,False,False,False,False,False,False
24,16,0,3,0,19,0,5,0,0,0,1,0,0,0.791666667,0.0,0.208333333,0,3,3.522055209,1,0,False,True,False,False,False,False,False,False,False,False,False,False,False,False,False,False,False,False,False,False,False,False,False,False,False,False,False,False,False,False,False,False,False,False,False,False,False,False,False,False,False,False,False,False,False,False,False,False,False,False,False
26,14,0,3,1,20,0,6,0,0,0,2,0,0,0.769230769,0.0,0.230769231,0,3,3.738149333,1,0,True,False,False,False,False,False,False,False,False,False,False,False,False,False,False,False,False,False,False,False,False,False,False,False,False,False,False,False,False,False,False,False,False,False,False,False,False,False,False,False,False,False,False,False,False,False,False,False,False,False,False
21,9,0,3,1,15,0,6,0,0,0,2,0,0,0.714285714,0.0,0.285714286,0,3,3.427333494,1,0,False,True,False,False,False,False,False,False,False,False,False,False,False,False,False,False,False,False,False,False,False,False,False,False,False,False,False,False,False,False,False,False,False,False,False,False,False,False,False,False,False,False,False,False,False,False,False,False,False,False,False
38,18,0,5,1,30,0,8,0,0,0,3,0,0,0.789473684,0.0,0.210526316,0,4,4.135699553,9,0,False,False,False,False,False,False,False,False,False,False,False,False,False,False,False,False,False,False,False,False,False,False,False,False,False,False,False,False,False,False,False,True,False,False,False,False,False,False,False,False,False,False,False,False,False,False,False,False,False,False,False
26,10,0,6,1,20,0,6,0,0,0,2,0,0,0.769230769,0.0,0.230769231,0,3,3.767183468,1,0,False,False,False,False,False,False,False,False,False,False,False,False,False,False,False,False,False,False,False,False,False,False,False,False,False,False,False,False,False,False,False,False,False,False,False,False,False,False,False,False,False,False,False,False,False,False,False,False,False,False,True
27,18,0,3,0,21,0,6,0,0,0,1,1,0,0.777777778,0.0,0.222222222,1,3,3.930270372,1,0,True,False,False,False,False,False,False,False,False,False,False,False,False,False,False,False,False,False,False,False,False,False,False,False,False,False,False,False,False,False,False,False,False,False,False,False,False,False,False,False,False,False,False,False,False,False,False,False,False,False,False
19,7,0,2,1,13,0,6,0,0,0,2,0,0,0.684210526,0.0,0.315789474,0,3,3.431623566,1,0,False,False,False,False,False,False,True,False,False,False,False,False,False,False,False,False,False,False,False,False,False,False,False,False,False,False,False,False,False,False,False,False,False,False,False,False,False,False,False,False,False,False,False,False,False,False,False,False,False,False,False
42,13,0,6,1,31,0,11,2,1,1,3,0,0,0.738095238,0.0,0.261904762,0,3,4.379714446,1,16,False,False,False,False,False,False,False,False,False,False,False,False,False,False,False,False,False,False,False,False,False,False,False,False,False,False,False,False,False,False,False,False,False,False,False,False,False,False,False,False,False,False,False,False,False,False,False,False,False,False,True
26,11,0,3,1,19,0,7,0,0,0,2,0,0,0.730769231,0.0,0.269230769,0,4,3.594482507,4,0,False,False,False,False,False,False,False,False,False,False,False,False,False,False,False,False,False,False,False,False,False,False,False,False,False,False,False,False,False,False,False,False,False,False,False,False,False,False,False,False,False,False,False,False,False,False,False,False,False,False,True
60,37,0,3,1,50,2,8,0,0,0,2,3,0,0.833333333,0.033333333,0.133333333,0,2,4.24581138,0,0,False,False,False,False,False,False,False,False,False,False,False,False,False,False,False,False,False,False,False,False,False,False,False,False,False,False,False,False,False,False,False,False,False,False,False,False,False,False,False,False,False,False,False,False,False,False,False,False,False,False,True
30,18,0,3,1,24,0,6,0,0,0,2,0,0,0.8,0.0,0.2,0,3,3.989898095,1,0,True,False,False,False,False,False,False,False,False,False,False,False,False,False,False,False,False,False,False,False,False,False,False,False,False,False,False,False,False,False,False,False,False,False,False,False,False,False,False,False,False,False,False,False,False,False,False,False,False,False,False
35,16,0,5,1,27,0,8,0,0,0,4,0,0,0.771428571,0.0,0.228571429,0,3,3.725871146,8,0,False,False,False,False,False,False,False,False,False,False,False,False,False,False,False,False,False,False,False,False,False,False,False,False,False,False,False,False,False,False,False,False,False,False,False,False,False,False,False,False,False,False,True,False,False,False,False,False,False,False,False
30,18,0,3,1,24,0,6,0,0,0,2,0,0,0.8,0.0,0.2,0,3,3.764735179,1,0,True,False,False,False,False,False,False,False,False,False,False,False,False,False,False,False,False,False,False,False,False,False,False,False,False,False,False,False,False,False,False,False,False,False,False,False,False,False,False,False,False,False,False,False,False,False,False,False,False,False,False
25,6,0,3,1,17,0,8,0,0,0,2,0,0,0.68,0.0,0.32,1,5,3.319079571,7,0,True,False,False,False,False,False,False,False,False,False,False,False,False,False,False,False,False,False,False,False,False,False,False,False,False,False,False,False,False,False,False,False,False,False,False,False,False,False,False,False,False,False,False,False,False,False,False,False,False,False,False
22,10,0,3,1,16,0,6,0,0,0,2,0,0,0.727272727,0.0,0.272727273,0,3,3.572623664,1,0,False,True,False,False,False,False,False,False,False,False,False,False,False,False,False,False,False,False,False,False,False,False,False,False,False,False,False,False,False,False,False,False,False,False,False,False,False,False,False,False,False,False,False,False,False,False,False,False,False,False,False
18,9,0,3,0,13,0,5,0,0,0,1,0,0,0.722222222,0.0,0.277777778,1,3,3.572431251,1,0,False,True,False,False,False,False,False,False,False,False,False,False,False,False,False,False,False,False,False,False,False,False,False,False,False,False,False,False,False,False,False,False,False,False,False,False,False,False,False,False,False,False,False,False,False,False,False,False,False,False,False
75,13,0,2,1,63,0,12,0,0,0,2,4,0,0.84,0.0,0.16,1,5,4.231649277,50,0,False,False,False,False,False,False,False,False,False,False,False,False,False,False,False,False,False,False,False,False,False,False,False,True,False,False,False,False,False,False,False,False,False,False,False,False,False,False,False,False,False,False,False,False,False,False,False,False,False,False,False
83,9,0,4,2,69,7,7,0,0,0,3,0,0,0.831325301,0.084337349,0.084337349,1,3,4.867416733,1,0,False,False,False,False,False,False,False,False,False,False,False,False,False,False,False,False,False,False,False,False,False,False,False,False,False,False,False,False,False,False,False,False,False,False,False,False,False,False,False,False,False,False,False,False,False,False,False,False,False,False,True
37,25,0,6,1,30,0,7,0,0,0,3,0,0,0.810810811,0.0,0.189189189,0,3,4.080414514,1,0,False,False,False,False,False,False,False,False,False,False,False,False,False,True,False,False,False,False,False,False,False,False,False,False,False,False,False,False,False,False,False,False,False,False,False,False,False,False,False,False,False,False,False,False,False,False,False,False,False,False,False
20,8,0,3,1,14,0,6,0,0,0,2,0,0,0.7,0.0,0.3,0,3,3.50869497,1,0,False,False,False,False,False,False,False,False,True,False,False,False,False,False,False,False,False,False,False,False,False,False,False,False,False,False,False,False,False,False,False,False,False,False,False,False,False,False,False,False,False,False,False,False,False,False,False,False,False,False,False
42,19,0,3,1,30,6,6,0,0,0,2,1,0,0.714285714,0.142857143,0.142857143,0,2,4.424955745,0,0,False,False,False,False,False,False,False,False,False,False,False,False,False,False,False,False,False,False,False,False,False,False,False,False,False,False,False,False,False,False,False,False,False,False,False,False,False,False,False,False,False,False,False,False,False,False,False,False,False,False,True
26,13,0,3,1,20,0,6,0,0,0,2,0,0,0.769230769,0.0,0.230769231,1,3,3.825251737,1,0,True,False,False,False,False,False,False,False,False,False,False,False,False,False,False,False,False,False,False,False,False,False,False,False,False,False,False,False,False,False,False,False,False,False,False,False,False,False,False,False,False,False,False,False,False,False,False,False,False,False,False
27,15,0,2,1,21,0,6,0,0,0,2,0,0,0.777777778,0.0,0.222222222,0,3,3.782122224,1,0,False,False,False,False,False,False,False,False,False,False,False,False,False,False,False,False,False,False,False,False,False,False,False,False,False,False,False,False,False,False,False,False,False,False,False,False,False,False,False,False,False,False,False,False,False,False,False,False,False,False,True
33,21,0,3,1,27,0,6,0,0,0,2,0,0,0.818181818,0.0,0.181818182,0,3,3.611539195,1,0,True,False,False,False,False,False,False,False,False,False,False,False,False,False,False,False,False,False,False,False,False,False,False,False,False,False,False,False,False,False,False,False,False,False,False,False,False,False,False,False,False,False,False,False,False,False,False,False,False,False,False
34,16,0,3,0,28,0,6,0,0,0,2,0,0,0.823529412,0.0,0.176470588,0,3,3.939829017,11,0,True,False,False,False,False,False,False,False,False,False,False,False,False,False,False,False,False,False,False,False,False,False,False,False,False,False,False,False,False,False,False,False,False,False,False,False,False,False,False,False,False,False,False,False,False,False,False,False,False,False,False
24,12,0,3,1,17,0,7,0,0,0,2,1,0,0.708333333,0.0,0.291666667,0,3,3.855388542,1,0,False,True,False,False,False,False,False,False,False,False,False,False,False,False,False,False,False,False,False,False,False,False,False,False,False,False,False,False,False,False,False,False,False,False,False,False,False,False,False,False,False,False,False,False,False,False,False,False,False,False,False
31,19,0,3,1,25,0,6,0,0,0,2,0,0,0.806451613,0.0,0.193548387,0,3,3.993730584,1,0,True,False,False,False,False,False,False,False,False,False,False,False,False,False,False,False,False,False,False,False,False,False,False,False,False,False,False,False,False,False,False,False,False,False,False,False,False,False,False,False,False,False,False,False,False,False,False,False,False,False,False
23,11,0,2,1,17,0,6,0,0,0,2,1,0,0.739130435,0.0,0.260869565,1,2,3.729446195,0,0,False,False,False,False,True,False,False,False,False,False,False,False,False,False,False,False,False,False,False,False,False,False,False,False,False,False,False,False,False,False,False,False,False,False,False,False,False,False,False,False,False,False,False,False,False,False,False,False,False,False,False
124,6,0,2,1,86,18,20,0,1,0,3,6,0,0.693548387,0.14516129,0.161290323,1,8,4.801590392,64,3,False,False,False,False,False,False,True,False,False,False,False,False,False,False,False,False,False,False,False,False,False,False,False,False,False,False,False,False,False,False,False,False,False,False,False,False,False,False,False,False,False,False,False,False,False,False,False,False,False,False,False
24,12,0,6,1,17,0,7,0,0,0,3,0,0,0.708333333,0.0,0.291666667,0,3,3.65726823,1,0,False,False,False,False,False,False,False,False,False,False,False,False,False,False,False,False,False,False,False,False,False,False,False,False,False,False,False,False,False,False,False,False,False,False,False,False,False,False,False,False,False,False,False,False,False,False,False,False,True,False,False
19,7,0,2,1,13,0,6,0,0,0,2,0,0,0.684210526,0.0,0.315789474,0,3,3.431623566,1,0,False,False,False,False,False,False,False,False,False,False,False,False,False,False,False,False,False,False,False,False,False,False,False,False,False,False,False,False,False,False,False,False,False,False,False,False,False,False,False,False,False,False,False,False,False,False,False,False,False,False,True
34,9,0,3,1,26,0,8,0,0,0,2,2,0,0.764705882,0.0,0.235294118,1,3,3.995715327,1,0,False,False,False,False,False,False,False,False,False,True,False,False,False,False,False,False,False,False,False,False,False,False,False,False,False,False,False,False,False,False,False,False,False,False,False,False,False,False,False,False,False,False,False,False,False,False,False,False,False,False,False
19,7,0,2,1,13,0,6,0,0,0,2,0,0,0.684210526,0.0,0.315789474,0,3,3.326360408,1,0,False,False,False,False,False,False,False,False,False,False,True,False,False,False,False,False,False,False,False,False,False,False,False,False,False,False,False,False,False,False,False,False,False,False,False,False,False,False,False,False,False,False,False,False,False,False,False,False,False,False,False
33,21,0,2,1,26,0,7,0,0,0,2,1,0,0.787878788,0.0,0.212121212,0,3,4.043801695,1,0,False,False,False,True,False,False,False,False,False,False,False,False,False,False,False,False,False,False,False,False,False,False,False,False,False,False,False,False,False,False,False,False,False,False,False,False,False,False,False,False,False,False,False,False,False,False,False,False,False,False,False
25,13,0,6,1,18,0,7,0,0,0,3,0,0,0.72,0.0,0.28,0,3,3.563074189,1,0,False,False,False,False,False,False,False,False,False,False,False,False,False,False,False,False,False,False,False,False,False,False,False,False,False,True,False,False,False,False,False,False,False,False,False,False,False,False,False,False,False,False,False,False,False,False,False,False,False,False,False
30,18,0,3,1,24,0,6,0,0,0,2,0,0,0.8,0.0,0.2,0,3,3.789898095,1,0,True,False,False,False,False,False,False,False,False,False,False,False,False,False,False,False,False,False,False,False,False,False,False,False,False,False,False,False,False,False,False,False,False,False,False,False,False,False,False,False,False,False,False,False,False,False,False,False,False,False,False
24,11,0,2,1,17,0,7,0,0,0,2,1,0,0.708333333,0.0,0.291666667,1,3,3.740601563,1,0,False,False,False,False,False,False,False,False,False,False,False,False,False,False,False,False,False,False,False,False,False,False,False,False,False,False,False,False,False,False,False,False,False,False,False,False,False,False,False,False,False,False,False,True,False,False,False,False,False,False,False
28,6,0,3,2,22,0,6,0,0,0,3,0,0,0.785714286,0.0,0.214285714,1,2,3.743982154,0,0,False,False,False,False,False,False,False,True,False,False,False,False,False,False,False,False,False,False,False,False,False,False,False,False,False,False,False,False,False,False,False,False,False,False,False,False,False,False,False,False,False,False,False,False,False,False,False,False,False,False,False
28,16,0,3,1,22,0,6,0,0,0,2,0,0,0.785714286,0.0,0.214285714,0,3,3.940759833,1,0,False,True,False,False,False,False,False,False,False,False,False,False,False,False,False,False,False,False,False,False,False,False,False,False,False,False,False,False,False,False,False,False,False,False,False,False,False,False,False,False,False,False,False,False,False,False,False,False,False,False,False
21,9,0,3,1,15,0,6,0,0,0,2,0,0,0.714285714,0.0,0.285714286,0,3,3.463280518,1,0,False,True,False,False,False,False,False,False,False,False,False,False,False,False,False,False,False,False,False,False,False,False,False,False,False,False,False,False,False,False,False,False,False,False,False,False,False,False,False,False,False,False,False,False,False,False,False,False,False,False,False
48,7,0,2,1,27,11,10,1,1,0,2,2,0,0.5625,0.229166667,0.208333333,0,3,4.420914522,1,3,False,False,False,False,False,False,False,False,False,False,False,False,False,False,False,False,False,False,False,False,False,False,False,False,False,False,False,False,False,False,False,False,False,False,False,False,False,False,True,False,False,False,False,False,False,False,False,False,False,False,False
27,14,0,3,1,21,0,6,0,0,0,2,0,0,0.777777778,0.0,0.222222222,1,3,3.958229169,1,0,True,False,False,False,False,False,False,False,False,False,False,False,False,False,False,False,False,False,False,False,False,False,False,False,False,False,False,False,False,False,False,False,False,False,False,False,False,False,False,False,False,False,False,False,False,False,False,False,False,False,False
22,10,0,5,1,15,0,7,0,0,0,3,0,0,0.681818182,0.0,0.318181818,0,3,3.413088436,1,0,False,False,False,False,False,False,False,False,False,False,False,False,False,False,False,False,False,False,False,False,False,False,False,False,False,False,False,False,False,False,False,False,False,False,False,False,False,False,False,False,False,False,False,False,False,False,False,False,False,False,True
20,8,0,3,1,14,0,6,0,0,0,2,0,0,0.7,0.0,0.3,0,3,3.546439345,1,0,False,True,False,False,False,False,False,False,False,False,False,False,False,False,False,False,False,False,False,False,False,False,False,False,False,False,False,False,False,False,False,False,False,False,False,False,False,False,False,False,False,False,False,False,False,False,False,False,False,False,False
40,15,0,2,1,31,0,9,0,0,0,3,0,0,0.775,0.0,0.225,0,5,3.865957321,14,0,False,False,False,True,False,False,False,False,False,False,False,False,False,False,False,False,False,False,False,False,False,False,False,False,False,False,False,False,False,False,False,False,False,False,False,False,False,False,False,False,False,False,False,False,False,False,False,False,False,False,False
19,7,0,2,1,13,0,6,0,0,0,2,0,0,0.684210526,0.0,0.315789474,0,3,3.536886724,1,0,False,False,False,False,False,False,False,False,False,False,False,False,False,False,False,False,False,False,False,False,False,False,False,False,False,False,False,False,False,False,False,False,False,False,False,False,False,False,False,False,False,False,False,False,True,False,False,False,False,False,False
43,24,0,3,1,36,0,7,0,0,0,3,0,0,0.837209302,0.0,0.162790698,0,3,4.123029871,8,0,True,False,False,False,False,False,False,False,False,False,False,False,False,False,False,False,False,False,False,False,False,False,False,False,False,False,False,False,False,False,False,False,False,False,False,False,False,False,False,False,False,False,False,False,False,False,False,False,False,False,False
31,18,0,2,1,24,0,7,0,0,0,2,1,0,0.774193548,0.0,0.225806452,1,3,3.889049536,1,0,False,False,False,True,False,False,False,False,False,False,False,False,False,False,False,False,False,False,False,False,False,False,False,False,False,False,False,False,False,False,False,False,False,False,False,False,False,False,False,False,False,False,False,False,False,False,False,False,False,False,False
36,7,0,3,1,27,0,9,0,0,0,2,0,0,0.75,0.0,0.25,0,6,3.808270835,18,0,False,False,False,False,False,False,False,False,False,False,False,False,False,False,False,False,False,False,False,False,False,False,False,False,False,False,False,False,False,False,False,False,False,False,False,False,False,False,False,False,False,False,False,False,False,False,False,False,False,False,True
28,15,0,3,1,22,0,6,0,0,0,2,0,0,0.785714286,0.0,0.214285714,1,3,3.726474118,1,0,True,False,False,False,False,False,False,False,False,False,False,False,False,False,False,False,False,False,False,False,False,False,False,False,False,False,False,False,False,False,False,False,False,False,False,False,False,False,False,False,False,False,False,False,False,False,False,False,False,False,False
27,15,0,3,1,22,0,5,0,0,0,2,0,0,0.814814815,0.0,0.185185185,1,2,3.754163428,0,0,True,False,False,False,False,False,False,False,False,False,False,False,False,False,False,False,False,False,False,False,False,False,False,False,False,False,False,False,False,False,False,False,False,False,False,False,False,False,False,False,False,False,False,False,False,False,False,False,False,False,False
41,9,0,5,1,30,1,10,0,0,0,4,0,0,0.731707317,0.024390244,0.243902439,0,4,4.210733712,14,0,False,False,False,False,False,False,False,False,False,False,False,False,False,False,False,False,False,False,False,False,False,False,False,False,False,False,False,True,False,False,False,False,False,False,False,False,False,False,False,False,False,False,False,False,False,False,False,False,False,False,False
53,23,0,3,1,45,0,8,0,0,0,3,0,0,0.849056604,0.0,0.150943396,0,4,4.038319039,19,0,True,False,False,False,False,False,False,False,False,False,False,False,False,False,False,False,False,False,False,False,False,False,False,False,False,False,False,False,False,False,False,False,False,False,False,False,False,False,False,False,False,False,False,False,False,False,False,False,False,False,False
19,6,0,2,1,13,0,6,0,0,0,2,0,0,0.684210526,0.0,0.315789474,1,3,3.576617645,1,0,False,False,False,False,False,False,True,False,False,False,False,False,False,False,False,False,False,False,False,False,False,False,False,False,False,False,False,False,False,False,False,False,False,False,False,False,False,False,False,False,False,False,False,False,False,False,False,False,False,False,False
27,15,0,3,1,21,0,6,0,0,0,2,0,0,0.777777778,0.0,0.222222222,0,3,3.754163428,1,0,False,True,False,False,False,False,False,False,False,False,False,False,False,False,False,False,False,False,False,False,False,False,False,False,False,False,False,False,False,False,False,False,False,False,False,False,False,False,False,False,False,False,False,False,False,False,False,False,False,False,False
20,11,0,3,0,15,0,5,0,0,0,1,0,0,0.75,0.0,0.25,1,3,3.78418372,1,0,True,False,False,False,False,False,False,False,False,False,False,False,False,False,False,False,False,False,False,False,False,False,False,False,False,False,False,False,False,False,False,False,False,False,False,False,False,False,False,False,False,False,False,False,False,False,False,False,False,False,False
37,10,0,6,1,28,0,9,0,0,0,4,1,0,0.756756757,0.0,0.243243243,0,3,4.486348298,10,0,False,False,False,False,False,False,False,False,False,False,False,False,False,False,False,False,False,False,False,False,False,False,False,False,True,False,False,False,False,False,False,False,False,False,False,False,False,False,False,False,False,False,False,False,False,False,False,False,False,False,False
23,11,0,6,1,16,0,7,0,0,0,3,0,0,0.695652174,0.0,0.304347826,0,3,3.48989076,1,0,False,False,False,False,False,False,False,False,False,False,False,False,False,False,False,False,False,False,False,False,False,False,False,False,True,False,False,False,False,False,False,False,False,False,False,False,False,False,False,False,False,False,False,False,False,False,False,False,False,False,False
21,8,0,3,1,15,0,6,0,0,0,2,0,0,0.714285714,0.0,0.285714286,1,3,3.653756708,1,0,False,True,False,False,False,False,False,False,False,False,False,False,False,False,False,False,False,False,False,False,False,False,False,False,False,False,False,False,False,False,False,False,False,False,False,False,False,False,False,False,False,False,False,False,False,False,False,False,False,False,False
21,8,0,3,1,15,0,6,0,0,0,2,0,0,0.714285714,0.0,0.285714286,1,3,3.558518613,1,0,False,True,False,False,False,False,False,False,False,False,False,False,False,False,False,False,False,False,False,False,False,False,False,False,False,False,False,False,False,False,False,False,False,False,False,False,False,False,False,False,False,False,False,False,False,False,False,False,False,False,False
29,16,0,2,1,23,0,6,0,0,0,2,0,0,0.793103448,0.0,0.206896552,1,3,3.926272374,1,0,False,False,False,True,False,False,False,False,False,False,False,False,False,False,False,False,False,False,False,False,False,False,False,False,False,False,False,False,False,False,False,False,False,False,False,False,False,False,False,False,False,False,False,False,False,False,False,False,False,False,False
35,6,0,2,2,26,0,9,0,0,0,5,0,0,0.742857143,0.0,0.257142857,0,3,3.946880789,14,0,False,False,False,False,False,False,True,False,False,False,False,False,False,False,False,False,False,False,False,False,False,False,False,False,False,False,False,False,False,False,False,False,False,False,False,False,False,False,False,False,False,False,False,False,False,False,False,False,False,False,False
25,17,0,3,0,20,0,5,0,0,0,1,0,0,0.8,0.0,0.2,0,3,3.73366069,1,0,True,False,False,False,False,False,False,False,False,False,False,False,False,False,False,False,False,False,False,False,False,False,False,False,False,False,False,False,False,False,False,False,False,False,False,False,False,False,False,False,False,False,False,False,False,False,False,False,False,False,False
60,37,0,4,1,34,20,6,0,0,0,2,1,0,0.566666667,0.333333333,0.1,0,2,4.429737421,0,0,False,False,False,False,False,False,False,False,False,False,False,False,False,False,False,False,False,False,False,False,False,False,False,False,False,False,False,False,False,False,False,False,False,False,False,False,False,False,False,False,False,False,False,False,False,False,False,True,False,False,False
26,17,0,2,0,21,0,5,0,0,0,1,0,0,0.807692308,0.0,0.192307692,1,3,3.844106545,1,0,False,False,False,False,False,False,False,False,False,False,False,False,False,False,False,False,False,False,False,True,False,False,False,False,False,False,False,False,False,False,False,False,False,False,False,False,False,False,False,False,False,False,False,False,False,False,False,False,False,False,False
51,23,0,6,0,39,4,8,0,0,0,3,0,0,0.764705882,0.078431373,0.156862745,1,4,4.233521852,20,0,False,False,False,False,False,False,False,False,False,False,False,False,False,False,False,False,False,False,False,False,False,False,False,False,False,False,False,False,False,False,False,False,False,False,False,False,False,False,False,False,False,False,False,False,False,False,False,False,False,False,True
39,15,0,3,1,31,0,8,0,0,0,3,0,0,0.794871795,0.0,0.205128205,0,4,4.111698693,13,0,True,False,False,False,False,False,False,False,False,False,False,False,False,False,False,False,False,False,False,False,False,False,False,False,False,False,False,False,False,False,False,False,False,False,False,False,False,False,False,False,False,False,False,False,False,False,False,False,False,False,False
22,10,0,6,1,15,0,7,0,0,0,3,0,0,0.681818182,0.0,0.318181818,0,3,3.538310596,1,0,False,False,False,False,False,False,False,False,False,False,False,False,False,False,False,False,False,False,False,False,False,False,False,False,False,False,False,False,False,False,False,False,False,False,False,False,False,False,False,False,False,False,False,False,False,False,False,False,False,False,True
21,9,0,3,1,16,0,5,0,0,0,2,0,0,0.761904762,0.0,0.238095238,1,2,3.594465637,0,0,False,False,True,False,False,False,False,False,False,False,False,False,False,False,False,False,False,False,False,False,False,False,False,False,False,False,False,False,False,False,False,False,False,False,False,False,False,False,False,False,False,False,False,False,False,False,False,False,False,False,False
17,9,0,3,0,13,0,4,0,0,0,1,0,0,0.764705882,0.0,0.235294118,1,2,3.4548224,0,0,False,True,False,False,False,False,False,False,False,False,False,False,False,False,False,False,False,False,False,False,False,False,False,False,False,False,False,False,False,False,False,False,False,False,False,False,False,False,False,False,False,False,False,False,False,False,False,False,False,False,False
17,8,0,3,0,12,0,5,0,0,0,1,0,0,0.705882353,0.0,0.294117647,1,3,3.572469459,1,0,False,True,False,False,False,False,False,False,False,False,False,False,False,False,False,False,False,False,False,False,False,False,False,False,False,False,False,False,False,False,False,False,False,False,False,False,False,False,False,False,False,False,False,False,False,False,False,False,False,False,False
34,8,0,3,1,26,0,8,0,0,0,3,0,0,0.764705882,0.0,0.235294118,1,4,3.962031591,14,0,False,True,False,False,False,False,False,False,False,False,False,False,False,False,False,False,False,False,False,False,False,False,False,False,False,False,False,False,False,False,False,False,False,False,False,False,False,False,False,False,False,False,False,False,False,False,False,False,False,False,False
35,10,0,2,1,29,0,6,0,0,0,2,0,0,0.828571429,0.0,0.171428571,1,3,4.185867302,1,0,False,False,False,False,False,False,False,False,False,False,False,False,False,False,False,False,False,False,False,False,False,False,False,False,False,False,False,False,False,False,False,False,False,False,True,False,False,False,False,False,False,False,False,False,False,False,False,False,False,False,False
31,19,0,5,1,22,1,8,0,0,0,3,1,0,0.709677419,0.032258065,0.258064516,0,3,4.082597923,1,0,False,False,False,False,False,False,False,False,False,False,False,False,False,False,False,False,False,False,False,False,False,False,False,False,False,False,False,False,False,False,False,False,False,False,False,False,False,False,False,False,False,False,False,False,False,False,False,False,False,False,True
18,10,0,5,0,12,0,6,0,0,0,2,0,0,0.666666667,0.0,0.333333333,0,3,3.127986807,1,0,False,False,False,False,False,False,False,False,False,False,False,False,False,False,False,False,False,False,False,False,False,False,False,False,False,False,False,False,False,False,False,False,False,False,False,False,False,False,False,False,False,False,False,False,False,False,False,False,False,False,True
24,12,0,3,1,18,0,6,0,0,0,2,0,0,0.75,0.0,0.25,0,3,3.823934896,1,0,True,False,False,False,False,False,False,False,False,False,False,False,False,False,False,False,False,False,False,False,False,False,False,False,False,False,False,False,False,False,False,False,False,False,False,False,False,False,False,False,False,False,False,False,False,False,False,False,False,False,False
31,23,0,6,0,25,0,6,0,0,0,2,0,0,0.806451613,0.0,0.193548387,0,3,3.913400746,1,0,False,False,False,False,False,False,False,False,False,False,False,False,False,False,False,False,False,False,False,False,False,False,False,False,False,False,False,False,False,False,False,False,False,False,False,False,False,False,False,False,False,True,False,False,False,False,False,False,False,False,False
15,7,0,2,0,11,0,4,0,0,0,1,0,0,0.733333333,0.0,0.266666667,1,2,3.189898095,0,0,False,False,False,False,False,False,False,False,False,False,False,False,False,False,False,False,False,False,False,False,False,False,False,False,False,False,True,False,False,False,False,False,False,False,False,False,False,False,False,False,False,False,False,False,False,False,False,False,False,False,False
30,7,0,2,1,23,1,6,0,0,0,2,0,0,0.766666667,0.033333333,0.2,1,3,4.072905595,7,0,False,False,False,False,False,False,False,False,False,False,False,False,False,False,False,False,False,False,False,False,False,False,False,False,False,False,False,False,False,False,False,False,False,False,False,False,False,False,False,False,False,False,False,False,False,False,False,False,False,False,True
32,11,0,5,1,24,0,8,0,0,0,4,0,0,0.75,0.0,0.25,0,3,4.077819531,10,0,False,False,False,False,False,False,False,False,False,False,False,False,False,False,False,False,False,False,False,False,False,False,False,False,False,False,False,False,True,False,False,False,False,False,False,False,False,False,False,False,False,False,False,False,False,False,False,False,False,False,False
33,18,0,3,0,27,1,5,0,0,0,1,0,0,0.818181818,0.03030303,0.151515152,1,3,4.089552453,7,0,False,False,False,False,False,False,False,False,False,False,False,False,False,False,False,False,False,False,False,False,False,False,False,False,False,False,False,False,False,False,False,False,False,False,False,False,False,False,False,False,False,False,False,False,False,False,False,False,False,False,True
23,7,0,2,1,16,0,7,0,0,0,2,0,0,0.695652174,0.0,0.304347826,1,4,3.393127173,4,0,False,False,False,True,False,False,False,False,False,False,False,False,False,False,False,False,False,False,False,False,False,False,False,False,False,False,False,False,False,False,False,False,False,False,False,False,False,False,False,False,False,False,False,False,False,False,False,False,False,False,False
18,10,0,3,0,14,0,4,0,0,0,1,0,0,0.777777778,0.0,0.222222222,1,2,3.683542362,0,0,False,False,False,False,False,False,False,False,False,True,False,False,False,False,False,False,False,False,False,False,False,False,False,False,False,False,False,False,False,False,False,False,False,False,False,False,False,False,False,False,False,False,False,False,False,False,False,False,False,False,False
29,17,0,3,1,23,0,6,0,0,0,2,0,0,0.793103448,0.0,0.206896552,0,3,4.116264616,1,0,False,True,False,False,False,False,False,False,False,False,False,False,False,False,False,False,False,False,False,False,False,False,False,False,False,False,False,False,False,False,False,False,False,False,False,False,False,False,False,False,False,False,False,False,False,False,False,False,False,False,False
45,18,0,2,1,37,0,8,0,0,0,3,0,0,0.822222222,0.0,0.177777778,0,4,4.250201919,16,0,False,False,False,False,False,False,False,False,False,False,True,False,False,False,False,False,False,False,False,False,False,False,False,False,False,False,False,False,False,False,False,False,False,False,False,False,False,False,False,False,False,False,False,False,False,False,False,False,False,False,False
50,6,0,2,1,38,0,12,1,1,0,2,2,0,0.76,0.0,0.24,0,5,4.238242691,25,7,False,False,False,False,False,False,False,False,False,False,False,False,False,False,False,False,False,False,False,False,False,False,False,False,False,False,False,False,False,False,False,False,False,False,False,False,False,False,False,False,False,False,False,False,False,False,False,False,False,False,True
37,6,0,2,1,28,0,9,0,0,0,2,0,0,0.756756757,0.0,0.243243243,0,6,4.154870933,20,0,False,False,False,False,True,False,False,False,False,False,False,False,False,False,False,False,False,False,False,False,False,False,False,False,False,False,False,False,False,False,False,False,False,False,False,False,False,False,False,False,False,False,False,False,False,False,False,False,False,False,False
23,11,0,6,1,16,0,7,0,0,0,3,0,0,0.695652174,0.0,0.304347826,0,3,3.46857663,1,0,False,False,False,False,False,False,False,False,False,False,False,False,False,False,False,False,False,False,False,False,False,False,False,False,True,False,False,False,False,False,False,False,False,False,False,False,False,False,False,False,False,False,False,False,False,False,False,False,False,False,False
23,6,0,2,1,15,2,6,0,0,0,2,0,0,0.652173913,0.086956522,0.260869565,1,3,3.96900163,7,0,False,False,False,False,False,False,False,False,False,False,False,False,False,False,False,False,False,False,False,False,False,False,False,False,False,False,False,False,False,False,False,False,False,False,False,False,False,False,True,False,False,False,False,False,False,False,False,False,False,False,False
26,14,0,3,1,20,0,6,0,0,0,2,0,0,0.769230769,0.0,0.230769231,0,3,3.844106545,1,0,False,True,False,False,False,False,False,False,False,False,False,False,False,False,False,False,False,False,False,False,False,False,False,False,False,False,False,False,False,False,False,False,False,False,False,False,False,False,False,False,False,False,False,False,False,False,False,False,False,False,False
20,11,0,3,0,15,0,5,0,0,0,1,0,0,0.75,0.0,0.25,1,3,3.646439345,1,0,True,False,False,False,False,False,False,False,False,False,False,False,False,False,False,False,False,False,False,False,False,False,False,False,False,False,False,False,False,False,False,False,False,False,False,False,False,False,False,False,False,False,False,False,False,False,False,False,False,False,False
32,24,0,3,0,27,0,5,0,0,0,1,0,0,0.84375,0.0,0.15625,0,3,3.741729297,1,0,False,False,False,False,False,False,False,False,True,False,False,False,False,False,False,False,False,False,False,False,False,False,False,False,False,False,False,False,False,False,False,False,False,False,False,False,False,False,False,False,False,False,False,False,False,False,False,False,False,False,False
21,13,0,5,0,16,0,5,0,0,0,2,0,0,0.761904762,0.0,0.238095238,1,2,3.535174566,0,0,False,False,False,False,False,False,False,False,False,False,False,False,False,False,False,False,False,False,False,False,False,False,False,False,False,False,False,False,False,True,False,False,False,False,False,False,False,False,False,False,False,False,False,False,False,False,False,False,False,False,False
58,8,0,3,2,45,0,13,0,0,0,3,3,0,0.775862069,0.0,0.224137931,1,6,4.506194306,34,0,False,False,False,False,False,False,False,False,False,False,False,False,False,False,False,False,False,False,False,False,False,False,False,False,False,False,False,False,False,False,False,False,False,False,False,False,False,False,False,False,False,False,False,False,False,False,False,False,False,False,True
20,8,0,3,1,15,0,5,0,0,0,2,0,0,0.75,0.0,0.25,1,2,3.58418372,0,0,True,False,False,False,False,False,False,False,False,False,False,False,False,False,False,False,False,False,False,False,False,False,False,False,False,False,False,False,False,False,False,False,False,False,False,False,False,False,False,False,False,False,False,False,False,False,False,False,False,False,False
52,37,0,4,1,26,20,6,0,0,0,2,1,0,0.5,0.384615385,0.115384615,0,2,4.37555793,0,0,False,False,False,False,False,False,False,False,False,False,False,False,False,False,False,False,False,False,False,False,False,False,False,False,False,False,False,False,False,False,False,False,False,False,False,False,False,False,False,False,False,False,False,False,False,False,False,True,False,False,False
25,9,0,3,1,18,0,7,0,0,0,2,0,0,0.72,0.0,0.28,1,4,3.89366069,4,0,True,False,False,False,False,False,False,False,False,False,False,False,False,False,False,False,False,False,False,False,False,False,False,False,False,False,False,False,False,False,False,False,False,False,False,False,False,False,False,False,False,False,False,False,False,False,False,False,False,False,False
24,16,0,2,0,18,0,6,0,0,0,1,1,0,0.75,0.0,0.25,0,3,3.90726823,1,0,False,False,False,True,False,False,False,False,False,False,False,False,False,False,False,False,False,False,False,False,False,False,False,False,False,False,False,False,False,False,False,False,False,False,False,False,False,False,False,False,False,False,False,False,False,False,False,False,False,False,False
18,9,0,2,0,13,0,5,0,0,0,1,0,0,0.722222222,0.0,0.277777778,1,3,3.683542362,1,0,False,False,False,False,False,False,False,False,False,False,False,False,False,False,False,False,False,False,False,False,False,False,False,False,False,False,False,False,False,False,False,False,False,False,False,False,False,False,False,False,True,False,False,False,False,False,False,False,False,False,False
88,13,0,2,1,56,20,12,0,0,0,3,4,0,0.636363636,0.227272727,0.136363636,1,4,4.560934432,63,0,False,False,False,False,True,False,False,False,False,False,False,False,False,False,False,False,False,False,False,False,False,False,False,False,False,False,False,False,False,False,False,False,False,False,False,False,False,False,False,False,False,False,False,False,False,False,False,False,False,False,False
40,9,0,2,1,31,0,9,0,0,0,3,0,0,0.775,0.0,0.225,0,5,3.987326145,19,0,False,False,False,False,False,False,False,False,False,False,False,False,False,False,False,False,False,False,False,False,False,False,True,False,False,False,False,False,False,False,False,False,False,False,False,False,False,False,False,False,False,False,False,False,False,False,False,False,False,False,False
28,15,0,3,1,22,0,6,0,0,0,2,0,0,0.785714286,0.0,0.214285714,1,3,3.794336066,1,0,True,False,False,False,False,False,False,False,False,False,False,False,False,False,False,False,False,False,False,False,False,False,False,False,False,False,False,False,False,False,False,False,False,False,False,False,False,False,False,False,False,False,False,False,False,False,False,False,False,False,False
34,22,0,3,1,28,0,6,0,0,0,2,0,0,0.823529412,0.0,0.176470588,0,3,3.976449973,1,0,False,True,False,False,False,False,False,False,False,False,False,False,False,False,False,False,False,False,False,False,False,False,False,False,False,False,False,False,False,False,False,False,False,False,False,False,False,False,False,False,False,False,False,False,False,False,False,False,False,False,False
25,12,0,3,1,19,0,6,0,0,0,2,0,0,0.76,0.0,0.24,1,3,3.643074189,1,0,False,True,False,False,False,False,False,False,False,False,False,False,False,False,False,False,False,False,False,False,False,False,False,False,False,False,False,False,False,False,False,False,False,False,False,False,False,False,False,False,False,False,False,False,False,False,False,False,False,False,False
22,10,0,5,1,15,0,7,0,0,0,3,0,0,0.681818182,0.0,0.318181818,0,3,3.447401505,1,0,False,False,False,False,False,False,False,False,False,False,False,False,False,False,False,False,False,False,False,False,False,False,False,False,False,False,False,False,False,False,False,False,False,False,False,False,False,False,False,False,False,False,False,False,False,False,False,False,False,False,True
37,24,0,3,1,31,0,6,0,0,0,2,0,0,0.837837838,0.0,0.162162162,1,3,4.080414514,1,0,False,True,False,False,False,False,False,False,False,False,False,False,False,False,False,False,False,False,False,False,False,False,False,False,False,False,False,False,False,False,False,False,False,False,False,False,False,False,False,False,False,False,False,False,False,False,False,False,False,False,False
31,12,0,2,1,24,0,7,0,0,0,3,0,0,0.774193548,0.0,0.225806452,0,3,3.719852359,8,0,False,False,False,False,False,False,True,False,False,False,False,False,False,False,False,False,False,False,False,False,False,False,False,False,False,False,False,False,False,False,False,False,False,False,False,False,False,False,False,False,False,False,False,False,False,False,False,False,False,False,False
24,16,0,3,0,19,0,5,0,0,0,1,0,0,0.791666667,0.0,0.208333333,0,3,3.720175521,1,0,True,False,False,False,False,False,False,False,False,False,False,False,False,False,False,False,False,False,False,False,False,False,False,False,False,False,False,False,False,False,False,False,False,False,False,False,False,False,False,False,False,False,False,False,False,False,False,False,False,False,False
35,23,0,3,1,29,0,6,0,0,0,2,0,0,0.828571429,0.0,0.171428571,0,3,4.128724445,1,0,True,False,False,False,False,False,False,False,False,False,False,False,False,False,False,False,False,False,False,False,False,False,False,False,False,False,False,False,False,False,False,False,False,False,False,False,False,False,False,False,False,False,False,False,False,False,False,False,False,False,False
44,11,0,3,1,35,0,9,0,0,0,3,0,0,0.795454545,0.0,0.204545455,0,5,4.217859108,22,0,True,False,False,False,False,False,False,False,False,False,False,False,False,False,False,False,False,False,False,False,False,False,False,False,False,False,False,False,False,False,False,False,False,False,False,False,False,False,False,False,False,False,False,False,False,False,False,False,False,False,False
22,10,0,3,1,16,0,6,0,0,0,2,0,0,0.727272727,0.0,0.272727273,0,3,3.754441846,1,0,True,False,False,False,False,False,False,False,False,False,False,False,False,False,False,False,False,False,False,False,False,False,False,False,False,False,False,False,False,False,False,False,False,False,False,False,False,False,False,False,False,False,False,False,False,False,False,False,False,False,False
175,10,0,3,1,135,18,22,3,1,2,2,4,0,0.771428571,0.102857143,0.125714286,1,7,5.568850948,108,43,True,False,False,False,False,False,False,False,False,False,False,False,False,False,False,False,False,False,False,False,False,False,False,False,False,False,False,False,False,False,False,False,False,False,False,False,False,False,False,False,False,False,False,False,False,False,False,False,False,False,False
43,10,0,3,1,37,0,6,0,0,0,2,0,0,0.860465116,0.0,0.139534884,1,3,4.173373988,1,0,True,False,False,False,False,False,False,False,False,False,False,False,False,False,False,False,False,False,False,False,False,False,False,False,False,False,False,False,False,False,False,False,False,False,False,False,False,False,False,False,False,False,False,False,False,False,False,False,False,False,False
28,15,0,3,1,22,0,6,0,0,0,2,0,0,0.785714286,0.0,0.214285714,1,3,3.9677201,1,0,True,False,False,False,False,False,False,False,False,False,False,False,False,False,False,False,False,False,False,False,False,False,False,False,False,False,False,False,False,False,False,False,False,False,False,False,False,False,False,False,False,False,False,False,False,False,False,False,False,False,False
18,6,0,2,0,12,0,6,0,0,0,1,0,0,0.666666667,0.0,0.333333333,1,4,3.392147224,4,0,False,False,False,False,False,False,False,False,False,False,False,False,False,False,False,False,False,False,False,False,False,False,False,False,False,False,False,False,False,False,False,False,False,False,False,False,False,False,False,False,False,False,False,False,False,False,False,False,False,False,True
59,11,0,3,1,45,6,8,0,0,0,2,1,1,0.762711864,0.101694915,0.13559322,1,3,4.9373136,30,0,True,False,False,False,False,False,False,False,False,False,False,False,False,False,False,False,False,False,False,False,False,False,False,False,False,False,False,False,False,False,False,False,False,False,False,False,False,False,False,False,False,False,False,False,False,False,False,False,False,False,False
23,9,0,3,1,17,0,6,0,0,0,2,0,0,0.739130435,0.0,0.260869565,1,3,3.795088586,1,0,True,False,False,False,False,False,False,False,False,False,False,False,False,False,False,False,False,False,False,False,False,False,False,False,False,False,False,False,False,False,False,False,False,False,False,False,False,False,False,False,False,False,False,False,False,False,False,False,False,False,False
25,12,0,3,1,19,0,6,0,0,0,2,0,0,0.76,0.0,0.24,1,3,3.75326969,1,0,True,False,False,False,False,False,False,False,False,False,False,False,False,False,False,False,False,False,False,False,False,False,False,False,False,False,False,False,False,False,False,False,False,False,False,False,False,False,False,False,False,False,False,False,False,False,False,False,False,False,False
21,8,0,3,1,15,0,6,0,0,0,2,0,0,0.714285714,0.0,0.285714286,1,3,3.522571589,1,0,False,True,False,False,False,False,False,False,False,False,False,False,False,False,False,False,False,False,False,False,False,False,False,False,False,False,False,False,False,False,False,False,False,False,False,False,False,False,False,False,False,False,False,False,False,False,False,False,False,False,False
71,10,0,3,1,58,0,13,0,0,0,2,3,0,0.816901408,0.0,0.183098592,0,7,3.932029559,50,0,True,False,False,False,False,False,False,False,False,False,False,False,False,False,False,False,False,False,False,False,False,False,False,False,False,False,False,False,False,False,False,False,False,False,False,False,False,False,False,False,False,False,False,False,False,False,False,False,False,False,False
53,8,0,2,0,42,1,10,1,0,0,1,0,0,0.79245283,0.018867925,0.188679245,1,7,4.422991031,37,0,False,False,False,False,False,False,False,False,False,False,False,False,False,False,False,False,True,False,False,False,False,False,False,False,False,False,False,False,False,False,False,False,False,False,False,False,False,False,False,False,False,False,False,False,False,False,False,False,False,False,False
25,13,0,6,1,19,0,6,0,0,0,3,0,0,0.76,0.0,0.24,1,2,3.83326969,0,0,False,False,False,False,False,False,False,False,False,False,False,False,False,False,False,False,False,False,False,False,False,False,False,False,False,False,False,False,False,False,False,False,False,False,False,False,False,False,False,False,False,False,False,False,False,False,False,False,False,False,True
19,11,0,2,0,14,0,5,0,0,0,1,0,0,0.736842105,0.0,0.263157895,0,3,2.970840013,1,0,False,False,False,False,False,False,False,False,False,False,True,False,False,False,False,False,False,False,False,False,False,False,False,False,False,False,False,False,False,False,False,False,False,False,False,False,False,False,False,False,False,False,False,False,False,False,False,False,False,False,False
19,10,0,3,0,13,0,6,0,0,0,1,1,0,0.684210526,0.0,0.315789474,1,3,3.681880803,1,0,True,False,False,False,False,False,False,False,False,False,False,False,False,False,False,False,False,False,False,False,False,False,False,False,False,False,False,False,False,False,False,False,False,False,False,False,False,False,False,False,False,False,False,False,False,False,False,False,False,False,False
88,13,0,6,1,55,13,20,3,1,2,3,0,4,0.625,0.147727273,0.227272727,0,4,5.042746499,12,51,False,False,False,False,False,False,False,False,False,False,False,False,False,False,False,False,False,False,False,False,False,False,False,False,False,False,False,False,False,False,False,False,False,False,False,False,False,False,False,False,False,False,False,False,False,False,False,False,False,False,True
31,22,0,3,0,26,0,5,0,0,0,1,0,0,0.838709677,0.0,0.161290323,1,3,3.861476859,1,0,True,False,False,False,False,False,False,False,False,False,False,False,False,False,False,False,False,False,False,False,False,False,False,False,False,False,False,False,False,False,False,False,False,False,False,False,False,False,False,False,False,False,False,False,False,False,False,False,False,False,False
32,6,0,2,2,22,0,10,0,0,0,3,0,0,0.6875,0.0,0.3125,0,5,3.792837797,11,0,False,False,False,False,False,False,False,False,False,False,False,False,False,False,False,False,False,False,False,False,False,False,False,False,False,False,False,False,False,False,False,False,False,False,False,False,False,False,False,False,False,False,False,False,False,False,False,False,False,False,True
33,9,0,6,1,26,0,7,0,0,0,3,0,0,0.787878788,0.0,0.212121212,1,3,3.861983513,1,0,False,False,False,False,False,False,False,False,False,False,False,False,False,False,False,False,False,False,False,False,False,False,False,False,False,False,False,False,False,False,False,False,False,False,False,False,False,False,False,False,False,False,False,False,False,False,False,False,False,False,True
25,12,0,6,1,18,0,7,0,0,0,3,0,0,0.72,0.0,0.28,1,3,3.75326969,1,0,False,False,False,False,False,False,False,False,False,False,False,False,False,True,False,False,False,False,False,False,False,False,False,False,False,False,False,False,False,False,False,False,False,False,False,False,False,False,False,False,False,False,False,False,False,False,False,False,False,False,False
35,10,0,3,1,27,0,8,0,0,0,3,0,0,0.771428571,0.0,0.228571429,0,4,4.15029266,14,0,True,False,False,False,False,False,False,False,False,False,False,False,False,False,False,False,False,False,False,False,False,False,False,False,False,False,False,False,False,False,False,False,False,False,False,False,False,False,False,False,False,False,False,False,False,False,False,False,False,False,False
30,18,0,3,1,24,0,6,0,0,0,2,0,0,0.8,0.0,0.2,0,3,4.098068512,1,0,True,False,False,False,False,False,False,False,False,False,False,False,False,False,False,False,False,False,False,False,False,False,False,False,False,False,False,False,False,False,False,False,False,False,False,False,False,False,False,False,False,False,False,False,False,False,False,False,False,False,False
31,16,0,2,1,24,0,7,0,0,0,2,0,0,0.774193548,0.0,0.225806452,0,4,3.873235826,4,0,False,False,False,False,False,False,False,False,False,False,False,False,False,False,False,False,False,False,False,False,False,False,False,False,False,False,False,False,False,False,False,False,False,False,False,False,False,False,False,False,True,False,False,False,False,False,False,False,False,False,False
38,9,0,3,1,29,0,9,0,0,0,2,3,0,0.763157895,0.0,0.236842105,1,3,4.043337053,1,0,False,False,False,False,False,False,False,False,False,True,False,False,False,False,False,False,False,False,False,False,False,False,False,False,False,False,False,False,False,False,False,False,False,False,False,False,False,False,False,False,False,False,False,False,False,False,False,False,False,False,False
46,12,0,5,2,37,0,9,0,0,0,4,0,0,0.804347826,0.0,0.195652174,0,4,4.04803363,15,0,False,False,False,False,False,False,False,False,False,False,False,False,False,False,False,False,False,False,False,False,False,False,False,False,False,False,False,False,True,False,False,False,False,False,False,False,False,False,False,False,False,False,False,False,False,False,False,False,False,False,False
29,11,0,5,2,21,0,8,0,0,0,4,0,0,0.724137931,0.0,0.275862069,1,3,3.384565273,1,0,False,False,False,False,False,False,False,False,False,False,False,False,False,False,False,False,False,False,False,False,False,False,False,False,False,False,False,False,False,False,False,False,False,False,False,False,False,False,False,False,False,False,False,False,False,False,False,False,False,False,True
24,12,0,3,1,18,0,6,0,0,0,2,0,0,0.75,0.0,0.25,0,3,3.65726823,1,0,True,False,False,False,False,False,False,False,False,False,False,False,False,False,False,False,False,False,False,False,False,False,False,False,False,False,False,False,False,False,False,False,False,False,False,False,False,False,False,False,False,False,False,False,False,False,False,False,False,False,False
37,24,0,2,1,30,0,7,0,0,0,2,1,0,0.810810811,0.0,0.189189189,1,3,4.100816879,1,0,False,False,False,True,False,False,False,False,False,False,False,False,False,False,False,False,False,False,False,False,False,False,False,False,False,False,False,False,False,False,False,False,False,False,False,False,False,False,False,False,False,False,False,False,False,False,False,False,False,False,False
33,21,0,5,1,26,0,7,0,0,0,3,0,0,0.787878788,0.0,0.212121212,0,3,3.960320255,1,0,False,False,False,False,False,False,False,False,False,False,False,False,False,False,True,False,False,False,False,False,False,False,False,False,False,False,False,False,False,False,False,False,False,False,False,False,False,False,False,False,False,False,False,False,False,False,False,False,False,False,False
17,9,0,2,0,13,0,4,0,0,0,1,0,0,0.764705882,0.0,0.235294118,1,2,3.057476076,0,0,False,False,False,False,False,False,False,False,False,False,False,False,False,False,False,False,False,False,False,False,False,False,False,False,False,False,False,False,False,False,False,False,False,False,False,False,True,False,False,False,False,False,False,False,False,False,False,False,False,False,False
23,12,0,6,0,16,0,7,0,0,0,2,0,0,0.695652174,0.0,0.304347826,0,4,3.447262499,4,0,False,False,False,False,False,False,False,False,False,False,False,False,False,False,False,False,False,False,False,False,False,False,False,False,False,False,False,False,False,False,False,False,False,False,False,False,False,False,False,False,False,False,False,False,False,False,False,False,False,False,True
33,20,0,6,1,26,0,7,0,0,0,3,0,0,0.787878788,0.0,0.212121212,1,3,3.816232755,1,0,False,False,False,False,False,False,False,False,False,False,False,False,False,False,False,False,False,False,False,False,False,False,False,False,False,False,False,False,False,False,False,False,False,False,False,False,False,False,False,False,False,True,False,False,False,False,False,False,False,False,False
24,5,0,2,2,17,0,7,0,0,0,3,0,0,0.708333333,0.0,0.291666667,0,3,3.823934896,1,0,False,False,False,False,False,False,True,False,False,False,False,False,False,False,False,False,False,False,False,False,False,False,False,False,False,False,False,False,False,False,False,False,False,False,False,False,False,False,False,False,False,False,False,False,False,False,False,False,False,False,False
26,14,0,3,1,20,0,6,0,0,0,2,0,0,0.769230769,0.0,0.230769231,0,3,3.844106545,1,0,True,False,False,False,False,False,False,False,False,False,False,False,False,False,False,False,False,False,False,False,False,False,False,False,False,False,False,False,False,False,False,False,False,False,False,False,False,False,False,False,False,False,False,False,False,False,False,False,False,False,False
22,12,0,5,0,16,0,6,0,0,0,2,0,0,0.727272727,0.0,0.272727273,0,3,3.629219687,3,0,False,False,False,False,False,False,False,False,False,False,False,False,False,False,False,False,False,False,False,False,False,False,False,False,False,False,False,False,False,False,False,False,False,False,False,False,False,False,False,False,False,False,False,False,False,False,False,False,False,False,True
18,10,0,6,0,13,0,5,0,0,0,2,0,0,0.722222222,0.0,0.277777778,1,2,3.350209029,0,0,False,False,False,False,False,False,False,False,False,False,False,False,False,False,False,False,False,False,False,False,False,False,False,False,False,False,False,False,False,False,False,False,False,False,False,False,False,False,False,False,False,False,False,False,False,False,False,False,False,False,True
28,16,0,3,1,22,0,6,0,0,0,2,0,0,0.785714286,0.0,0.214285714,0,3,3.79790269,1,0,True,False,False,False,False,False,False,False,False,False,False,False,False,False,False,False,False,False,False,False,False,False,False,False,False,False,False,False,False,False,False,False,False,False,False,False,False,False,False,False,False,False,False,False,False,False,False,False,False,False,False
24,17,0,4,0,16,3,5,0,0,0,1,1,0,0.666666667,0.125,0.208333333,0,2,4.136842188,0,0,False,False,False,False,False,False,False,False,False,False,False,False,False,False,False,False,False,False,False,False,False,False,False,False,False,False,False,False,False,False,False,False,False,False,False,False,False,False,False,False,False,False,False,False,False,False,False,False,False,False,True
26,13,0,5,1,19,0,7,0,0,0,3,0,0,0.730769231,0.0,0.269230769,1,3,3.844106545,1,0,False,False,False,False,False,False,False,False,False,False,False,False,False,False,True,False,False,False,False,False,False,False,False,False,False,False,False,False,False,False,False,False,False,False,False,False,False,False,False,False,False,False,False,False,False,False,False,False,False,False,False
35,23,0,2,1,27,0,8,0,0,0,2,2,0,0.771428571,0.0,0.228571429,0,3,4.036006945,1,0,False,False,False,True,False,False,False,False,False,False,False,False,False,False,False,False,False,False,False,False,False,False,False,False,False,False,False,False,False,False,False,False,False,False,False,False,False,False,False,False,False,False,False,False,False,False,False,False,False,False,False
26,13,0,6,1,20,0,6,0,0,0,3,0,0,0.769230769,0.0,0.230769231,1,2,3.825251737,0,0,False,False,False,False,False,False,False,False,False,False,False,False,False,False,False,False,False,False,False,False,False,False,False,False,False,False,False,False,False,False,False,False,False,False,False,False,False,False,False,False,False,False,False,False,False,False,False,False,False,False,True
30,21,0,6,0,25,0,5,0,0,0,1,0,0,0.833333333,0.0,0.166666667,1,3,4.056564762,1,0,False,False,False,False,False,False,False,False,False,False,False,False,False,False,False,False,False,False,False,False,False,False,False,False,False,False,False,False,False,False,False,False,False,False,False,False,False,False,False,False,False,False,False,False,False,False,False,False,False,False,True
26,14,0,2,1,20,0,6,0,0,0,2,0,0,0.769230769,0.0,0.230769231,0,3,3.87314068,1,0,False,False,False,False,False,False,False,False,False,False,False,False,False,False,False,False,False,False,False,False,False,False,False,False,False,False,False,False,False,False,False,False,False,False,False,False,False,False,False,False,False,False,False,True,False,False,False,False,False,False,False
53,14,0,3,0,41,2,10,1,1,0,3,0,0,0.773584906,0.037735849,0.188679245,1,3,4.374173172,1,29,True,False,False,False,False,False,False,False,False,False,False,False,False,False,False,False,False,False,False,False,False,False,False,False,False,False,False,False,False,False,False,False,False,False,False,False,False,False,False,False,False,False,False,False,False,False,False,False,False,False,False
16,8,0,3,0,11,0,5,0,0,0,1,0,0,0.6875,0.0,0.3125,0,3,3.327819531,1,0,False,False,True,False,False,False,False,False,False,False,False,False,False,False,False,False,False,False,False,False,False,False,False,False,False,False,False,False,False,False,False,False,False,False,False,False,False,False,False,False,False,False,False,False,False,False,False,False,False,False,False
28,16,0,3,1,22,0,6,0,0,0,2,0,0,0.785714286,0.0,0.214285714,0,3,3.842370993,1,0,False,True,False,False,False,False,False,False,False,False,False,False,False,False,False,False,False,False,False,False,False,False,False,False,False,False,False,False,False,False,False,False,False,False,False,False,False,False,False,False,False,False,False,False,False,False,False,False,False,False,False
28,15,0,5,1,20,1,7,0,0,0,3,0,0,0.714285714,0.035714286,0.25,0,3,3.743982154,1,0,False,False,False,False,False,False,False,False,False,False,False,False,False,False,False,True,False,False,False,False,False,False,False,False,False,False,False,False,False,False,False,False,False,False,False,False,False,False,False,False,False,False,False,False,False,False,False,False,False,False,False
24,10,0,3,1,18,0,6,0,0,0,2,0,0,0.75,0.0,0.25,0,3,3.522055209,3,0,True,False,False,False,False,False,False,False,False,False,False,False,False,False,False,False,False,False,False,False,False,False,False,False,False,False,False,False,False,False,False,False,False,False,False,False,False,False,False,False,False,False,False,False,False,False,False,False,False,False,False
30,13,0,3,1,22,1,7,0,0,0,2,0,0,0.733333333,0.033333333,0.233333333,0,4,3.894739663,6,0,True,False,False,False,False,False,False,False,False,False,False,False,False,False,False,False,False,False,False,False,False,False,False,False,False,False,False,False,False,False,False,False,False,False,False,False,False,False,False,False,False,False,False,False,False,False,False,False,False,False,False
35,12,0,2,1,28,0,7,0,0,0,3,0,0,0.8,0.0,0.2,0,3,3.990017217,12,0,False,False,False,False,False,False,False,False,False,False,False,False,False,False,False,False,False,False,False,False,False,False,False,True,False,False,False,False,False,False,False,False,False,False,False,False,False,False,False,False,False,False,False,False,False,False,False,False,False,False,False
23,11,0,2,1,17,0,6,0,0,0,2,0,0,0.739130435,0.0,0.260869565,0,3,3.609668477,1,0,False,False,False,False,False,False,False,False,False,False,False,False,False,False,False,False,False,False,False,False,False,False,False,False,False,False,False,False,False,False,False,False,False,False,False,False,False,False,False,False,False,False,False,False,False,False,False,False,False,False,True
30,18,0,5,1,22,0,8,0,0,0,3,1,0,0.733333333,0.0,0.266666667,0,3,3.781076012,1,0,False,False,False,False,False,False,False,False,False,False,False,False,False,False,False,False,False,False,False,False,False,False,False,False,False,False,False,True,False,False,False,False,False,False,False,False,False,False,False,False,False,False,False,False,False,False,False,False,False,False,False
30,18,0,3,1,24,0,6,0,0,0,2,0,0,0.8,0.0,0.2,0,3,3.881727679,1,0,True,False,False,False,False,False,False,False,False,False,False,False,False,False,False,False,False,False,False,False,False,False,False,False,False,False,False,False,False,False,False,False,False,False,False,False,False,False,False,False,False,False,False,False,False,False,False,False,False,False,False
24,15,0,3,0,18,0,6,0,0,0,1,1,0,0.75,0.0,0.25,1,3,3.938721876,1,0,True,False,False,False,False,False,False,False,False,False,False,False,False,False,False,False,False,False,False,False,False,False,False,False,False,False,False,False,False,False,False,False,False,False,False,False,False,False,False,False,False,False,False,False,False,False,False,False,False,False,False
19,7,0,3,1,13,0,6,0,0,0,2,0,0,0.684210526,0.0,0.315789474,0,3,3.326360408,1,0,False,False,False,False,False,False,False,True,False,False,False,False,False,False,False,False,False,False,False,False,False,False,False,False,False,False,False,False,False,False,False,False,False,False,False,False,False,False,False,False,False,False,False,False,False,False,False,False,False,False,False
22,10,0,3,1,16,0,6,0,0,0,2,0,0,0.727272727,0.0,0.272727273,0,3,3.754441846,1,0,True,False,False,False,False,False,False,False,False,False,False,False,False,False,False,False,False,False,False,False,False,False,False,False,False,False,False,False,False,False,False,False,False,False,False,False,False,False,False,False,False,False,False,False,False,False,False,False,False,False,False
21,9,0,3,1,15,0,6,0,0,0,2,0,0,0.714285714,0.0,0.285714286,0,3,3.558518613,1,0,True,False,False,False,False,False,False,False,False,False,False,False,False,False,False,False,False,False,False,False,False,False,False,False,False,False,False,False,False,False,False,False,False,False,False,False,False,False,False,False,False,False,False,False,False,False,False,False,False,False,False
26,13,0,5,1,18,0,8,0,0,0,3,1,0,0.692307692,0.0,0.307692308,1,3,3.844106545,1,0,False,False,False,False,False,False,False,False,False,False,False,False,False,False,False,True,False,False,False,False,False,False,False,False,False,False,False,False,False,False,False,False,False,False,False,False,False,False,False,False,False,False,False,False,False,False,False,False,False,False,False
21,8,0,5,1,14,0,7,0,0,0,3,0,0,0.666666667,0.0,0.333333333,1,3,3.522571589,1,0,False,False,False,False,False,False,False,False,False,False,False,False,False,False,False,False,False,False,False,False,False,False,False,False,False,False,False,False,False,False,False,False,False,False,False,False,False,False,False,False,False,False,False,False,False,False,False,False,False,False,True
27,15,0,2,1,21,0,6,0,0,0,2,1,0,0.777777778,0.0,0.222222222,1,2,3.782122224,0,0,False,False,False,False,True,False,False,False,False,False,False,False,False,False,False,False,False,False,False,False,False,False,False,False,False,False,False,False,False,False,False,False,False,False,False,False,False,False,False,False,False,False,False,False,False,False,False,False,False,False,False
27,19,0,3,0,22,0,5,0,0,0,1,0,0,0.814814815,0.0,0.185185185,0,3,3.902311576,1,0,True,False,False,False,False,False,False,False,False,False,False,False,False,False,False,False,False,False,False,False,False,False,False,False,False,False,False,False,False,False,False,False,False,False,False,False,False,False,False,False,False,False,False,False,False,False,False,False,False,False,False
25,12,0,5,1,18,0,7,0,0,0,3,0,0,0.72,0.0,0.28,1,3,3.723074189,1,0,False,False,False,False,False,False,False,False,False,False,False,False,False,False,True,False,False,False,False,False,False,False,False,False,False,False,False,False,False,False,False,False,False,False,False,False,False,False,False,False,False,False,False,False,False,False,False,False,False,False,False
21,9,0,3,1,15,0,6,0,0,0,2,0,0,0.714285714,0.0,0.285714286,0,3,3.558518613,1,0,True,False,False,False,False,False,False,False,False,False,False,False,False,False,False,False,False,False,False,False,False,False,False,False,False,False,False,False,False,False,False,False,False,False,False,False,False,False,False,False,False,False,False,False,False,False,False,False,False,False,False
22,10,0,6,1,16,0,6,0,0,0,3,0,0,0.727272727,0.0,0.272727273,1,2,3.538310596,0,0,False,False,False,False,False,False,False,False,False,False,False,False,False,False,False,False,False,False,False,False,False,False,False,False,False,False,False,False,False,False,False,False,False,False,False,False,False,False,False,False,False,False,False,False,False,False,False,False,False,False,True
25,13,0,6,1,19,0,6,0,0,0,3,0,0,0.76,0.0,0.24,1,2,3.62346519,0,0,False,False,False,False,False,False,False,False,False,False,False,False,False,False,False,False,False,False,False,False,False,False,False,False,False,False,False,False,False,False,False,False,False,False,False,False,False,False,False,False,False,False,False,False,False,False,False,False,False,False,True
38,29,0,3,0,31,0,7,0,0,0,1,2,0,0.815789474,0.0,0.184210526,1,3,4.168465671,1,0,True,False,False,False,False,False,False,False,False,False,False,False,False,False,False,False,False,False,False,False,False,False,False,False,False,False,False,False,False,False,False,False,False,False,False,False,False,False,False,False,False,False,False,False,False,False,False,False,False,False,False
21,9,0,3,1,15,0,6,0,0,0,2,0,0,0.714285714,0.0,0.285714286,0,3,3.653756708,1,0,False,True,False,False,False,False,False,False,False,False,False,False,False,False,False,False,False,False,False,False,False,False,False,False,False,False,False,False,False,False,False,False,False,False,False,False,False,False,False,False,False,False,False,False,False,False,False,False,False,False,False
30,13,0,3,1,23,0,7,0,0,0,2,0,0,0.766666667,0.0,0.233333333,1,4,3.989898095,5,0,True,False,False,False,False,False,False,False,False,False,False,False,False,False,False,False,False,False,False,False,False,False,False,False,False,False,False,False,False,False,False,False,False,False,False,False,False,False,False,False,False,False,False,False,False,False,False,False,False,False,False
23,9,0,3,1,17,0,6,0,0,0,2,0,0,0.739130435,0.0,0.260869565,0,3,3.762267391,3,0,False,True,False,False,False,False,False,False,False,False,False,False,False,False,False,False,False,False,False,False,False,False,False,False,False,False,False,False,False,False,False,False,False,False,False,False,False,False,False,False,False,False,False,False,False,False,False,False,False,False,False
22,7,0,2,0,16,1,5,0,0,0,1,0,0,0.727272727,0.045454545,0.227272727,1,3,3.715589438,7,0,False,False,False,False,False,False,False,False,False,False,False,False,True,False,False,False,False,False,False,False,False,False,False,False,False,False,False,False,False,False,False,False,False,False,False,False,False,False,False,False,False,False,False,False,False,False,False,False,False,False,False
26,14,0,3,1,20,0,6,0,0,0,2,0,0,0.769230769,0.0,0.230769231,0,3,3.796217603,1,0,True,False,False,False,False,False,False,False,False,False,False,False,False,False,False,False,False,False,False,False,False,False,False,False,False,False,False,False,False,False,False,False,False,False,False,False,False,False,False,False,False,False,False,False,False,False,False,False,False,False,False
25,13,0,2,1,19,0,6,0,0,0,2,1,0,0.76,0.0,0.24,1,2,3.94346519,0,0,False,False,False,True,False,False,False,False,False,False,False,False,False,False,False,False,False,False,False,False,False,False,False,False,False,False,False,False,False,False,False,False,False,False,False,False,False,False,False,False,False,False,False,False,False,False,False,False,False,False,False
25,13,0,5,1,18,0,7,0,0,0,3,0,0,0.72,0.0,0.28,0,3,3.723074189,1,0,False,False,False,False,False,False,False,False,False,False,False,False,False,False,False,False,False,False,False,False,False,False,False,False,False,False,False,True,False,False,False,False,False,False,False,False,False,False,False,False,False,False,False,False,False,False,False,False,False,False,False
25,13,0,2,1,19,0,6,0,0,0,2,0,0,0.76,0.0,0.24,0,3,3.643074189,1,0,False,False,False,False,False,False,False,False,False,False,False,False,False,False,False,False,False,False,False,False,False,False,True,False,False,False,False,False,False,False,False,False,False,False,False,False,False,False,False,False,False,False,False,False,False,False,False,False,False,False,False
38,9,0,2,1,29,0,9,0,0,0,3,0,0,0.763157895,0.0,0.236842105,0,5,3.882814277,18,0,False,False,False,False,False,False,False,False,False,False,False,False,False,False,False,False,False,False,False,False,False,False,True,False,False,False,False,False,False,False,False,False,False,False,False,False,False,False,False,False,False,False,False,False,False,False,False,False,False,False,False
39,9,0,3,1,27,2,10,0,0,0,3,2,1,0.692307692,0.051282051,0.256410256,0,3,4.355539078,19,0,False,True,False,False,False,False,False,False,False,False,False,False,False,False,False,False,False,False,False,False,False,False,False,False,False,False,False,False,False,False,False,False,False,False,False,False,False,False,False,False,False,False,False,False,False,False,False,False,False,False,False
17,9,0,3,0,11,0,6,0,0,0,1,1,0,0.647058824,0.0,0.352941176,0,3,3.4548224,1,0,False,True,False,False,False,False,False,False,False,False,False,False,False,False,False,False,False,False,False,False,False,False,False,False,False,False,False,False,False,False,False,False,False,False,False,False,False,False,False,False,False,False,False,False,False,False,False,False,False,False,False
131,10,0,3,1,102,16,13,0,0,0,2,2,1,0.778625954,0.122137405,0.099236641,1,7,5.499637674,108,0,True,False,False,False,False,False,False,False,False,False,False,False,False,False,False,False,False,False,False,False,False,False,False,False,False,False,False,False,False,False,False,False,False,False,False,False,False,False,False,False,False,False,False,False,False,False,False,False,False,False,False
31,19,0,2,1,25,0,6,0,0,0,2,0,0,0.806451613,0.0,0.193548387,0,3,3.719852359,1,0,False,False,False,False,False,False,False,False,False,False,False,False,False,False,False,False,False,False,False,False,False,False,False,False,False,False,False,False,False,False,False,False,False,False,False,False,False,False,False,False,False,False,False,True,False,False,False,False,False,False,False
28,19,0,3,0,21,0,7,0,0,0,1,2,0,0.75,0.0,0.25,1,3,3.824862958,1,0,True,False,False,False,False,False,False,False,False,False,False,False,False,False,False,False,False,False,False,False,False,False,False,False,False,False,False,False,False,False,False,False,False,False,False,False,False,False,False,False,False,False,False,False,False,False,False,False,False,False,False
23,9,0,3,1,17,0,6,0,0,0,2,0,0,0.739130435,0.0,0.260869565,1,3,3.795088586,1,0,False,True,False,False,False,False,False,False,False,False,False,False,False,False,False,False,False,False,False,False,False,False,False,False,False,False,False,False,False,False,False,False,False,False,False,False,False,False,False,False,False,False,False,False,False,False,False,False,False,False,False
45,7,0,2,1,36,0,9,0,0,0,2,2,0,0.8,0.0,0.2,0,4,3.914214908,24,0,False,False,False,False,True,False,False,False,False,False,False,False,False,False,False,False,False,False,False,False,False,False,False,False,False,False,False,False,False,False,False,False,False,False,False,False,False,False,False,False,False,False,False,False,False,False,False,False,False,False,False
22,9,0,2,1,16,0,6,0,0,0,2,0,0,0.727272727,0.0,0.272727273,1,3,3.538310596,1,0,False,False,False,False,False,False,False,False,False,False,False,False,False,False,False,False,False,False,False,False,True,False,False,False,False,False,False,False,False,False,False,False,False,False,False,False,False,False,False,False,False,False,False,False,False,False,False,False,False,False,False
24,12,0,2,1,19,0,5,0,0,0,2,0,0,0.791666667,0.0,0.208333333,1,2,3.522055209,0,0,False,False,False,False,False,False,False,False,False,False,False,False,False,False,False,False,False,False,False,False,True,False,False,False,False,False,False,False,False,False,False,False,False,False,False,False,False,False,False,False,False,False,False,False,False,False,False,False,False,False,False
20,8,0,3,1,14,0,6,0,0,0,2,0,0,0.7,0.0,0.3,0,3,3.646439345,1,0,False,True,False,False,False,False,False,False,False,False,False,False,False,False,False,False,False,False,False,False,False,False,False,False,False,False,False,False,False,False,False,False,False,False,False,False,False,False,False,False,False,False,False,False,False,False,False,False,False,False,False
20,7,0,3,1,14,0,6,0,0,0,2,0,0,0.7,0.0,0.3,1,3,3.646439345,1,0,True,False,False,False,False,False,False,False,False,False,False,False,False,False,False,False,False,False,False,False,False,False,False,False,False,False,False,False,False,False,False,False,False,False,False,False,False,False,False,False,False,False,False,False,False,False,False,False,False,False,False
24,12,0,3,1,18,0,6,0,0,0,2,0,0,0.75,0.0,0.25,0,3,3.772055209,1,0,False,True,False,False,False,False,False,False,False,False,False,False,False,False,False,False,False,False,False,False,False,False,False,False,False,False,False,False,False,False,False,False,False,False,False,False,False,False,False,False,False,False,False,False,False,False,False,False,False,False,False
27,15,0,3,1,20,0,7,0,0,0,2,1,0,0.740740741,0.0,0.259259259,0,3,3.810081021,1,0,True,False,False,False,False,False,False,False,False,False,False,False,False,False,False,False,False,False,False,False,False,False,False,False,False,False,False,False,False,False,False,False,False,False,False,False,False,False,False,False,False,False,False,False,False,False,False,False,False,False,False
190,10,0,3,1,148,17,25,4,1,3,3,2,1,0.778947368,0.089473684,0.131578947,1,7,5.603144491,108,58,True,False,False,False,False,False,False,False,False,False,False,False,False,False,False,False,False,False,False,False,False,False,False,False,False,False,False,False,False,False,False,False,False,False,False,False,False,False,False,False,False,False,False,False,False,False,False,False,False,False,False
22,10,0,3,1,15,0,7,0,0,0,2,1,0,0.681818182,0.0,0.318181818,0,3,3.629219687,1,0,True,False,False,False,False,False,False,False,False,False,False,False,False,False,False,False,False,False,False,False,False,False,False,False,False,False,False,False,False,False,False,False,False,False,False,False,False,False,False,False,False,False,False,False,False,False,False,False,False,False,False
18,6,0,2,1,13,0,5,0,0,0,2,0,0,0.722222222,0.0,0.277777778,1,2,3.281036113,0,0,False,False,False,True,False,False,False,False,False,False,False,False,False,False,False,False,False,False,False,False,False,False,False,False,False,False,False,False,False,False,False,False,False,False,False,False,False,False,False,False,False,False,False,False,False,False,False,False,False,False,False
23,6,0,2,1,16,1,6,0,0,0,2,0,0,0.695652174,0.043478261,0.260869565,1,3,3.849223912,7,0,False,False,False,False,False,False,False,False,False,False,False,False,False,False,False,False,False,False,False,False,False,False,False,False,False,False,False,False,False,False,False,False,False,False,False,False,False,False,True,False,False,False,False,False,False,False,False,False,False,False,False
31,18,0,3,1,25,0,6,0,0,0,2,0,0,0.806451613,0.0,0.193548387,1,3,4.082597923,1,0,True,False,False,False,False,False,False,False,False,False,False,False,False,False,False,False,False,False,False,False,False,False,False,False,False,False,False,False,False,False,False,False,False,False,False,False,False,False,False,False,False,False,False,False,False,False,False,False,False,False,False
38,10,0,3,1,28,2,8,0,0,0,2,1,0,0.736842105,0.052631579,0.210526316,0,4,4.333325211,4,0,False,False,False,False,False,False,False,False,False,False,False,False,False,False,False,False,False,False,False,False,False,False,False,False,False,False,False,False,False,False,False,False,False,False,False,False,False,False,False,False,False,False,False,False,False,False,False,False,False,False,True
21,9,0,5,1,14,0,7,0,0,0,3,0,0,0.666666667,0.0,0.333333333,0,3,3.332095399,1,0,False,False,False,False,False,False,False,False,False,False,False,False,False,False,False,False,False,False,False,False,False,False,False,False,False,False,False,False,False,False,False,False,False,False,False,False,False,False,False,False,False,False,False,False,False,False,False,False,False,False,True
17,9,0,3,0,12,0,5,0,0,0,1,0,0,0.705882353,0.0,0.294117647,0,3,3.4548224,1,0,False,True,False,False,False,False,False,False,False,False,False,False,False,False,False,False,False,False,False,False,False,False,False,False,False,False,False,False,False,False,False,False,False,False,False,False,False,False,False,False,False,False,False,False,False,False,False,False,False,False,False
29,17,0,3,1,24,0,5,0,0,0,2,0,0,0.827586207,0.0,0.172413793,1,2,3.857306857,0,0,False,True,False,False,False,False,False,False,False,False,False,False,False,False,False,False,False,False,False,False,False,False,False,False,False,False,False,False,False,False,False,False,False,False,False,False,False,False,False,False,False,False,False,False,False,False,False,False,False,False,False
22,10,0,3,1,16,0,6,0,0,0,2,0,0,0.727272727,0.0,0.272727273,0,3,3.663532755,1,0,True,False,False,False,False,False,False,False,False,False,False,False,False,False,False,False,False,False,False,False,False,False,False,False,False,False,False,False,False,False,False,False,False,False,False,False,False,False,False,False,False,False,False,False,False,False,False,False,False,False,False
41,18,0,3,0,33,0,8,0,0,0,2,1,0,0.804878049,0.0,0.195121951,1,4,4.192321821,15,0,True,False,False,False,False,False,False,False,False,False,False,False,False,False,False,False,False,False,False,False,False,False,False,False,False,False,False,False,False,False,False,False,False,False,False,False,False,False,False,False,False,False,False,False,False,False,False,False,False,False,False
20,8,0,2,1,14,0,6,0,0,0,2,0,0,0.7,0.0,0.3,0,3,3.346439345,1,0,False,False,False,True,False,False,False,False,False,False,False,False,False,False,False,False,False,False,False,False,False,False,False,False,False,False,False,False,False,False,False,False,False,False,False,False,False,False,False,False,False,False,False,False,False,False,False,False,False,False,False
30,18,0,3,1,24,0,6,0,0,0,2,0,0,0.8,0.0,0.2,0,3,3.898068512,1,0,False,True,False,False,False,False,False,False,False,False,False,False,False,False,False,False,False,False,False,False,False,False,False,False,False,False,False,False,False,False,False,False,False,False,False,False,False,False,False,False,False,False,False,False,False,False,False,False,False,False,False
31,19,0,6,1,24,0,7,0,0,0,3,0,0,0.774193548,0.0,0.225806452,0,3,4.058246713,1,0,False,False,False,False,False,False,False,False,False,False,False,False,False,True,False,False,False,False,False,False,False,False,False,False,False,False,False,False,False,False,False,False,False,False,False,False,False,False,False,False,False,False,False,False,False,False,False,False,False,False,False
17,9,0,3,0,12,0,5,0,0,0,1,0,0,0.705882353,0.0,0.294117647,0,3,3.292770194,1,0,False,False,False,False,False,False,False,False,True,False,False,False,False,False,False,False,False,False,False,False,False,False,False,False,False,False,False,False,False,False,False,False,False,False,False,False,False,False,False,False,False,False,False,False,False,False,False,False,False,False,False
23,7,0,2,1,14,3,6,0,0,0,2,0,0,0.608695652,0.130434783,0.260869565,1,3,3.882045108,1,0,False,False,False,False,False,False,False,False,False,False,False,False,False,False,False,False,False,False,False,False,False,False,False,False,False,False,False,False,False,False,False,False,False,False,False,False,False,False,False,False,False,False,False,False,False,True,False,False,False,False,False
44,29,0,6,0,39,0,5,0,0,0,1,0,0,0.886363636,0.0,0.113636364,1,3,4.447401505,7,0,False,False,False,False,False,False,False,False,False,False,False,False,False,False,False,False,False,False,False,False,False,False,False,False,False,False,False,False,False,False,False,False,False,False,False,False,False,False,False,False,False,False,False,False,False,False,False,False,False,False,True
34,21,0,2,1,27,0,7,0,0,0,2,1,0,0.794117647,0.0,0.205882353,1,3,3.984234165,1,0,False,False,False,False,False,False,False,False,False,False,False,False,False,False,False,False,False,False,False,False,False,False,False,False,False,False,False,False,False,False,False,False,False,False,False,False,False,False,False,False,False,False,False,False,False,False,False,False,False,False,True
41,12,0,3,1,33,0,8,0,0,0,3,0,1,0.804878049,0.0,0.195121951,0,3,4.289882797,18,0,False,True,False,False,False,False,False,False,False,False,False,False,False,False,False,False,False,False,False,False,False,False,False,False,False,False,False,False,False,False,False,False,False,False,False,False,False,False,False,False,False,False,False,False,False,False,False,False,False,False,False
21,8,0,2,1,15,0,6,0,0,0,2,0,0,0.714285714,0.0,0.285714286,1,3,3.522571589,1,0,False,False,False,False,False,False,False,False,False,False,False,False,False,False,False,False,False,False,False,False,False,False,False,False,False,False,False,False,False,False,False,False,False,False,False,False,False,False,False,False,False,False,False,False,False,False,False,False,False,False,True
22,10,0,3,1,16,0,6,0,0,0,2,0,0,0.727272727,0.0,0.272727273,0,3,3.538310596,1,0,True,False,False,False,False,False,False,False,False,False,False,False,False,False,False,False,False,False,False,False,False,False,False,False,False,False,False,False,False,False,False,False,False,False,False,False,False,False,False,False,False,False,False,False,False,False,False,False,False,False,False
26,13,0,6,1,19,0,7,0,0,0,3,0,0,0.730769231,0.0,0.269230769,1,3,3.738149333,1,0,False,False,False,False,False,False,False,False,False,False,False,False,False,True,False,False,False,False,False,False,False,False,False,False,False,False,False,False,False,False,False,False,False,False,False,False,False,False,False,False,False,False,False,False,False,False,False,False,False,False,False
19,10,0,3,0,14,0,5,0,0,0,1,0,0,0.736842105,0.0,0.263157895,1,3,3.536886724,1,0,True,False,False,False,False,False,False,False,False,False,False,False,False,False,False,False,False,False,False,False,False,False,False,False,False,False,False,False,False,False,False,False,False,False,False,False,False,False,False,False,False,False,False,False,False,False,False,False,False,False,False
31,19,0,3,1,25,0,6,0,0,0,2,0,0,0.806451613,0.0,0.193548387,0,3,3.873235826,1,0,True,False,False,False,False,False,False,False,False,False,False,False,False,False,False,False,False,False,False,False,False,False,False,False,False,False,False,False,False,False,False,False,False,False,False,False,False,False,False,False,False,False,False,False,False,False,False,False,False,False,False
19,10,0,2,0,14,0,5,0,0,0,1,0,0,0.736842105,0.0,0.263157895,1,3,3.536886724,1,0,False,False,False,False,False,False,False,False,False,False,False,True,False,False,False,False,False,False,False,False,False,False,False,False,False,False,False,False,False,False,False,False,False,False,False,False,False,False,False,False,False,False,False,False,False,False,False,False,False,False,False
47,18,0,2,1,37,0,10,0,0,0,3,1,0,0.787234043,0.0,0.212765957,0,5,4.030147565,18,0,False,False,False,True,False,False,False,False,False,False,False,False,False,False,False,False,False,False,False,False,False,False,False,False,False,False,False,False,False,False,False,False,False,False,False,False,False,False,False,False,False,False,False,False,False,False,False,False,False,False,False
21,9,0,5,1,14,0,7,0,0,0,3,0,0,0.666666667,0.0,0.333333333,0,3,3.332095399,1,0,False,False,False,False,False,False,False,False,False,False,False,False,False,False,False,True,False,False,False,False,False,False,False,False,False,False,False,False,False,False,False,False,False,False,False,False,False,False,False,False,False,False,False,False,False,False,False,False,False,False,False
21,9,0,2,1,15,0,6,0,0,0,2,0,0,0.714285714,0.0,0.285714286,0,3,3.653756708,1,0,False,False,False,True,False,False,False,False,False,False,False,False,False,False,False,False,False,False,False,False,False,False,False,False,False,False,False,False,False,False,False,False,False,False,False,False,False,False,False,False,False,False,False,False,False,False,False,False,False,False,False
25,13,0,6,1,19,0,6,0,0,0,3,0,0,0.76,0.0,0.24,1,2,3.73366069,0,0,False,False,False,False,False,False,False,False,False,False,False,False,False,False,False,False,False,False,False,False,False,False,False,False,True,False,False,False,False,False,False,False,False,False,False,False,False,False,False,False,False,False,False,False,False,False,False,False,False,False,False
33,21,0,3,1,27,0,6,0,0,0,2,0,0,0.818181818,0.0,0.181818182,0,3,3.801377452,1,0,True,False,False,False,False,False,False,False,False,False,False,False,False,False,False,False,False,False,False,False,False,False,False,False,False,False,False,False,False,False,False,False,False,False,False,False,False,False,False,False,False,False,False,False,False,False,False,False,False,False,False
124,6,0,2,1,83,21,20,0,1,0,3,6,0,0.669354839,0.169354839,0.161290323,1,8,4.834840013,64,3,False,False,False,False,False,False,True,False,False,False,False,False,False,False,False,False,False,False,False,False,False,False,False,False,False,False,False,False,False,False,False,False,False,False,False,False,False,False,False,False,False,False,False,False,False,False,False,False,False,False,False
22,10,0,6,1,15,0,7,0,0,0,3,0,0,0.681818182,0.0,0.318181818,0,3,3.538310596,1,0,False,False,False,False,False,False,False,False,False,False,False,False,False,False,False,False,False,False,False,False,False,False,False,False,False,False,False,False,False,False,False,False,False,False,False,False,False,False,False,False,False,False,False,False,False,False,False,False,False,False,True
24,11,0,5,1,17,0,7,0,0,0,3,0,0,0.708333333,0.0,0.291666667,1,3,3.740601563,1,0,False,False,False,False,False,False,False,False,False,False,False,False,False,False,True,False,False,False,False,False,False,False,False,False,False,False,False,False,False,False,False,False,False,False,False,False,False,False,False,False,False,False,False,False,False,False,False,False,False,False,False
173,10,0,3,1,136,15,22,3,1,2,2,3,1,0.786127168,0.086705202,0.12716763,1,7,5.527452161,108,41,True,False,False,False,False,False,False,False,False,False,False,False,False,False,False,False,False,False,False,False,False,False,False,False,False,False,False,False,False,False,False,False,False,False,False,False,False,False,False,False,False,False,False,False,False,False,False,False,False,False,False
24,12,0,6,1,17,0,7,0,0,0,3,0,0,0.708333333,0.0,0.291666667,0,3,3.605388542,1,0,False,False,False,False,False,False,False,False,False,False,False,False,False,False,False,False,False,False,False,False,False,False,False,False,False,False,False,False,False,False,False,False,False,False,False,False,False,False,False,False,False,False,False,False,False,False,False,False,False,False,True
32,23,0,3,0,26,0,6,0,0,0,1,1,0,0.8125,0.0,0.1875,1,3,4.038909766,1,0,True,False,False,False,False,False,False,False,False,False,False,False,False,False,False,False,False,False,False,False,False,False,False,False,False,False,False,False,False,False,False,False,False,False,False,False,False,False,False,False,False,False,False,False,False,False,False,False,False,False,False
22,7,0,2,0,16,1,5,0,0,0,1,0,0,0.727272727,0.045454545,0.227272727,1,3,4.152391278,7,0,False,False,False,True,False,False,False,False,False,False,False,False,False,False,False,False,False,False,False,False,False,False,False,False,False,False,False,False,False,False,False,False,False,False,False,False,False,False,False,False,False,False,False,False,False,False,False,False,False,False,False
23,11,0,2,1,17,0,6,0,0,0,2,0,0,0.739130435,0.0,0.260869565,0,3,3.348798912,1,0,False,False,False,False,False,False,False,False,False,False,False,True,False,False,False,False,False,False,False,False,False,False,False,False,False,False,False,False,False,False,False,False,False,False,False,False,False,False,False,False,False,False,False,False,False,False,False,False,False,False,False
48,21,0,6,1,39,0,9,0,0,0,4,0,0,0.8125,0.0,0.1875,0,4,4.170914522,16,0,False,False,False,False,False,False,False,False,False,False,False,False,False,False,False,False,False,False,False,False,False,False,False,False,False,False,False,False,False,False,False,False,False,False,False,False,False,False,False,False,False,False,False,False,False,False,True,False,False,False,False
27,14,0,3,1,21,0,6,0,0,0,2,0,0,0.777777778,0.0,0.222222222,1,3,3.856196298,1,0,True,False,False,False,False,False,False,False,False,False,False,False,False,False,False,False,False,False,False,False,False,False,False,False,False,False,False,False,False,False,False,False,False,False,False,False,False,False,False,False,False,False,False,False,False,False,False,False,False,False,False
26,11,0,6,1,16,2,8,0,0,0,3,1,0,0.615384615,0.076923077,0.307692308,0,3,3.844106545,1,0,False,False,False,False,False,False,False,False,False,False,False,False,False,False,False,False,False,False,False,False,False,False,False,False,False,False,False,False,False,False,False,False,False,False,False,False,False,False,False,False,False,False,False,False,False,False,False,False,False,False,True
36,10,0,6,2,28,0,8,0,0,0,4,0,0,0.777777778,0.0,0.222222222,1,3,3.995906598,6,0,False,False,False,False,False,False,False,False,False,False,False,False,False,False,False,False,False,False,False,False,False,False,False,False,False,False,False,False,False,False,False,False,False,False,False,False,False,False,False,False,False,False,False,False,False,False,False,False,False,False,True
23,11,0,3,1,17,0,6,0,0,0,2,0,0,0.739130435,0.0,0.260869565,0,3,3.642489673,1,0,False,True,False,False,False,False,False,False,False,False,False,False,False,False,False,False,False,False,False,False,False,False,False,False,False,False,False,False,False,False,False,False,False,False,False,False,False,False,False,False,False,False,False,False,False,False,False,False,False,False,False
23,11,0,2,1,17,0,6,0,0,0,2,0,0,0.739130435,0.0,0.260869565,0,3,3.675310869,1,0,False,False,False,False,False,False,False,False,False,False,False,False,False,False,False,False,False,False,False,False,False,False,False,False,False,False,False,False,False,False,False,False,False,False,False,False,False,False,False,False,False,False,False,False,False,False,False,False,False,False,True
28,16,0,3,1,22,0,6,0,0,0,2,0,0,0.785714286,0.0,0.214285714,0,3,3.770942422,1,0,False,True,False,False,False,False,False,False,False,False,False,False,False,False,False,False,False,False,False,False,False,False,False,False,False,False,False,False,False,False,False,False,False,False,False,False,False,False,False,False,False,False,False,False,False,False,False,False,False,False,False
26,14,0,2,1,19,0,7,0,0,0,2,1,0,0.730769231,0.0,0.269230769,0,3,3.844106545,1,0,False,False,False,False,False,False,False,False,False,False,False,False,False,False,False,False,False,False,False,False,False,False,False,False,False,False,False,False,False,False,True,False,False,False,False,False,False,False,False,False,False,False,False,False,False,False,False,False,False,False,False
67,11,0,6,1,55,0,12,0,0,0,3,3,0,0.820895522,0.0,0.179104478,1,5,4.254533088,44,0,False,False,False,False,False,False,False,False,False,False,False,False,False,False,False,False,False,False,True,False,False,False,False,False,False,False,False,False,False,False,False,False,False,False,False,False,False,False,False,False,False,False,False,False,False,False,False,False,False,False,False
23,11,0,3,1,17,0,6,0,0,0,2,0,0,0.739130435,0.0,0.260869565,0,3,3.849223912,1,0,False,True,False,False,False,False,False,False,False,False,False,False,False,False,False,False,False,False,False,False,False,False,False,False,False,False,False,False,False,False,False,False,False,False,False,False,False,False,False,False,False,False,False,False,False,False,False,False,False,False,False
16,8,0,3,0,10,1,5,0,0,0,1,0,0,0.625,0.0625,0.3125,0,3,3.577819531,1,0,True,False,False,False,False,False,False,False,False,False,False,False,False,False,False,False,False,False,False,False,False,False,False,False,False,False,False,False,False,False,False,False,False,False,False,False,False,False,False,False,False,False,False,False,False,False,False,False,False,False,False
21,8,0,2,1,15,0,6,0,0,0,2,0,0,0.714285714,0.0,0.285714286,1,3,3.558518613,1,0,False,False,False,False,False,False,False,False,False,False,False,False,False,False,False,False,False,False,False,False,False,False,False,False,False,False,False,False,False,False,False,False,False,False,False,False,False,False,False,True,False,False,False,False,False,False,False,False,False,False,False
31,6,0,2,2,23,0,8,0,0,0,3,1,0,0.741935484,0.0,0.258064516,0,3,3.929214455,1,0,False,False,False,True,False,False,False,False,False,False,False,False,False,False,False,False,False,False,False,False,False,False,False,False,False,False,False,False,False,False,False,False,False,False,False,False,False,False,False,False,False,False,False,False,False,False,False,False,False,False,False
24,12,0,5,1,17,0,7,0,0,0,3,0,0,0.708333333,0.0,0.291666667,0,3,3.459147917,1,0,False,False,False,False,False,False,False,False,False,False,False,False,False,False,False,False,False,False,False,False,False,False,False,False,False,False,False,True,False,False,False,False,False,False,False,False,False,False,False,False,False,False,False,False,False,False,False,False,False,False,False
23,11,0,2,1,16,0,7,0,0,0,2,1,0,0.695652174,0.0,0.304347826,0,3,3.642489673,1,0,False,False,False,False,False,True,False,False,False,False,False,False,False,False,False,False,False,False,False,False,False,False,False,False,False,False,False,False,False,False,False,False,False,False,False,False,False,False,False,False,False,False,False,False,False,False,False,False,False,False,False
43,8,0,2,1,33,0,10,0,0,0,2,0,0,0.76744186,0.0,0.23255814,1,7,3.891008652,23,0,False,False,False,False,False,False,False,False,False,False,False,False,False,False,False,False,False,False,False,False,False,False,False,False,False,False,False,False,False,False,True,False,False,False,False,False,False,False,False,False,False,False,False,False,False,False,False,False,False,False,False
38,26,0,3,1,32,0,6,0,0,0,2,0,0,0.842105263,0.0,0.157894737,0,3,4.095968632,1,0,False,True,False,False,False,False,False,False,False,False,False,False,False,False,False,False,False,False,False,False,False,False,False,False,False,False,False,False,False,False,False,False,False,False,False,False,False,False,False,False,False,False,False,False,False,False,False,False,False,False,False
21,12,0,3,0,16,0,5,0,0,0,1,0,0,0.761904762,0.0,0.238095238,1,3,3.499227542,1,0,True,False,False,False,False,False,False,False,False,False,False,False,False,False,False,False,False,False,False,False,False,False,False,False,False,False,False,False,False,False,False,False,False,False,False,False,False,False,False,False,False,False,False,False,False,False,False,False,False,False,False
30,17,0,2,1,24,0,6,0,0,0,2,0,0,0.8,0.0,0.2,1,3,3.752584246,1,0,False,False,False,False,False,False,False,False,False,False,True,False,False,False,False,False,False,False,False,False,False,False,False,False,False,False,False,False,False,False,False,False,False,False,False,False,False,False,False,False,False,False,False,False,False,False,False,False,False,False,False
32,11,0,6,0,24,0,8,0,0,0,3,0,0,0.75,0.0,0.25,1,4,3.929229297,13,0,False,False,False,False,False,False,False,False,False,False,False,False,False,False,False,False,False,False,False,False,False,False,False,False,False,False,False,False,False,False,False,False,False,False,False,False,False,False,False,False,False,False,False,False,False,False,False,False,False,False,True
22,10,0,2,1,16,0,6,0,0,0,2,0,0,0.727272727,0.0,0.272727273,0,3,3.356492414,1,0,False,False,False,False,False,False,False,False,False,False,False,True,False,False,False,False,False,False,False,False,False,False,False,False,False,False,False,False,False,False,False,False,False,False,False,False,False,False,False,False,False,False,False,False,False,False,False,False,False,False,False
26,13,0,3,1,19,0,7,0,0,0,2,1,0,0.730769231,0.0,0.269230769,1,3,4.026986833,1,0,True,False,False,False,False,False,False,False,False,False,False,False,False,False,False,False,False,False,False,False,False,False,False,False,False,False,False,False,False,False,False,False,False,False,False,False,False,False,False,False,False,False,False,False,False,False,False,False,False,False,False
36,6,0,2,1,27,0,9,0,0,0,3,0,0,0.75,0.0,0.25,0,5,3.87466971,19,0,False,False,False,False,False,False,False,False,False,False,False,False,False,False,False,False,False,False,False,False,False,False,False,True,False,False,False,False,False,False,False,False,False,False,False,False,False,False,False,False,False,False,False,False,False,False,False,False,False,False,False
19,7,0,2,1,13,0,6,0,0,0,2,0,0,0.684210526,0.0,0.315789474,0,3,3.431623566,1,0,False,False,False,False,False,False,False,False,False,False,False,False,False,False,False,False,False,False,False,False,False,False,False,False,False,False,False,False,False,False,False,False,False,False,False,False,False,False,False,False,False,False,False,False,False,False,False,False,False,False,True
37,12,0,3,1,30,0,7,0,0,0,3,0,0,0.810810811,0.0,0.189189189,1,3,4.479195257,13,0,True,False,False,False,False,False,False,False,False,False,False,False,False,False,False,False,False,False,False,False,False,False,False,False,False,False,False,False,False,False,False,False,False,False,False,False,False,False,False,False,False,False,False,False,False,False,False,False,False,False,False
40,11,0,3,1,32,0,8,0,0,0,3,0,0,0.8,0.0,0.2,0,4,4.146439345,18,0,True,False,False,False,False,False,False,False,False,False,False,False,False,False,False,False,False,False,False,False,False,False,False,False,False,False,False,False,False,False,False,False,False,False,False,False,False,False,False,False,False,False,False,False,False,False,False,False,False,False,False
175,10,0,3,1,139,14,22,3,1,2,2,3,1,0.794285714,0.08,0.125714286,1,7,5.678342916,108,43,True,False,False,False,False,False,False,False,False,False,False,False,False,False,False,False,False,False,False,False,False,False,False,False,False,False,False,False,False,False,False,False,False,False,False,False,False,False,False,False,False,False,False,False,False,False,False,False,False,False,False
30,17,0,6,1,23,0,7,0,0,0,3,0,0,0.766666667,0.0,0.233333333,1,3,3.847742679,1,0,False,False,False,False,False,False,False,False,False,False,False,False,False,False,False,False,False,False,False,False,False,False,False,False,False,False,False,False,False,False,False,False,False,False,False,False,False,False,False,False,False,False,False,False,False,False,False,False,False,False,True
21,9,0,3,1,15,0,6,0,0,0,2,0,0,0.714285714,0.0,0.285714286,0,3,3.653756708,1,0,True,False,False,False,False,False,False,False,False,False,False,False,False,False,False,False,False,False,False,False,False,False,False,False,False,False,False,False,False,False,False,False,False,False,False,False,False,False,False,False,False,False,False,False,False,False,False,False,False,False,False
36,24,0,6,1,29,0,7,0,0,0,3,0,0,0.805555556,0.0,0.194444444,0,3,4.065079515,1,0,False,False,False,False,False,False,False,False,False,False,False,False,False,False,False,False,False,False,False,False,False,False,False,False,False,False,False,False,False,False,False,False,False,False,False,False,False,False,False,False,False,False,False,False,False,False,False,False,False,False,True
24,12,0,6,1,17,0,7,0,0,0,3,0,0,0.708333333,0.0,0.291666667,0,3,3.740601563,1,0,False,False,False,False,False,False,False,False,False,False,False,False,False,False,False,False,False,False,False,False,False,False,False,False,True,False,False,False,False,False,False,False,False,False,False,False,False,False,False,False,False,False,False,False,False,False,False,False,False,False,False
21,8,0,3,1,15,0,6,0,0,0,2,0,0,0.714285714,0.0,0.285714286,1,3,3.463280518,1,0,False,True,False,False,False,False,False,False,False,False,False,False,False,False,False,False,False,False,False,False,False,False,False,False,False,False,False,False,False,False,False,False,False,False,False,False,False,False,False,False,False,False,False,False,False,False,False,False,False,False,False
27,14,0,2,1,20,0,7,0,0,0,2,1,0,0.740740741,0.0,0.259259259,1,3,3.884155095,1,0,False,False,False,False,False,False,False,False,False,False,False,False,False,False,False,False,False,False,False,False,False,False,False,False,False,False,False,False,False,False,False,False,False,False,False,False,False,False,False,False,False,False,False,False,False,True,False,False,False,False,False
20,8,0,3,1,14,0,6,0,0,0,2,0,0,0.7,0.0,0.3,0,3,3.646439345,1,0,False,True,False,False,False,False,False,False,False,False,False,False,False,False,False,False,False,False,False,False,False,False,False,False,False,False,False,False,False,False,False,False,False,False,False,False,False,False,False,False,False,False,False,False,False,False,False,False,False,False,False
32,20,0,3,1,26,0,6,0,0,0,2,0,0,0.8125,0.0,0.1875,0,3,4.093139062,1,0,True,False,False,False,False,False,False,False,False,False,False,False,False,False,False,False,False,False,False,False,False,False,False,False,False,False,False,False,False,False,False,False,False,False,False,False,False,False,False,False,False,False,False,False,False,False,False,False,False,False,False
24,16,0,6,0,18,0,6,0,0,0,2,0,0,0.75,0.0,0.25,0,3,3.970175521,1,0,False,False,False,False,False,False,False,False,False,False,False,False,False,False,False,False,False,False,False,False,False,False,False,False,False,False,False,False,False,False,False,False,False,False,False,False,False,False,False,False,False,False,False,False,False,False,False,False,False,False,True
71,10,0,3,1,59,6,6,0,0,0,2,0,0,0.830985915,0.084507042,0.084507042,1,3,4.390678768,1,0,True,False,False,False,False,False,False,False,False,False,False,False,False,False,False,False,False,False,False,False,False,False,False,False,False,False,False,False,False,False,False,False,False,False,False,False,False,False,False,False,False,False,False,False,False,False,False,False,False,False,False
25,12,0,3,1,19,0,6,0,0,0,2,0,0,0.76,0.0,0.24,1,3,3.78346519,1,0,True,False,False,False,False,False,False,False,False,False,False,False,False,False,False,False,False,False,False,False,False,False,False,False,False,False,False,False,False,False,False,False,False,False,False,False,False,False,False,False,False,False,False,False,False,False,False,False,False,False,False
23,11,0,6,1,17,0,6,0,0,0,3,0,0,0.739130435,0.0,0.260869565,1,2,3.762267391,0,0,False,False,False,False,False,False,False,False,False,False,False,False,False,False,False,False,False,False,False,False,False,False,False,False,False,False,False,False,False,False,False,False,False,False,False,False,False,False,False,False,False,False,False,False,False,False,False,False,False,False,True
40,27,0,2,1,32,0,8,0,0,0,2,2,0,0.8,0.0,0.2,1,3,4.056198333,1,0,False,False,False,True,False,False,False,False,False,False,False,False,False,False,False,False,False,False,False,False,False,False,False,False,False,False,False,False,False,False,False,False,False,False,False,False,False,False,False,False,False,False,False,False,False,False,False,False,False,False,False
29,17,0,2,1,22,0,7,0,0,0,2,1,0,0.75862069,0.0,0.24137931,0,3,3.758867099,1,0,False,False,False,False,False,False,False,False,False,False,False,False,False,False,False,False,False,True,False,False,False,False,False,False,False,False,False,False,False,False,False,False,False,False,False,False,False,False,False,False,False,False,False,False,False,False,False,False,False,False,False
22,10,0,6,1,15,0,7,0,0,0,3,0,0,0.681818182,0.0,0.318181818,0,3,3.413088436,1,0,False,False,False,False,False,False,False,False,False,False,False,False,False,False,False,False,False,False,False,False,False,False,False,False,False,False,False,False,False,False,False,False,False,False,False,False,False,False,False,False,False,False,False,False,False,False,False,False,False,False,True
29,9,0,5,2,20,0,9,0,0,0,4,1,0,0.689655172,0.0,0.310344828,0,3,3.814371943,1,0,False,False,False,False,False,False,False,False,False,False,False,False,False,False,False,False,False,False,False,False,False,False,False,False,False,False,False,False,True,False,False,False,False,False,False,False,False,False,False,False,False,False,False,False,False,False,False,False,False,False,False
28,13,0,2,1,22,0,6,0,0,0,2,1,0,0.785714286,0.0,0.214285714,1,2,4.093069208,0,0,False,False,False,False,True,False,False,False,False,False,False,False,False,False,False,False,False,False,False,False,False,False,False,False,False,False,False,False,False,False,False,False,False,False,False,False,False,False,False,False,False,False,False,False,False,False,False,False,False,False,False
23,11,0,6,1,17,0,6,0,0,0,3,0,0,0.739130435,0.0,0.260869565,1,2,3.642489673,0,0,False,False,False,False,False,False,False,False,False,False,False,False,False,False,False,False,False,False,False,False,False,False,False,False,False,False,False,False,False,False,False,False,False,False,False,False,False,False,False,False,False,False,False,False,False,False,False,False,False,False,True
22,7,0,2,1,15,0,7,0,0,0,2,0,0,0.681818182,0.0,0.318181818,0,4,3.390805482,4,0,False,False,False,False,False,False,False,False,False,False,True,False,False,False,False,False,False,False,False,False,False,False,False,False,False,False,False,False,False,False,False,False,False,False,False,False,False,False,False,False,False,False,False,False,False,False,False,False,False,False,False
29,10,0,3,1,21,0,8,0,0,0,2,1,0,0.724137931,0.0,0.275862069,1,4,3.88333746,7,0,True,False,False,False,False,False,False,False,False,False,False,False,False,False,False,False,False,False,False,False,False,False,False,False,False,False,False,False,False,False,False,False,False,False,False,False,False,False,False,False,False,False,False,False,False,False,False,False,False,False,False
15,7,0,2,0,10,0,5,0,0,0,1,0,0,0.666666667,0.0,0.333333333,0,3,3.006238929,1,0,False,False,False,False,False,False,False,False,False,False,False,False,False,False,False,False,False,False,False,False,False,False,False,False,False,False,False,False,False,False,False,False,False,False,False,False,False,False,False,False,False,False,False,False,False,False,False,False,False,False,True
28,15,0,6,1,21,0,7,0,0,0,3,0,0,0.75,0.0,0.25,1,3,3.824862958,1,0,False,False,False,False,False,False,False,False,False,False,False,False,False,False,False,False,False,False,False,False,False,False,False,False,False,False,False,False,False,False,False,False,False,False,False,False,False,False,False,False,False,False,False,False,False,False,False,False,False,False,True
23,11,0,6,1,17,0,6,0,0,0,3,0,0,0.739130435,0.0,0.260869565,1,2,3.762267391,0,0,False,False,False,False,False,False,False,False,False,False,False,False,False,False,False,False,False,False,False,False,False,False,False,False,True,False,False,False,False,False,False,False,False,False,False,False,False,False,False,False,False,False,False,False,False,False,False,False,False,False,False
34,21,0,3,1,28,0,6,0,0,0,2,0,0,0.823529412,0.0,0.176470588,1,3,3.939829017,1,0,False,True,False,False,False,False,False,False,False,False,False,False,False,False,False,False,False,False,False,False,False,False,False,False,False,False,False,False,False,False,False,False,False,False,False,False,False,False,False,False,False,False,False,False,False,False,False,False,False,False,False
19,6,0,3,1,13,0,6,0,0,0,2,0,0,0.684210526,0.0,0.315789474,1,3,3.536886724,1,0,True,False,False,False,False,False,False,False,False,False,False,False,False,False,False,False,False,False,False,False,False,False,False,False,False,False,False,False,False,False,False,False,False,False,False,False,False,False,False,False,False,False,False,False,False,False,False,False,False,False,False
18,10,0,3,0,13,0,5,0,0,0,1,0,0,0.722222222,0.0,0.277777778,0,3,3.350209029,1,0,True,False,False,False,False,False,False,False,False,False,False,False,False,False,False,False,False,False,False,False,False,False,False,False,False,False,False,False,False,False,False,False,False,False,False,False,False,False,False,False,False,False,False,False,False,False,False,False,False,False,False
36,23,0,2,0,30,0,6,0,0,0,1,0,0,0.833333333,0.0,0.166666667,0,4,3.96132014,6,0,False,False,False,False,False,False,False,False,False,False,False,False,False,False,False,False,False,False,False,False,False,False,False,False,False,False,False,False,False,False,False,False,False,False,False,False,False,False,False,True,False,False,False,False,False,False,False,False,False,False,False
38,13,0,5,2,28,0,10,0,0,0,4,2,0,0.736842105,0.0,0.263157895,0,3,3.935445856,1,0,False,False,False,False,False,False,False,False,False,False,False,False,False,False,False,False,False,False,False,False,False,False,False,False,False,False,False,False,False,False,False,False,False,False,False,False,False,False,False,False,False,False,False,False,False,False,False,False,False,False,True
24,11,0,2,1,18,0,6,0,0,0,2,0,0,0.75,0.0,0.25,0,3,3.803508855,1,0,False,False,False,False,False,False,False,False,False,False,False,False,False,False,False,False,False,False,False,False,False,False,False,False,False,False,False,False,False,False,False,False,False,False,False,False,False,False,False,False,True,False,False,False,False,False,False,False,False,False,False
37,17,0,2,1,30,0,7,0,0,0,3,0,0,0.810810811,0.0,0.189189189,1,3,4.080414514,8,0,False,False,False,False,False,False,False,False,False,False,False,False,False,False,False,False,False,False,False,False,False,False,True,False,False,False,False,False,False,False,False,False,False,False,False,False,False,False,False,False,False,False,False,False,False,False,False,False,False,False,False
41,18,0,4,1,25,10,6,0,0,0,2,1,0,0.609756098,0.243902439,0.146341463,0,2,4.442679444,0,0,False,False,False,False,False,False,False,False,False,False,False,False,False,False,False,False,False,False,False,False,False,False,False,False,False,False,False,False,False,False,False,False,False,False,False,False,False,False,False,False,False,False,False,False,False,False,False,False,False,False,True
20,9,0,6,1,14,0,6,0,0,0,3,0,0,0.7,0.0,0.3,0,2,3.346439345,0,0,False,False,False,False,False,False,False,False,False,False,False,False,False,False,False,False,False,False,False,False,False,False,False,False,False,False,False,False,False,False,False,False,False,False,False,False,False,False,False,False,False,False,False,False,False,False,False,False,False,False,True
25,13,0,2,1,19,0,6,0,0,0,2,0,0,0.76,0.0,0.24,0,3,3.67326969,1,0,False,False,False,False,False,False,False,False,False,False,False,False,False,False,False,False,True,False,False,False,False,False,False,False,False,False,False,False,False,False,False,False,False,False,False,False,False,False,False,False,False,False,False,False,False,False,False,False,False,False,False
23,11,0,2,1,17,0,6,0,0,0,2,0,0,0.739130435,0.0,0.260869565,0,3,3.762267391,1,0,False,False,False,False,False,True,False,False,False,False,False,False,False,False,False,False,False,False,False,False,False,False,False,False,False,False,False,False,False,False,False,False,False,False,False,False,False,False,False,False,False,False,False,False,False,False,False,False,False,False,False
18,10,0,6,0,13,0,5,0,0,0,2,0,0,0.722222222,0.0,0.277777778,1,2,3.725480557,0,0,False,False,False,False,False,False,False,False,False,False,False,False,False,False,False,False,False,False,False,False,False,False,False,False,False,False,False,False,False,False,False,False,False,False,False,False,False,False,False,False,False,False,False,False,False,False,False,False,False,False,True
22,10,0,3,1,16,0,6,0,0,0,2,0,0,0.727272727,0.0,0.272727273,0,3,3.481714573,1,0,True,False,False,False,False,False,False,False,False,False,False,False,False,False,False,False,False,False,False,False,False,False,False,False,False,False,False,False,False,False,False,False,False,False,False,False,False,False,False,False,False,False,False,False,False,False,False,False,False,False,False
24,17,0,4,0,16,3,5,0,0,0,1,1,0,0.666666667,0.125,0.208333333,0,2,4.053508855,0,0,False,False,False,False,False,False,False,False,False,False,False,False,False,False,False,False,False,False,False,False,False,False,False,False,False,False,False,False,False,False,False,False,False,False,False,False,False,False,False,False,False,False,False,False,False,False,False,False,False,False,True
15,7,0,3,0,10,0,5,0,0,0,1,0,0,0.666666667,0.0,0.333333333,0,3,3.272905595,1,0,False,False,True,False,False,False,False,False,False,False,False,False,False,False,False,False,False,False,False,False,False,False,False,False,False,False,False,False,False,False,False,False,False,False,False,False,False,False,False,False,False,False,False,False,False,False,False,False,False,False,False
22,13,0,3,0,17,0,5,0,0,0,1,0,0,0.772727273,0.0,0.227272727,1,3,3.879664005,1,0,False,True,False,False,False,False,False,False,False,False,False,False,False,False,False,False,False,False,False,False,False,False,False,False,False,False,False,False,False,False,False,False,False,False,False,False,False,False,False,False,False,False,False,False,False,False,False,False,False,False,False
37,12,0,3,1,26,2,9,0,0,0,2,3,0,0.702702703,0.054054054,0.243243243,1,3,4.10866807,1,0,True,False,False,False,False,False,False,False,False,False,False,False,False,False,False,False,False,False,False,False,False,False,False,False,False,False,False,False,False,False,False,False,False,False,False,False,False,False,False,False,False,False,False,False,False,False,False,False,False,False,False
28,16,0,5,1,21,0,7,0,0,0,3,0,0,0.75,0.0,0.25,0,3,3.645593314,1,0,False,False,False,False,False,False,False,False,False,False,False,False,False,False,False,False,False,False,False,False,False,False,False,False,False,False,False,False,False,False,False,False,False,False,False,True,False,False,False,False,False,False,False,False,False,False,False,False,False,False,False
44,10,0,3,0,36,0,8,0,0,0,2,0,0,0.818181818,0.0,0.181818182,0,5,4.232745972,27,0,False,False,False,False,False,False,False,False,True,False,False,False,False,False,False,False,False,False,False,False,False,False,False,False,False,False,False,False,False,False,False,False,False,False,False,False,False,False,False,False,False,False,False,False,False,False,False,False,False,False,False
22,14,0,2,0,16,0,6,0,0,0,1,1,0,0.727272727,0.0,0.272727273,0,3,3.572623664,1,0,False,False,False,True,False,False,False,False,False,False,False,False,False,False,False,False,False,False,False,False,False,False,False,False,False,False,False,False,False,False,False,False,False,False,False,False,False,False,False,False,False,False,False,False,False,False,False,False,False,False,False
26,6,0,3,2,17,2,7,0,0,0,3,0,0,0.653846154,0.076923077,0.269230769,1,3,3.81507241,1,0,False,False,False,False,False,False,False,True,False,False,False,False,False,False,False,False,False,False,False,False,False,False,False,False,False,False,False,False,False,False,False,False,False,False,False,False,False,False,False,False,False,False,False,False,False,False,False,False,False,False,False
19,7,0,2,1,13,0,6,0,0,0,2,0,0,0.684210526,0.0,0.315789474,0,3,3.286629487,1,0,False,False,False,False,False,False,False,False,False,False,False,False,False,False,False,False,False,False,False,False,False,False,False,False,False,False,False,False,False,False,False,False,False,False,False,False,False,False,False,False,False,False,False,False,False,False,False,False,False,False,True
29,17,0,3,1,23,0,6,0,0,0,2,0,0,0.793103448,0.0,0.206896552,0,3,4.021268495,1,0,False,True,False,False,False,False,False,False,False,False,False,False,False,False,False,False,False,False,False,False,False,False,False,False,False,False,False,False,False,False,False,False,False,False,False,False,False,False,False,False,False,False,False,False,False,False,False,False,False,False,False
25,13,0,3,1,19,0,6,0,0,0,2,0,0,0.76,0.0,0.24,0,3,3.94346519,1,0,True,False,False,False,False,False,False,False,False,False,False,False,False,False,False,False,False,False,False,False,False,False,False,False,False,False,False,False,False,False,False,False,False,False,False,False,False,False,False,False,False,False,False,False,False,False,False,False,False,False,False
20,8,0,2,1,14,0,6,0,0,0,2,0,0,0.7,0.0,0.3,0,3,3.50869497,1,0,False,False,False,False,False,False,False,False,False,False,False,False,False,False,False,False,False,False,False,False,False,False,False,False,False,False,False,False,False,False,False,False,False,False,False,False,False,False,False,False,False,False,False,False,False,True,False,False,False,False,False
19,10,0,6,0,13,0,6,0,0,0,2,0,0,0.684210526,0.0,0.315789474,1,3,3.260828171,1,0,False,False,False,False,False,False,False,False,False,False,False,False,False,False,False,False,False,False,False,False,False,False,False,False,False,False,False,False,False,False,False,False,False,False,False,False,False,False,False,False,False,False,False,False,False,False,False,False,False,False,True
17,9,0,3,0,12,0,5,0,0,0,1,0,0,0.705882353,0.0,0.294117647,0,3,3.292770194,1,0,True,False,False,False,False,False,False,False,False,False,False,False,False,False,False,False,False,False,False,False,False,False,False,False,False,False,False,False,False,False,False,False,False,False,False,False,False,False,False,False,False,False,False,False,False,False,False,False,False,False,False
22,10,0,3,1,16,0,6,0,0,0,2,0,0,0.727272727,0.0,0.272727273,0,3,3.629219687,1,0,True,False,False,False,False,False,False,False,False,False,False,False,False,False,False,False,False,False,False,False,False,False,False,False,False,False,False,False,False,False,False,False,False,False,False,False,False,False,False,False,False,False,False,False,False,False,False,False,False,False,False
31,10,0,3,1,25,0,6,0,0,0,2,0,0,0.806451613,0.0,0.193548387,1,3,4.220167681,1,0,True,False,False,False,False,False,False,False,False,False,False,False,False,False,False,False,False,False,False,False,False,False,False,False,False,False,False,False,False,False,False,False,False,False,False,False,False,False,False,False,False,False,False,False,False,False,False,False,False,False,False
20,12,0,3,0,15,0,5,0,0,0,1,0,0,0.75,0.0,0.25,0,3,3.68418372,1,0,True,False,False,False,False,False,False,False,False,False,False,False,False,False,False,False,False,False,False,False,False,False,False,False,False,False,False,False,False,False,False,False,False,False,False,False,False,False,False,False,False,False,False,False,False,False,False,False,False,False,False
28,12,0,3,1,21,0,7,0,0,0,2,0,0,0.75,0.0,0.25,1,4,3.869331261,4,0,True,False,False,False,False,False,False,False,False,False,False,False,False,False,False,False,False,False,False,False,False,False,False,False,False,False,False,False,False,False,False,False,False,False,False,False,False,False,False,False,False,False,False,False,False,False,False,False,False,False,False
20,8,0,3,1,13,1,6,0,0,0,2,0,0,0.65,0.05,0.3,0,3,3.646439345,1,0,True,False,False,False,False,False,False,False,False,False,False,False,False,False,False,False,False,False,False,False,False,False,False,False,False,False,False,False,False,False,False,False,False,False,False,False,False,False,False,False,False,False,False,False,False,False,False,False,False,False,False
42,19,0,3,1,30,6,6,0,0,0,2,1,0,0.714285714,0.142857143,0.142857143,0,2,4.424955745,0,0,False,False,False,False,False,False,False,False,False,False,False,False,False,False,False,False,False,False,False,False,False,False,False,False,False,False,False,False,False,False,False,False,False,False,False,False,False,False,False,False,False,False,False,False,False,False,False,False,False,False,True
29,9,0,5,2,20,0,9,0,0,0,4,1,0,0.689655172,0.0,0.310344828,0,3,3.719375822,1,0,False,False,False,False,False,False,False,False,False,False,False,False,False,False,False,False,False,False,False,False,False,False,False,False,False,False,False,False,True,False,False,False,False,False,False,False,False,False,False,False,False,False,False,False,False,False,False,False,False,False,False
22,10,0,3,1,17,0,5,0,0,0,2,0,0,0.772727273,0.0,0.227272727,1,2,3.788754914,0,0,True,False,False,False,False,False,False,False,False,False,False,False,False,False,False,False,False,False,False,False,False,False,False,False,False,False,False,False,False,False,False,False,False,False,False,False,False,False,False,False,False,False,False,False,False,False,False,False,False,False,False
137,11,0,3,1,99,18,20,3,1,2,3,4,0,0.722627737,0.131386861,0.145985401,1,6,5.08519292,65,48,True,False,False,False,False,False,False,False,False,False,False,False,False,False,False,False,False,False,False,False,False,False,False,False,False,False,False,False,False,False,False,False,False,False,False,False,False,False,False,False,False,False,False,False,False,False,False,False,False,False,False
23,6,0,2,1,17,0,6,0,0,0,2,0,0,0.739130435,0.0,0.260869565,1,3,4.055958152,7,0,False,False,False,False,False,False,False,False,False,False,False,False,False,False,False,False,False,False,False,False,False,False,False,False,False,False,False,False,False,False,False,False,False,False,False,False,False,False,True,False,False,False,False,False,False,False,False,False,False,False,False
30,21,0,3,0,25,0,5,0,0,0,1,0,0,0.833333333,0.0,0.166666667,1,3,3.84441383,1,0,True,False,False,False,False,False,False,False,False,False,False,False,False,False,False,False,False,False,False,False,False,False,False,False,False,False,False,False,False,False,False,False,False,False,False,False,False,False,False,False,False,False,False,False,False,False,False,False,False,False,False
27,12,0,2,1,20,0,7,0,0,0,2,0,0,0.740740741,0.0,0.259259259,0,4,3.70804815,4,0,False,False,False,False,False,True,False,False,False,False,False,False,False,False,False,False,False,False,False,False,False,False,False,False,False,False,False,False,False,False,False,False,False,False,False,False,False,False,False,False,False,False,False,False,False,False,False,False,False,False,False
23,10,0,3,1,17,0,6,0,0,0,2,0,0,0.739130435,0.0,0.260869565,1,3,3.447262499,1,0,True,False,False,False,False,False,False,False,False,False,False,False,False,False,False,False,False,False,False,False,False,False,False,False,False,False,False,False,False,False,False,False,False,False,False,False,False,False,False,False,False,False,False,False,False,False,False,False,False,False,False
42,14,0,6,1,33,0,9,0,0,0,3,0,0,0.785714286,0.0,0.214285714,0,5,3.814206115,17,0,False,False,False,False,False,False,False,False,False,False,False,False,False,False,False,False,False,False,False,False,False,False,False,False,True,False,False,False,False,False,False,False,False,False,False,False,False,False,False,False,False,False,False,False,False,False,False,False,False,False,False
22,10,0,2,1,15,0,7,0,0,0,2,1,0,0.681818182,0.0,0.318181818,0,3,3.845350937,1,0,False,False,False,False,False,False,False,False,False,False,False,False,False,False,False,False,False,False,False,False,False,False,False,False,False,False,False,False,False,False,False,False,False,False,False,False,False,False,False,False,False,False,False,False,False,False,False,False,False,False,True
18,10,0,2,0,13,0,5,0,0,0,1,0,0,0.722222222,0.0,0.277777778,0,3,3.572431251,1,0,False,False,False,False,False,False,False,False,False,False,False,True,False,False,False,False,False,False,False,False,False,False,False,False,False,False,False,False,False,False,False,False,False,False,False,False,False,False,False,False,False,False,False,False,False,False,False,False,False,False,False
22,10,0,2,1,16,0,6,0,0,0,2,0,0,0.727272727,0.0,0.272727273,0,3,3.663532755,1,0,False,False,False,False,False,False,False,False,False,False,False,True,False,False,False,False,False,False,False,False,False,False,False,False,False,False,False,False,False,False,False,False,False,False,False,False,False,False,False,False,False,False,False,False,False,False,False,False,False,False,False
27,15,0,3,1,21,0,6,0,0,0,2,0,0,0.777777778,0.0,0.222222222,0,3,3.902311576,1,0,False,True,False,False,False,False,False,False,False,False,False,False,False,False,False,False,False,False,False,False,False,False,False,False,False,False,False,False,False,False,False,False,False,False,False,False,False,False,False,False,False,False,False,False,False,False,False,False,False,False,False
20,8,0,3,1,14,0,6,0,0,0,2,0,0,0.7,0.0,0.3,0,3,3.50869497,1,0,False,False,False,False,False,False,False,False,True,False,False,False,False,False,False,False,False,False,False,False,False,False,False,False,False,False,False,False,False,False,False,False,False,False,False,False,False,False,False,False,False,False,False,False,False,False,False,False,False,False,False
40,16,0,3,1,32,1,7,0,0,0,2,1,0,0.8,0.025,0.175,1,3,4.22507052,1,0,True,False,False,False,False,False,False,False,False,False,False,False,False,False,False,False,False,False,False,False,False,False,False,False,False,False,False,False,False,False,False,False,False,False,False,False,False,False,False,False,False,False,False,False,False,False,False,False,False,False,False
21,9,0,3,1,15,0,6,0,0,0,2,0,0,0.714285714,0.0,0.285714286,0,3,3.368042423,1,0,False,False,False,False,False,False,False,False,True,False,False,False,False,False,False,False,False,False,False,False,False,False,False,False,False,False,False,False,False,False,False,False,False,False,False,False,False,False,False,False,False,False,False,False,False,False,False,False,False,False,False
27,10,0,3,0,18,2,7,1,1,0,1,0,0,0.666666667,0.074074074,0.259259259,1,3,4.356558335,1,7,False,True,False,False,False,False,False,False,False,False,False,False,False,False,False,False,False,False,False,False,False,False,False,False,False,False,False,False,False,False,False,False,False,False,False,False,False,False,False,False,False,False,False,False,False,False,False,False,False,False,False
34,22,0,3,1,28,0,6,0,0,0,2,0,0,0.823529412,0.0,0.176470588,0,3,4.094097032,1,0,False,True,False,False,False,False,False,False,False,False,False,False,False,False,False,False,False,False,False,False,False,False,False,False,False,False,False,False,False,False,False,False,False,False,False,False,False,False,False,False,False,False,False,False,False,False,False,False,False,False,False
33,21,0,3,1,27,0,6,0,0,0,2,0,0,0.818181818,0.0,0.181818182,0,3,4.066677074,1,0,False,True,False,False,False,False,False,False,False,False,False,False,False,False,False,False,False,False,False,False,False,False,False,False,False,False,False,False,False,False,False,False,False,False,False,False,False,False,False,False,False,False,False,False,False,False,False,False,False,False,False
27,14,0,3,1,21,0,6,0,0,0,2,0,0,0.777777778,0.0,0.222222222,1,3,3.902311576,1,0,True,False,False,False,False,False,False,False,False,False,False,False,False,False,False,False,False,False,False,False,False,False,False,False,False,False,False,False,False,False,False,False,False,False,False,False,False,False,False,False,False,False,False,False,False,False,False,False,False,False,False
14,6,0,2,0,9,0,5,0,0,0,1,0,0,0.642857143,0.0,0.357142857,0,3,3.324862958,1,0,False,False,False,False,False,False,True,False,False,False,False,False,False,False,False,False,False,False,False,False,False,False,False,False,False,False,False,False,False,False,False,False,False,False,False,False,False,False,False,False,False,False,False,False,False,False,False,False,False,False,False
28,16,0,3,1,22,0,6,0,0,0,2,0,0,0.785714286,0.0,0.214285714,0,3,3.770942422,1,0,True,False,False,False,False,False,False,False,False,False,False,False,False,False,False,False,False,False,False,False,False,False,False,False,False,False,False,False,False,False,False,False,False,False,False,False,False,False,False,False,False,False,False,False,False,False,False,False,False,False,False
30,15,0,3,1,23,0,7,0,0,0,2,0,0,0.766666667,0.0,0.233333333,0,4,3.739572262,4,0,True,False,False,False,False,False,False,False,False,False,False,False,False,False,False,False,False,False,False,False,False,False,False,False,False,False,False,False,False,False,False,False,False,False,False,False,False,False,False,False,False,False,False,False,False,False,False,False,False,False,False
29,8,0,2,1,21,0,8,0,0,0,2,0,1,0.724137931,0.0,0.275862069,0,4,3.728502116,10,0,False,False,False,False,False,False,False,False,False,False,False,False,False,False,False,False,False,False,False,False,False,False,False,False,False,False,True,False,False,False,False,False,False,False,False,False,False,False,False,False,False,False,False,False,False,False,False,False,False,False,False
24,12,0,6,1,17,0,7,0,0,0,3,0,0,0.708333333,0.0,0.291666667,0,3,3.823934896,1,0,False,False,False,False,False,False,False,False,False,False,False,False,False,False,False,False,False,False,False,False,False,False,False,False,False,True,False,False,False,False,False,False,False,False,False,False,False,False,False,False,False,False,False,False,False,False,False,False,False,False,False
26,14,0,3,1,20,0,6,0,0,0,2,0,0,0.769230769,0.0,0.230769231,0,3,3.796217603,1,0,True,False,False,False,False,False,False,False,False,False,False,False,False,False,False,False,False,False,False,False,False,False,False,False,False,False,False,False,False,False,False,False,False,False,False,False,False,False,False,False,False,False,False,False,False,False,False,False,False,False,False
25,10,0,2,1,18,0,7,0,0,0,2,0,0,0.72,0.0,0.28,0,4,3.81366069,4,0,False,False,False,False,False,False,False,False,False,False,False,False,False,False,False,False,False,True,False,False,False,False,False,False,False,False,False,False,False,False,False,False,False,False,False,False,False,False,False,False,False,False,False,False,False,False,False,False,False,False,False
31,7,0,2,1,24,0,7,0,0,0,3,0,0,0.774193548,0.0,0.225806452,0,3,3.953565665,13,0,False,False,False,False,False,False,False,False,False,False,False,False,False,False,False,False,True,False,False,False,False,False,False,False,False,False,False,False,False,False,False,False,False,False,False,False,False,False,False,False,False,False,False,False,False,False,False,False,False,False,False
71,11,0,2,1,57,4,10,0,0,0,2,1,0,0.802816901,0.056338028,0.14084507,0,4,4.409947296,49,0,False,False,False,False,False,False,False,False,False,False,True,False,False,False,False,False,False,False,False,False,False,False,False,False,False,False,False,False,False,False,False,False,False,False,False,False,False,False,False,False,False,False,False,False,False,False,False,False,False,False,False
20,7,0,3,1,14,0,6,0,0,0,2,0,0,0.7,0.0,0.3,1,3,3.446439345,1,0,True,False,False,False,False,False,False,False,False,False,False,False,False,False,False,False,False,False,False,False,False,False,False,False,False,False,False,False,False,False,False,False,False,False,False,False,False,False,False,False,False,False,False,False,False,False,False,False,False,False,False
27,13,0,2,1,20,1,6,0,0,0,2,1,0,0.740740741,0.037037037,0.222222222,1,2,4.060262039,0,0,False,False,False,False,True,False,False,False,False,False,False,False,False,False,False,False,False,False,False,False,False,False,False,False,False,False,False,False,False,False,False,False,False,False,False,False,False,False,False,False,False,False,False,False,False,False,False,False,False,False,False
28,12,0,6,1,21,0,7,0,0,0,3,0,0,0.75,0.0,0.25,0,3,3.79790269,1,0,False,False,False,False,False,False,False,False,False,False,False,False,False,False,False,False,False,False,False,False,False,False,False,False,False,False,False,False,False,False,False,False,False,False,False,False,False,False,False,False,False,False,False,False,False,False,False,False,False,False,True
37,8,0,2,2,29,0,8,0,0,0,3,1,0,0.783783784,0.0,0.216216216,0,3,3.931501676,1,0,False,False,False,False,True,False,False,False,False,False,False,False,False,False,False,False,False,False,False,False,False,False,False,False,False,False,False,False,False,False,False,False,False,False,False,False,False,False,False,False,False,False,False,False,False,False,False,False,False,False,False
28,13,0,2,1,20,0,8,0,0,0,2,1,0,0.714285714,0.0,0.285714286,0,4,3.753434386,4,0,False,False,False,False,False,True,False,False,False,False,False,False,False,False,False,False,False,False,False,False,False,False,False,False,False,False,False,False,False,False,False,False,False,False,False,False,False,False,False,False,False,False,False,False,False,False,False,False,False,False,False
22,9,0,5,1,15,0,7,0,0,0,3,0,0,0.681818182,0.0,0.318181818,1,3,3.447401505,1,0,False,False,False,False,False,False,False,False,False,False,False,False,False,False,False,False,False,False,False,False,False,False,False,False,False,False,False,False,True,False,False,False,False,False,False,False,False,False,False,False,False,False,False,False,False,False,False,False,False,False,False
43,19,0,3,1,30,6,7,0,0,0,2,1,0,0.697674419,0.139534884,0.162790698,0,3,4.306753929,1,0,False,False,False,False,False,False,False,False,False,False,False,False,False,False,False,False,False,False,False,False,False,False,False,False,False,False,False,False,False,False,False,False,False,False,False,False,False,False,False,False,False,False,False,False,False,False,False,False,False,False,True
20,9,0,2,0,14,0,6,0,0,0,1,0,0,0.7,0.0,0.3,0,4,3.38418372,4,0,False,False,False,False,False,False,False,False,False,False,False,False,False,False,False,False,False,False,False,False,False,False,False,False,False,False,True,False,False,False,False,False,False,False,False,False,False,False,False,False,False,False,False,False,False,False,False,False,False,False,False
41,19,0,3,1,36,0,5,0,0,0,2,0,0,0.87804878,0.0,0.12195122,1,2,4.098780286,0,0,True,False,False,False,False,False,False,False,False,False,False,False,False,False,False,False,False,False,False,False,False,False,False,False,False,False,False,False,False,False,False,False,False,False,False,False,False,False,False,False,False,False,False,False,False,False,False,False,False,False,False
40,31,0,3,0,35,0,5,0,0,0,1,0,0,0.875,0.0,0.125,1,3,4.05869497,1,0,False,True,False,False,False,False,False,False,False,False,False,False,False,False,False,False,False,False,False,False,False,False,False,False,False,False,False,False,False,False,False,False,False,False,False,False,False,False,False,False,False,False,False,False,False,False,False,False,False,False,False
24,12,0,6,1,17,0,7,0,0,0,3,0,0,0.708333333,0.0,0.291666667,0,3,3.65726823,1,0,False,False,False,False,False,False,False,False,False,False,False,False,False,False,False,False,False,False,False,False,False,False,False,False,False,False,False,False,False,False,False,False,False,False,False,False,False,False,False,False,False,False,False,False,False,False,False,False,False,False,True
46,28,0,3,0,38,0,8,0,0,0,2,2,0,0.826086957,0.0,0.173913043,1,3,4.294663586,10,0,True,False,False,False,False,False,False,False,False,False,False,False,False,False,False,False,False,False,False,False,False,False,False,False,False,False,False,False,False,False,False,False,False,False,False,False,False,False,False,False,False,False,False,False,False,False,False,False,False,False,False
30,18,0,2,1,24,0,6,0,0,0,2,0,0,0.8,0.0,0.2,0,3,3.831401845,1,0,False,False,False,False,False,False,False,False,False,False,False,False,False,False,False,False,False,False,False,False,False,False,False,False,False,False,True,False,False,False,False,False,False,False,False,False,False,False,False,False,False,False,False,False,False,False,False,False,False,False,False
81,10,0,6,0,64,5,12,1,1,0,3,0,0,0.790123457,0.061728395,0.148148148,1,6,4.704004405,54,8,False,False,False,False,False,False,False,False,False,False,False,False,False,False,False,False,False,False,True,False,False,False,False,False,False,False,False,False,False,False,False,False,False,False,False,False,False,False,False,False,False,False,False,False,False,False,False,False,False,False,False
33,15,0,2,2,27,0,6,0,0,0,3,0,0,0.818181818,0.0,0.181818182,1,2,4.066677074,0,0,False,False,False,False,True,False,False,False,False,False,False,False,False,False,False,False,False,False,False,False,False,False,False,False,False,False,False,False,False,False,False,False,False,False,False,False,False,False,False,False,False,False,False,False,False,False,False,False,False,False,False
41,30,0,5,1,35,0,6,0,0,0,3,0,0,0.853658537,0.0,0.146341463,0,2,4.094760846,0,0,False,False,False,False,False,False,False,False,False,False,False,False,False,False,True,False,False,False,False,False,False,False,False,False,False,False,False,False,False,False,False,False,False,False,False,False,False,False,False,False,False,False,False,False,False,False,False,False,False,False,False
20,8,0,2,1,14,0,6,0,0,0,2,0,0,0.7,0.0,0.3,0,3,3.30869497,1,0,False,False,False,False,False,True,False,False,False,False,False,False,False,False,False,False,False,False,False,False,False,False,False,False,False,False,False,False,False,False,False,False,False,False,False,False,False,False,False,False,False,False,False,False,False,False,False,False,False,False,False
31,9,0,4,2,23,1,7,0,0,0,3,1,0,0.741935484,0.032258065,0.225806452,0,2,3.993730584,0,0,False,False,False,False,False,False,False,False,False,False,False,False,False,False,False,False,False,False,False,False,False,False,False,False,False,False,False,False,False,False,False,False,False,False,False,False,False,False,False,False,False,False,False,False,False,False,False,False,False,False,True
25,12,0,3,1,19,0,6,0,0,0,2,0,0,0.76,0.0,0.24,1,3,3.67326969,1,0,False,True,False,False,False,False,False,False,False,False,False,False,False,False,False,False,False,False,False,False,False,False,False,False,False,False,False,False,False,False,False,False,False,False,False,False,False,False,False,False,False,False,False,False,False,False,False,False,False,False,False
21,9,0,2,0,15,0,6,0,0,0,1,0,0,0.714285714,0.0,0.285714286,1,4,3.916126947,4,0,False,False,False,False,False,False,False,False,False,False,False,False,False,False,False,False,True,False,False,False,False,False,False,False,False,False,False,False,False,False,False,False,False,False,False,False,False,False,False,False,False,False,False,False,False,False,False,False,False,False,False
30,21,0,3,0,25,0,5,0,0,0,1,0,0,0.833333333,0.0,0.166666667,1,3,3.736243413,1,0,False,True,False,False,False,False,False,False,False,False,False,False,False,False,False,False,False,False,False,False,False,False,False,False,False,False,False,False,False,False,False,False,False,False,False,False,False,False,False,False,False,False,False,False,False,False,False,False,False,False,False
23,11,0,2,1,16,0,7,0,0,0,2,1,0,0.695652174,0.0,0.304347826,0,3,3.816402717,1,0,False,False,False,False,False,False,False,False,False,False,False,False,False,False,False,False,False,False,False,False,True,False,False,False,False,False,False,False,False,False,False,False,False,False,False,False,False,False,False,False,False,False,False,False,False,False,False,False,False,False,False
47,12,0,3,1,38,0,9,0,0,0,3,0,0,0.808510638,0.0,0.191489362,1,5,4.198235533,23,0,False,False,False,False,False,False,False,True,False,False,False,False,False,False,False,False,False,False,False,False,False,False,False,False,False,False,False,False,False,False,False,False,False,False,False,False,False,False,False,False,False,False,False,False,False,False,False,False,False,False,False
59,5,0,2,1,44,2,13,1,1,0,3,0,0,0.745762712,0.033898305,0.220338983,1,6,4.124192101,2,41,False,False,False,False,False,False,False,False,False,False,False,False,False,False,False,False,False,False,False,False,False,False,False,False,False,False,False,False,False,False,False,False,False,False,False,False,False,True,False,False,False,False,False,False,False,False,False,False,False,False,False
33,21,0,3,1,27,0,6,0,0,0,2,0,0,0.818181818,0.0,0.181818182,0,3,3.960320255,1,0,False,True,False,False,False,False,False,False,False,False,False,False,False,False,False,False,False,False,False,False,False,False,False,False,False,False,False,False,False,False,False,False,False,False,False,False,False,False,False,False,False,False,False,False,False,False,False,False,False,False,False
23,11,0,3,1,17,0,6,0,0,0,2,0,0,0.739130435,0.0,0.260869565,0,3,3.555533151,1,0,False,True,False,False,False,False,False,False,False,False,False,False,False,False,False,False,False,False,False,False,False,False,False,False,False,False,False,False,False,False,False,False,False,False,False,False,False,False,False,False,False,False,False,False,False,False,False,False,False,False,False
20,8,0,3,1,14,0,6,0,0,0,2,0,0,0.7,0.0,0.3,0,3,3.646439345,1,0,True,False,False,False,False,False,False,False,False,False,False,False,False,False,False,False,False,False,False,False,False,False,False,False,False,False,False,False,False,False,False,False,False,False,False,False,False,False,False,False,False,False,False,False,False,False,False,False,False,False,False
26,15,0,6,1,20,0,6,0,0,0,3,0,0,0.769230769,0.0,0.230769231,0,2,3.921029622,0,0,False,False,False,False,False,False,False,False,False,False,False,False,False,False,False,False,False,False,False,False,False,False,False,False,False,False,False,False,False,False,False,False,False,False,False,False,False,False,False,False,False,False,False,False,False,False,False,False,False,False,True
31,19,0,3,1,25,0,6,0,0,0,2,0,0,0.806451613,0.0,0.193548387,0,3,3.744203568,1,0,True,False,False,False,False,False,False,False,False,False,False,False,False,False,False,False,False,False,False,False,False,False,False,False,False,False,False,False,False,False,False,False,False,False,False,False,False,False,False,False,False,False,False,False,False,False,False,False,False,False,False
22,13,0,3,0,17,0,5,0,0,0,1,0,0,0.772727273,0.0,0.227272727,1,3,3.754441846,1,0,False,True,False,False,False,False,False,False,False,False,False,False,False,False,False,False,False,False,False,False,False,False,False,False,False,False,False,False,False,False,False,False,False,False,False,False,False,False,False,False,False,False,False,False,False,False,False,False,False,False,False
37,22,0,3,0,30,0,7,0,0,0,2,1,0,0.810810811,0.0,0.189189189,1,3,3.841096866,7,0,True,False,False,False,False,False,False,False,False,False,False,False,False,False,False,False,False,False,False,False,False,False,False,False,False,False,False,False,False,False,False,False,False,False,False,False,False,False,False,False,False,False,False,False,False,False,False,False,False,False,False
24,15,0,5,0,18,0,6,0,0,0,2,0,0,0.75,0.0,0.25,1,3,3.772055209,1,0,False,False,False,False,False,False,False,False,False,False,False,False,False,False,True,False,False,False,False,False,False,False,False,False,False,False,False,False,False,False,False,False,False,False,False,False,False,False,False,False,False,False,False,False,False,False,False,False,False,False,False
27,14,0,6,1,20,0,7,0,0,0,3,0,0,0.740740741,0.0,0.259259259,1,3,3.930270372,1,0,False,False,False,False,False,False,False,False,False,False,False,False,False,False,False,False,False,False,False,False,False,False,False,False,False,False,False,False,False,False,False,False,False,False,False,False,False,False,False,False,False,False,False,False,False,False,False,False,False,False,True
41,29,0,3,1,35,0,6,0,0,0,2,0,0,0.853658537,0.0,0.146341463,0,3,4.143541334,1,0,False,True,False,False,False,False,False,False,False,False,False,False,False,False,False,False,False,False,False,False,False,False,False,False,False,False,False,False,False,False,False,False,False,False,False,False,False,False,False,False,False,False,False,False,False,False,False,False,False,False,False
17,6,0,2,1,11,0,6,0,0,0,2,0,0,0.647058824,0.0,0.352941176,0,3,3.572469459,1,0,False,False,False,False,False,False,False,False,False,False,False,False,False,False,False,False,False,False,False,False,False,False,False,False,False,False,False,False,False,False,False,False,False,False,False,False,False,False,False,True,False,False,False,False,False,False,False,False,False,False,False
20,8,0,3,1,14,0,6,0,0,0,2,0,0,0.7,0.0,0.3,0,3,3.546439345,1,0,False,True,False,False,False,False,False,False,False,False,False,False,False,False,False,False,False,False,False,False,False,False,False,False,False,False,False,False,False,False,False,False,False,False,False,False,False,False,False,False,False,False,False,False,False,False,False,False,False,False,False
29,17,0,3,1,23,0,6,0,0,0,2,0,0,0.793103448,0.0,0.206896552,0,3,3.995237891,1,0,False,True,False,False,False,False,False,False,False,False,False,False,False,False,False,False,False,False,False,False,False,False,False,False,False,False,False,False,False,False,False,False,False,False,False,False,False,False,False,False,False,False,False,False,False,False,False,False,False,False,False
36,17,0,3,1,28,0,8,0,0,0,2,1,0,0.777777778,0.0,0.222222222,0,4,3.884795487,8,0,False,False,False,False,False,False,False,True,False,False,False,False,False,False,False,False,False,False,False,False,False,False,False,False,False,False,False,False,False,False,False,False,False,False,False,False,False,False,False,False,False,False,False,False,False,False,False,False,False,False,False
25,13,0,3,1,19,0,6,0,0,0,2,0,0,0.76,0.0,0.24,0,3,3.83326969,1,0,True,False,False,False,False,False,False,False,False,False,False,False,False,False,False,False,False,False,False,False,False,False,False,False,False,False,False,False,False,False,False,False,False,False,False,False,False,False,False,False,False,False,False,False,False,False,False,False,False,False,False
24,16,0,3,0,19,0,5,0,0,0,1,0,0,0.791666667,0.0,0.208333333,0,3,3.938721876,1,0,True,False,False,False,False,False,False,False,False,False,False,False,False,False,False,False,False,False,False,False,False,False,False,False,False,False,False,False,False,False,False,False,False,False,False,False,False,False,False,False,False,False,False,False,False,False,False,False,False,False,False
34,11,0,2,1,26,0,8,0,0,0,3,0,1,0.764705882,0.0,0.235294118,0,3,3.9542474,12,0,False,False,False,False,False,False,False,False,False,False,False,False,False,False,False,False,False,False,False,False,False,False,True,False,False,False,False,False,False,False,False,False,False,False,False,False,False,False,False,False,False,False,False,False,False,False,False,False,False,False,False
33,10,0,3,1,27,0,6,0,0,0,2,0,0,0.818181818,0.0,0.181818182,1,3,4.07850615,1,0,True,False,False,False,False,False,False,False,False,False,False,False,False,False,False,False,False,False,False,False,False,False,False,False,False,False,False,False,False,False,False,False,False,False,False,False,False,False,False,False,False,False,False,False,False,False,False,False,False,False,False
23,6,0,2,1,17,0,6,0,0,0,2,0,0,0.739130435,0.0,0.260869565,1,3,3.849223912,7,0,False,False,False,False,False,False,False,False,False,False,False,False,False,False,False,False,False,False,False,False,False,False,False,False,False,False,False,False,False,False,False,False,False,False,False,False,False,False,True,False,False,False,False,False,False,False,False,False,False,False,False
44,20,0,3,1,31,7,6,0,0,0,2,1,0,0.704545455,0.159090909,0.136363636,1,2,4.382520755,0,0,False,False,False,False,False,False,False,False,False,False,False,False,False,False,False,False,False,False,False,False,False,False,False,False,False,False,False,False,False,False,False,False,False,False,False,False,False,False,False,False,False,False,False,False,False,False,False,False,False,False,True
24,16,0,3,0,19,0,5,0,0,0,1,0,0,0.791666667,0.0,0.208333333,0,3,3.938721876,1,0,False,True,False,False,False,False,False,False,False,False,False,False,False,False,False,False,False,False,False,False,False,False,False,False,False,False,False,False,False,False,False,False,False,False,False,False,False,False,False,False,False,False,False,False,False,False,False,False,False,False,False
25,12,0,5,1,18,0,7,0,0,0,3,0,0,0.72,0.0,0.28,1,3,3.723074189,1,0,False,False,False,False,False,False,False,False,False,False,False,False,False,False,False,False,False,False,False,False,False,False,False,False,False,False,False,False,False,False,False,False,False,False,False,False,False,False,False,False,False,False,False,False,False,False,False,False,False,False,True
24,12,0,3,1,18,0,6,0,0,0,2,0,0,0.75,0.0,0.25,0,3,3.65726823,1,0,True,False,False,False,False,False,False,False,False,False,False,False,False,False,False,False,False,False,False,False,False,False,False,False,False,False,False,False,False,False,False,False,False,False,False,False,False,False,False,False,False,False,False,False,False,False,False,False,False,False,False
18,9,0,3,0,13,0,5,0,0,0,1,0,0,0.722222222,0.0,0.277777778,1,3,3.572431251,1,0,False,True,False,False,False,False,False,False,False,False,False,False,False,False,False,False,False,False,False,False,False,False,False,False,False,False,False,False,False,False,False,False,False,False,False,False,False,False,False,False,False,False,False,False,False,False,False,False,False,False,False
21,9,0,2,1,15,0,6,0,0,0,2,0,0,0.714285714,0.0,0.285714286,0,3,3.427333494,1,0,False,False,False,False,False,False,False,False,False,False,False,False,False,False,False,False,False,False,False,False,False,False,True,False,False,False,False,False,False,False,False,False,False,False,False,False,False,False,False,False,False,False,False,False,False,False,False,False,False,False,False
31,11,0,6,2,24,0,7,0,0,0,4,0,0,0.774193548,0.0,0.225806452,1,2,3.937751955,0,0,False,False,False,False,False,False,False,False,False,False,False,False,False,False,False,False,False,False,False,False,False,False,False,False,False,False,False,False,False,False,False,False,False,False,False,False,False,False,False,False,False,False,False,False,False,False,False,False,False,False,True
26,14,0,3,1,20,0,6,0,0,0,2,0,0,0.769230769,0.0,0.230769231,0,3,3.796217603,1,0,False,True,False,False,False,False,False,False,False,False,False,False,False,False,False,False,False,False,False,False,False,False,False,False,False,False,False,False,False,False,False,False,False,False,False,False,False,False,False,False,False,False,False,False,False,False,False,False,False,False,False
26,6,0,2,1,19,0,7,0,0,0,2,1,0,0.730769231,0.0,0.269230769,1,3,4.026986833,10,0,False,False,False,False,False,False,False,False,False,False,False,False,False,False,False,False,False,False,False,False,False,False,False,False,False,False,False,False,False,False,False,False,False,False,False,False,False,False,True,False,False,False,False,False,False,False,False,False,False,False,False
34,22,0,3,1,27,0,7,0,0,0,2,1,0,0.794117647,0.0,0.205882353,0,3,4.057476076,1,0,True,False,False,False,False,False,False,False,False,False,False,False,False,False,False,False,False,False,False,False,False,False,False,False,False,False,False,False,False,False,False,False,False,False,False,False,False,False,False,False,False,False,False,False,False,False,False,False,False,False,False
32,12,0,6,1,24,0,8,0,0,0,3,0,0,0.75,0.0,0.25,0,4,3.991729297,9,0,False,False,False,False,False,False,False,False,False,False,False,False,False,False,False,False,False,False,False,False,False,False,False,False,False,False,False,False,False,False,False,False,False,False,False,False,False,False,False,False,False,False,False,False,False,False,False,False,False,False,True
29,17,0,3,1,23,0,6,0,0,0,2,0,0,0.793103448,0.0,0.206896552,0,3,3.900241771,1,0,True,False,False,False,False,False,False,False,False,False,False,False,False,False,False,False,False,False,False,False,False,False,False,False,False,False,False,False,False,False,False,False,False,False,False,False,False,False,False,False,False,False,False,False,False,False,False,False,False,False,False
199,11,0,3,1,151,21,27,5,1,4,2,6,4,0.75879397,0.105527638,0.135678392,1,4,4.82309357,33,138,True,False,False,False,False,False,False,False,False,False,False,False,False,False,False,False,False,False,False,False,False,False,False,False,False,False,False,False,False,False,False,False,False,False,False,False,False,False,False,False,False,False,False,False,False,False,False,False,False,False,False
26,13,0,3,1,20,0,6,0,0,0,2,0,0,0.769230769,0.0,0.230769231,1,3,3.844106545,1,0,True,False,False,False,False,False,False,False,False,False,False,False,False,False,False,False,False,False,False,False,False,False,False,False,False,False,False,False,False,False,False,False,False,False,False,False,False,False,False,False,False,False,False,False,False,False,False,False,False,False,False
42,20,0,5,1,34,0,8,0,0,0,4,0,0,0.80952381,0.0,0.19047619,0,3,4.189238256,11,0,False,False,False,False,False,False,False,False,False,False,False,False,False,False,True,False,False,False,False,False,False,False,False,False,False,False,False,False,False,False,False,False,False,False,False,False,False,False,False,False,False,False,False,False,False,False,False,False,False,False,False
92,13,0,3,1,78,0,14,0,0,0,2,7,0,0.847826087,0.0,0.152173913,1,4,4.162795213,67,0,True,False,False,False,False,False,False,False,False,False,False,False,False,False,False,False,False,False,False,False,False,False,False,False,False,False,False,False,False,False,False,False,False,False,False,False,False,False,False,False,False,False,False,False,False,False,False,False,False,False,False
17,9,0,3,0,12,0,5,0,0,0,1,0,0,0.705882353,0.0,0.294117647,0,3,3.4548224,1,0,True,False,False,False,False,False,False,False,False,False,False,False,False,False,False,False,False,False,False,False,False,False,False,False,False,False,False,False,False,False,False,False,False,False,False,False,False,False,False,False,False,False,False,False,False,False,False,False,False,False,False
28,20,0,3,0,23,0,5,0,0,0,1,0,0,0.821428571,0.0,0.178571429,0,3,3.79790269,1,0,True,False,False,False,False,False,False,False,False,False,False,False,False,False,False,False,False,False,False,False,False,False,False,False,False,False,False,False,False,False,False,False,False,False,False,False,False,False,False,False,False,False,False,False,False,False,False,False,False,False,False
33,21,0,2,1,27,0,6,0,0,0,2,0,0,0.818181818,0.0,0.181818182,0,3,4.104407755,1,0,False,False,False,False,False,False,False,False,False,False,False,False,False,False,False,False,False,False,False,False,False,False,False,False,False,False,False,False,False,False,False,False,False,False,False,False,False,False,False,False,False,False,False,True,False,False,False,False,False,False,False
21,7,0,2,1,15,0,6,0,0,0,2,0,0,0.714285714,0.0,0.285714286,0,3,3.558518613,3,0,False,False,False,False,False,True,False,False,False,False,False,False,False,False,False,False,False,False,False,False,False,False,False,False,False,False,False,False,False,False,False,False,False,False,False,False,False,False,False,False,False,False,False,False,False,False,False,False,False,False,False
22,10,0,3,1,16,0,6,0,0,0,2,0,0,0.727272727,0.0,0.272727273,0,3,3.845350937,1,0,True,False,False,False,False,False,False,False,False,False,False,False,False,False,False,False,False,False,False,False,False,False,False,False,False,False,False,False,False,False,False,False,False,False,False,False,False,False,False,False,False,False,False,False,False,False,False,False,False,False,False
70,10,0,3,1,59,2,9,0,0,0,2,3,0,0.842857143,0.028571429,0.128571429,1,3,4.435219625,1,0,True,False,False,False,False,False,False,False,False,False,False,False,False,False,False,False,False,False,False,False,False,False,False,False,False,False,False,False,False,False,False,False,False,False,False,False,False,False,False,False,False,False,False,False,False,False,False,False,False,False,False
28,13,0,6,1,22,0,6,0,0,0,3,0,0,0.785714286,0.0,0.214285714,1,2,3.869331261,0,0,False,False,False,False,False,False,False,False,False,False,False,False,False,False,False,False,False,False,False,False,False,False,False,False,False,False,False,False,False,False,False,False,False,False,False,False,False,False,False,False,False,False,False,False,False,False,False,False,False,False,True
20,7,0,2,1,14,0,6,0,0,0,2,0,0,0.7,0.0,0.3,1,3,3.646439345,1,0,False,False,False,True,False,False,False,False,False,False,False,False,False,False,False,False,False,False,False,False,False,False,False,False,False,False,False,False,False,False,False,False,False,False,False,False,False,False,False,False,False,False,False,False,False,False,False,False,False,False,False
42,12,0,3,1,36,0,6,0,0,0,2,0,0,0.857142857,0.0,0.142857143,1,3,4.270426578,1,0,True,False,False,False,False,False,False,False,False,False,False,False,False,False,False,False,False,False,False,False,False,False,False,False,False,False,False,False,False,False,False,False,False,False,False,False,False,False,False,False,False,False,False,False,False,False,False,False,False,False,False
33,24,0,3,0,28,0,5,0,0,0,1,0,0,0.848484848,0.0,0.151515152,1,3,3.726698863,1,0,True,False,False,False,False,False,False,False,False,False,False,False,False,False,False,False,False,False,False,False,False,False,False,False,False,False,False,False,False,False,False,False,False,False,False,False,False,False,False,False,False,False,False,False,False,False,False,False,False,False,False
21,13,0,6,0,15,0,6,0,0,0,2,0,0,0.714285714,0.0,0.285714286,0,3,3.653756708,1,0,False,False,False,False,False,False,False,False,False,False,False,False,False,False,False,False,False,False,False,False,False,False,False,False,False,False,False,False,False,False,False,False,False,False,False,False,False,False,False,False,False,False,False,False,False,False,False,False,False,False,True
31,16,0,3,1,25,0,6,0,0,0,2,0,0,0.806451613,0.0,0.193548387,0,3,3.848884617,1,0,True,False,False,False,False,False,False,False,False,False,False,False,False,False,False,False,False,False,False,False,False,False,False,False,False,False,False,False,False,False,False,False,False,False,False,False,False,False,False,False,False,False,False,False,False,False,False,False,False,False,False
27,15,0,2,1,21,0,6,0,0,0,2,0,0,0.777777778,0.0,0.222222222,0,3,3.884155095,1,0,False,False,False,False,False,False,True,False,False,False,False,False,False,False,False,False,False,False,False,False,False,False,False,False,False,False,False,False,False,False,False,False,False,False,False,False,False,False,False,False,False,False,False,False,False,False,False,False,False,False,False
26,12,0,6,0,15,4,7,0,0,0,2,0,0,0.576923077,0.153846154,0.269230769,1,4,4.056020968,6,0,False,False,False,False,False,False,False,False,False,False,False,False,False,False,False,False,False,False,False,False,False,False,False,False,False,False,False,False,False,False,False,False,False,False,False,False,False,False,False,False,False,False,False,False,False,False,False,False,False,False,True
27,11,0,4,0,19,3,5,0,0,0,1,0,0,0.703703704,0.111111111,0.185185185,1,3,3.958229169,8,0,False,False,False,False,False,False,False,False,False,False,False,False,False,False,False,False,False,False,False,False,False,False,False,False,False,False,False,False,False,False,False,False,False,False,False,False,False,False,False,False,False,False,False,False,False,False,False,False,False,False,True
33,20,0,3,1,27,0,6,0,0,0,2,0,0,0.818181818,0.0,0.181818182,1,3,4.127283134,1,0,True,False,False,False,False,False,False,False,False,False,False,False,False,False,False,False,False,False,False,False,False,False,False,False,False,False,False,False,False,False,False,False,False,False,False,False,False,False,False,False,False,False,False,False,False,False,False,False,False,False,False
18,6,0,2,1,12,0,6,0,0,0,2,0,0,0.666666667,0.0,0.333333333,0,3,3.308270835,1,0,False,False,False,False,False,False,False,False,False,False,False,False,False,False,False,False,False,False,False,False,False,False,False,False,False,False,False,False,False,False,False,False,False,False,False,False,False,False,False,False,False,False,False,False,False,True,False,False,False,False,False
175,10,0,3,1,139,13,23,3,1,2,2,4,1,0.794285714,0.074285714,0.131428571,1,7,5.605629874,108,43,True,False,False,False,False,False,False,False,False,False,False,False,False,False,False,False,False,False,False,False,False,False,False,False,False,False,False,False,False,False,False,False,False,False,False,False,False,False,False,False,False,False,False,False,False,False,False,False,False,False,False
27,14,0,3,1,21,0,6,0,0,0,2,0,0,0.777777778,0.0,0.222222222,1,3,3.856196298,1,0,True,False,False,False,False,False,False,False,False,False,False,False,False,False,False,False,False,False,False,False,False,False,False,False,False,False,False,False,False,False,False,False,False,False,False,False,False,False,False,False,False,False,False,False,False,False,False,False,False,False,False
21,9,0,3,1,13,1,7,0,0,0,2,1,0,0.619047619,0.047619048,0.333333333,0,3,3.653756708,1,0,True,False,False,False,False,False,False,False,False,False,False,False,False,False,False,False,False,False,False,False,False,False,False,False,False,False,False,False,False,False,False,False,False,False,False,False,False,False,False,False,False,False,False,False,False,False,False,False,False,False,False
24,9,0,2,1,17,0,7,0,0,0,2,0,0,0.708333333,0.0,0.291666667,0,4,3.605388542,4,0,False,False,False,False,False,False,False,False,False,False,False,False,False,False,False,False,False,False,False,False,False,False,False,False,False,False,False,False,False,False,False,False,False,False,False,False,False,False,False,False,False,False,False,False,False,False,False,False,False,False,True
190,10,0,3,1,150,14,26,4,1,3,3,3,1,0.789473684,0.073684211,0.136842105,1,7,5.645569572,108,58,True,False,False,False,False,False,False,False,False,False,False,False,False,False,False,False,False,False,False,False,False,False,False,False,False,False,False,False,False,False,False,False,False,False,False,False,False,False,False,False,False,False,False,False,False,False,False,False,False,False,False
29,21,0,3,0,24,0,5,0,0,0,1,0,0,0.827586207,0.0,0.172413793,0,3,3.978333581,1,0,False,True,False,False,False,False,False,False,False,False,False,False,False,False,False,False,False,False,False,False,False,False,False,False,False,False,False,False,False,False,False,False,False,False,False,False,False,False,False,False,False,False,False,False,False,False,False,False,False,False,False
20,8,0,3,1,14,0,6,0,0,0,2,0,0,0.7,0.0,0.3,0,3,3.40869497,1,0,False,True,False,False,False,False,False,False,False,False,False,False,False,False,False,False,False,False,False,False,False,False,False,False,False,False,False,False,False,False,False,False,False,False,False,False,False,False,False,False,False,False,False,False,False,False,False,False,False,False,False
23,11,0,3,1,17,0,6,0,0,0,2,0,0,0.739130435,0.0,0.260869565,0,3,3.729446195,1,0,True,False,False,False,False,False,False,False,False,False,False,False,False,False,False,False,False,False,False,False,False,False,False,False,False,False,False,False,False,False,False,False,False,False,False,False,False,False,False,False,False,False,False,False,False,False,False,False,False,False,False
23,6,0,2,1,16,1,6,0,0,0,2,0,0,0.695652174,0.043478261,0.260869565,1,3,3.849223912,7,0,False,False,False,False,False,False,False,False,False,False,False,False,False,False,False,False,False,False,False,False,False,False,False,False,False,False,False,False,False,False,False,False,False,False,False,False,False,False,True,False,False,False,False,False,False,False,False,False,False,False,False
32,20,0,2,1,25,0,7,0,0,0,2,1,0,0.78125,0.0,0.21875,0,3,3.944548828,1,0,False,False,False,False,False,False,False,False,False,False,False,False,False,False,False,False,False,False,False,False,False,False,True,False,False,False,False,False,False,False,False,False,False,False,False,False,False,False,False,False,False,False,False,False,False,False,False,False,False,False,False
29,17,0,3,1,24,0,5,0,0,0,2,0,0,0.827586207,0.0,0.172413793,1,2,3.784897703,0,0,True,False,False,False,False,False,False,False,False,False,False,False,False,False,False,False,False,False,False,False,False,False,False,False,False,False,False,False,False,False,False,False,False,False,False,False,False,False,False,False,False,False,False,False,False,False,False,False,False,False,False
29,13,0,3,1,22,0,7,0,0,0,2,0,0,0.75862069,0.0,0.24137931,1,4,3.935398667,4,0,True,False,False,False,False,False,False,False,False,False,False,False,False,False,False,False,False,False,False,False,False,False,False,False,False,False,False,False,False,False,False,False,False,False,False,False,False,False,False,False,False,False,False,False,False,False,False,False,False,False,False
48,21,0,3,1,41,0,7,0,0,0,2,1,0,0.854166667,0.0,0.145833333,1,3,4.40726823,15,0,True,False,False,False,False,False,False,False,False,False,False,False,False,False,False,False,False,False,False,False,False,False,False,False,False,False,False,False,False,False,False,False,False,False,False,False,False,False,False,False,False,False,False,False,False,False,False,False,False,False,False
25,13,0,3,1,19,0,6,0,0,0,2,0,0,0.76,0.0,0.24,0,3,3.75326969,1,0,True,False,False,False,False,False,False,False,False,False,False,False,False,False,False,False,False,False,False,False,False,False,False,False,False,False,False,False,False,False,False,False,False,False,False,False,False,False,False,False,False,False,False,False,False,False,False,False,False,False,False
186,27,0,3,1,144,5,37,4,1,4,4,5,2,0.774193548,0.02688172,0.198924731,0,4,4.836618704,27,120,True,False,False,False,False,False,False,False,False,False,False,False,False,False,False,False,False,False,False,False,False,False,False,False,False,False,False,False,False,False,False,False,False,False,False,False,False,False,False,False,False,False,False,False,False,False,False,False,False,False,False
23,10,0,5,1,16,0,7,0,0,0,3,0,0,0.695652174,0.0,0.304347826,1,3,3.642489673,1,0,False,False,False,False,False,False,False,False,False,False,False,False,False,False,False,False,False,False,False,False,False,False,False,False,False,False,False,False,False,False,False,False,False,False,False,False,False,False,False,False,False,False,False,False,False,False,False,False,False,False,True
17,9,0,3,0,12,0,5,0,0,0,1,0,0,0.705882353,0.0,0.294117647,0,3,3.528064312,1,0,False,True,False,False,False,False,False,False,False,False,False,False,False,False,False,False,False,False,False,False,False,False,False,False,False,False,False,False,False,False,False,False,False,False,False,False,False,False,False,False,False,False,False,False,False,False,False,False,False,False,False
27,11,0,2,1,19,0,8,0,0,0,2,1,0,0.703703704,0.0,0.296296296,1,4,3.838039817,4,0,False,False,False,True,False,False,False,False,False,False,False,False,False,False,False,False,False,False,False,False,False,False,False,False,False,False,False,False,False,False,False,False,False,False,False,False,False,False,False,False,False,False,False,False,False,False,False,False,False,False,False
33,20,0,3,1,27,0,6,0,0,0,2,0,0,0.818181818,0.0,0.181818182,1,3,4.043801695,1,0,True,False,False,False,False,False,False,False,False,False,False,False,False,False,False,False,False,False,False,False,False,False,False,False,False,False,False,False,False,False,False,False,False,False,False,False,False,False,False,False,False,False,False,False,False,False,False,False,False,False,False
24,10,0,6,1,18,0,6,0,0,0,3,0,0,0.75,0.0,0.25,0,2,3.740601563,0,0,False,False,False,False,False,False,False,False,False,False,False,False,False,False,False,False,False,False,False,False,False,False,False,False,True,False,False,False,False,False,False,False,False,False,False,False,False,False,False,False,False,False,False,False,False,False,False,False,False,False,False
30,12,0,2,1,23,0,7,0,0,0,2,0,0,0.766666667,0.0,0.233333333,1,4,4.015061012,6,0,False,False,False,False,False,False,False,False,False,False,False,False,False,False,False,False,False,False,False,False,False,False,False,True,False,False,False,False,False,False,False,False,False,False,False,False,False,False,False,False,False,False,False,False,False,False,False,False,False,False,False
30,13,0,6,2,22,0,8,0,0,0,4,0,0,0.733333333,0.0,0.266666667,0,3,3.789898095,1,0,False,False,False,False,False,False,False,False,False,False,False,False,False,False,False,False,False,False,False,False,False,False,False,False,False,False,False,False,False,False,False,False,False,False,False,False,False,False,False,False,False,False,False,False,False,False,False,False,False,False,True
17,6,0,2,1,12,0,5,0,0,0,2,0,0,0.705882353,0.0,0.294117647,0,2,3.337175341,0,0,False,False,False,False,False,False,False,False,False,False,False,False,False,False,False,False,False,False,False,False,False,False,False,False,False,False,False,False,False,False,False,False,False,False,False,False,False,False,False,False,False,False,False,False,False,False,False,False,False,False,True
32,13,0,6,1,25,0,7,0,0,0,3,0,0,0.78125,0.0,0.21875,0,3,3.902518266,1,0,False,False,False,False,False,False,False,False,False,False,False,False,False,False,False,False,False,False,False,False,False,False,False,False,False,False,False,False,False,False,False,False,False,False,False,False,False,False,False,False,False,False,False,False,False,False,False,False,False,False,True
22,10,0,3,1,16,0,6,0,0,0,2,0,0,0.727272727,0.0,0.272727273,0,3,3.538310596,1,0,False,False,True,False,False,False,False,False,False,False,False,False,False,False,False,False,False,False,False,False,False,False,False,False,False,False,False,False,False,False,False,False,False,False,False,False,False,False,False,False,False,False,False,False,False,False,False,False,False,False,False
22,9,0,3,1,16,0,6,0,0,0,2,0,0,0.727272727,0.0,0.272727273,1,3,3.754441846,1,0,False,True,False,False,False,False,False,False,False,False,False,False,False,False,False,False,False,False,False,False,False,False,False,False,False,False,False,False,False,False,False,False,False,False,False,False,False,False,False,False,False,False,False,False,False,False,False,False,False,False,False
32,24,0,3,0,27,0,5,0,0,0,1,0,0,0.84375,0.0,0.15625,0,3,3.792837797,1,0,True,False,False,False,False,False,False,False,False,False,False,False,False,False,False,False,False,False,False,False,False,False,False,False,False,False,False,False,False,False,False,False,False,False,False,False,False,False,False,False,False,False,False,False,False,False,False,False,False,False,False
21,10,0,2,1,16,0,5,0,0,0,2,0,0,0.761904762,0.0,0.238095238,0,2,3.427333494,0,0,False,False,False,False,False,False,False,False,False,False,False,False,False,False,False,False,False,False,False,False,False,False,False,False,False,False,False,False,False,False,False,False,False,False,False,False,True,False,False,False,False,False,False,False,False,False,False,False,False,False,False
33,20,0,3,1,27,0,6,0,0,0,2,0,0,0.818181818,0.0,0.181818182,1,3,4.066677074,1,0,False,False,False,False,False,False,False,False,True,False,False,False,False,False,False,False,False,False,False,False,False,False,False,False,False,False,False,False,False,False,False,False,False,False,False,False,False,False,False,False,False,False,False,False,False,False,False,False,False,False,False
33,13,0,5,1,24,0,9,0,0,0,3,1,0,0.727272727,0.0,0.272727273,0,4,4.127283134,9,0,False,False,False,False,False,False,False,False,False,False,False,False,False,False,False,True,False,False,False,False,False,False,False,False,False,False,False,False,False,False,False,False,False,False,False,False,False,False,False,False,False,False,False,False,False,False,False,False,False,False,False
16,8,0,3,0,11,0,5,0,0,0,1,0,0,0.6875,0.0,0.3125,0,3,3.577819531,1,0,False,True,False,False,False,False,False,False,False,False,False,False,False,False,False,False,False,False,False,False,False,False,False,False,False,False,False,False,False,False,False,False,False,False,False,False,False,False,False,False,False,False,False,False,False,False,False,False,False,False,False
25,7,0,3,1,16,1,8,0,0,0,2,1,0,0.64,0.04,0.32,0,4,3.97366069,7,0,True,False,False,False,False,False,False,False,False,False,False,False,False,False,False,False,False,False,False,False,False,False,False,False,False,False,False,False,False,False,False,False,False,False,False,False,False,False,False,False,False,False,False,False,False,False,False,False,False,False,False
21,8,0,3,1,15,0,6,0,0,0,2,0,0,0.714285714,0.0,0.285714286,1,3,3.748994804,1,0,False,True,False,False,False,False,False,False,False,False,False,False,False,False,False,False,False,False,False,False,False,False,False,False,False,False,False,False,False,False,False,False,False,False,False,False,False,False,False,False,False,False,False,False,False,False,False,False,False,False,False
20,12,0,3,0,15,0,5,0,0,0,1,0,0,0.75,0.0,0.25,0,3,3.68418372,1,0,True,False,False,False,False,False,False,False,False,False,False,False,False,False,False,False,False,False,False,False,False,False,False,False,False,False,False,False,False,False,False,False,False,False,False,False,False,False,False,False,False,False,False,False,False,False,False,False,False,False,False
31,19,0,3,1,25,0,6,0,0,0,2,0,0,0.806451613,0.0,0.193548387,0,3,3.885828069,1,0,False,False,True,False,False,False,False,False,False,False,False,False,False,False,False,False,False,False,False,False,False,False,False,False,False,False,False,False,False,False,False,False,False,False,False,False,False,False,False,False,False,False,False,False,False,False,False,False,False,False,False
18,10,0,3,0,14,0,4,0,0,0,1,0,0,0.777777778,0.0,0.222222222,1,2,3.836591668,0,0,True,False,False,False,False,False,False,False,False,False,False,False,False,False,False,False,False,False,False,False,False,False,False,False,False,False,False,False,False,False,False,False,False,False,False,False,False,False,False,False,False,False,False,False,False,False,False,False,False,False,False
22,6,0,2,0,14,3,5,0,0,0,1,0,0,0.636363636,0.136363636,0.227272727,1,3,3.936260028,8,0,False,False,False,False,False,False,False,False,False,False,False,False,False,False,False,False,False,False,False,False,False,True,False,False,False,False,False,False,False,False,False,False,False,False,False,False,False,False,False,False,False,False,False,False,False,False,False,False,False,False,False
28,9,0,2,1,21,0,7,0,0,0,2,0,0,0.75,0.0,0.25,0,4,3.9677201,8,0,False,False,False,False,False,True,False,False,False,False,False,False,False,False,False,False,False,False,False,False,False,False,False,False,False,False,False,False,False,False,False,False,False,False,False,False,False,False,False,False,False,False,False,False,False,False,False,False,False,False,False
32,17,0,2,1,24,0,8,0,0,0,2,1,0,0.75,0.0,0.25,0,4,3.866729297,4,0,False,False,False,False,False,True,False,False,False,False,False,False,False,False,False,False,False,False,False,False,False,False,False,False,False,False,False,False,False,False,False,False,False,False,False,False,False,False,False,False,False,False,False,False,False,False,False,False,False,False,False
36,10,0,4,1,22,6,8,0,0,0,2,1,0,0.611111111,0.166666667,0.222222222,1,4,4.294653474,10,0,False,False,False,False,False,False,False,False,False,False,False,False,False,False,False,False,False,False,False,False,False,False,False,False,False,False,False,False,False,False,False,False,False,False,False,False,False,False,False,False,False,False,False,False,False,False,False,False,False,False,True
28,20,0,3,0,23,0,5,0,0,0,1,0,0,0.821428571,0.0,0.178571429,0,3,3.770942422,1,0,True,False,False,False,False,False,False,False,False,False,False,False,False,False,False,False,False,False,False,False,False,False,False,False,False,False,False,False,False,False,False,False,False,False,False,False,False,False,False,False,False,False,False,False,False,False,False,False,False,False,False
59,9,0,2,1,49,0,10,0,0,0,2,2,0,0.830508475,0.0,0.169491525,1,5,4.041908152,38,0,False,False,False,False,True,False,False,False,False,False,False,False,False,False,False,False,False,False,False,False,False,False,False,False,False,False,False,False,False,False,False,False,False,False,False,False,False,False,False,False,False,False,False,False,False,False,False,False,False,False,False
92,10,0,2,1,71,4,17,0,0,0,2,5,0,0.77173913,0.043478261,0.184782609,1,5,4.350696914,67,0,False,False,False,False,False,False,False,False,False,False,False,False,False,False,False,False,False,False,False,False,False,False,False,False,False,False,False,False,False,False,False,False,False,False,False,False,False,False,False,False,False,False,False,False,False,False,False,False,False,False,True
21,8,0,3,1,15,0,6,0,0,0,2,0,0,0.714285714,0.0,0.285714286,1,3,3.522571589,1,0,False,False,False,False,False,False,False,False,True,False,False,False,False,False,False,False,False,False,False,False,False,False,False,False,False,False,False,False,False,False,False,False,False,False,False,False,False,False,False,False,False,False,False,False,False,False,False,False,False,False,False
21,9,0,3,1,15,0,6,0,0,0,2,0,0,0.714285714,0.0,0.285714286,0,3,3.522571589,1,0,False,True,False,False,False,False,False,False,False,False,False,False,False,False,False,False,False,False,False,False,False,False,False,False,False,False,False,False,False,False,False,False,False,False,False,False,False,False,False,False,False,False,False,False,False,False,False,False,False,False,False
33,10,0,3,1,27,0,6,0,0,0,2,0,0,0.818181818,0.0,0.181818182,1,3,3.998050937,1,0,True,False,False,False,False,False,False,False,False,False,False,False,False,False,False,False,False,False,False,False,False,False,False,False,False,False,False,False,False,False,False,False,False,False,False,False,False,False,False,False,False,False,False,False,False,False,False,False,False,False,False
33,10,0,3,1,27,0,6,0,0,0,2,0,0,0.818181818,0.0,0.181818182,1,3,4.210764574,1,0,True,False,False,False,False,False,False,False,False,False,False,False,False,False,False,False,False,False,False,False,False,False,False,False,False,False,False,False,False,False,False,False,False,False,False,False,False,False,False,False,False,False,False,False,False,False,False,False,False,False,False
26,14,0,2,1,18,1,7,0,0,0,2,1,0,0.692307692,0.038461538,0.269230769,0,3,3.921029622,1,0,False,False,False,False,True,False,False,False,False,False,False,False,False,False,False,False,False,False,False,False,False,False,False,False,False,False,False,False,False,False,False,False,False,False,False,False,False,False,False,False,False,False,False,False,False,False,False,False,False,False,False
28,18,0,2,0,23,0,5,0,0,0,1,0,0,0.821428571,0.0,0.178571429,0,3,3.869331261,3,0,False,False,False,False,False,False,False,False,False,False,True,False,False,False,False,False,False,False,False,False,False,False,False,False,False,False,False,False,False,False,False,False,False,False,False,False,False,False,False,False,False,False,False,False,False,False,False,False,False,False,False
19,11,0,5,0,14,0,5,0,0,0,2,0,0,0.736842105,0.0,0.263157895,1,2,3.366091329,0,0,False,False,False,False,False,False,False,False,False,False,False,False,False,False,False,False,False,False,False,False,False,False,False,False,False,False,False,False,False,False,False,False,False,False,False,True,False,False,False,False,False,False,False,False,False,False,False,False,False,False,False
25,7,0,2,2,18,0,7,0,0,0,3,0,0,0.72,0.0,0.28,0,3,3.803074189,1,0,False,False,False,False,False,False,True,False,False,False,False,False,False,False,False,False,False,False,False,False,False,False,False,False,False,False,False,False,False,False,False,False,False,False,False,False,False,False,False,False,False,False,False,False,False,False,False,False,False,False,False
39,13,0,6,1,33,0,6,0,0,0,3,0,0,0.846153846,0.0,0.153846154,1,2,4.08978195,0,0,False,False,False,False,False,False,False,False,False,False,False,False,False,False,False,False,False,False,False,False,False,False,False,False,False,False,False,False,False,False,False,False,False,False,False,False,False,False,False,False,False,False,False,False,False,False,False,False,False,False,True
23,11,0,2,1,16,0,7,0,0,0,2,1,0,0.695652174,0.0,0.304347826,0,3,3.642489673,1,0,False,False,False,False,True,False,False,False,False,False,False,False,False,False,False,False,False,False,False,False,False,False,False,False,False,False,False,False,False,False,False,False,False,False,False,False,False,False,False,False,False,False,False,False,False,False,False,False,False,False,False
93,13,0,6,1,75,0,18,0,0,0,3,8,0,0.806451613,0.0,0.193548387,0,6,4.262495537,69,0,False,False,False,False,False,False,False,False,False,False,False,False,False,False,False,False,False,False,True,False,False,False,False,False,False,False,False,False,False,False,False,False,False,False,False,False,False,False,False,False,False,False,False,False,False,False,False,False,False,False,False
33,22,0,3,1,28,0,5,0,0,0,2,0,0,0.848484848,0.0,0.151515152,0,2,3.714869787,0,0,True,False,False,False,False,False,False,False,False,False,False,False,False,False,False,False,False,False,False,False,False,False,False,False,False,False,False,False,False,False,False,False,False,False,False,False,False,False,False,False,False,False,False,False,False,False,False,False,False,False,False
25,11,0,6,1,19,0,6,0,0,0,3,0,0,0.76,0.0,0.24,1,2,3.59326969,0,0,False,False,False,False,False,False,False,False,False,False,False,False,False,False,False,False,False,False,False,False,False,False,False,False,False,False,False,False,False,False,False,False,False,False,False,False,False,False,False,False,False,False,False,False,False,False,False,False,False,False,True
101,8,0,3,2,84,0,17,0,0,0,3,7,0,0.831683168,0.0,0.168316832,1,6,4.209950162,77,0,False,False,False,False,False,False,False,True,False,False,False,False,False,False,False,False,False,False,False,False,False,False,False,False,False,False,False,False,False,False,False,False,False,False,False,False,False,False,False,False,False,False,False,False,False,False,False,False,False,False,False
22,7,0,2,0,15,2,5,0,0,0,1,0,0,0.681818182,0.090909091,0.227272727,1,3,4.061482187,7,0,False,False,False,True,False,False,False,False,False,False,False,False,False,False,False,False,False,False,False,False,False,False,False,False,False,False,False,False,False,False,False,False,False,False,False,False,False,False,False,False,False,False,False,False,False,False,False,False,False,False,False
39,11,0,2,1,30,0,9,1,1,0,3,0,0,0.769230769,0.0,0.230769231,0,3,4.336182988,12,4,False,False,False,False,False,True,False,False,False,False,False,False,False,False,False,False,False,False,False,False,False,False,False,False,False,False,False,False,False,False,False,False,False,False,False,False,False,False,False,False,False,False,False,False,False,False,False,False,False,False,False
43,11,0,2,1,33,0,10,1,1,0,2,0,0,0.76744186,0.0,0.23255814,0,5,4.153496012,1,19,False,False,False,False,False,False,False,False,False,False,False,False,False,False,False,False,False,False,False,False,True,False,False,False,False,False,False,False,False,False,False,False,False,False,False,False,False,False,False,False,False,False,False,False,False,False,False,False,False,False,False
91,12,0,2,1,76,0,15,0,0,0,2,0,4,0.835164835,0.0,0.164835165,1,8,4.236968235,67,0,False,False,False,True,False,False,False,False,False,False,False,False,False,False,False,False,False,False,False,False,False,False,False,False,False,False,False,False,False,False,False,False,False,False,False,False,False,False,False,False,False,False,False,False,False,False,False,False,False,False,False
143,17,0,3,1,123,0,20,1,1,0,4,0,0,0.86013986,0.0,0.13986014,1,12,4.409769017,83,30,True,False,False,False,False,False,False,False,False,False,False,False,False,False,False,False,False,False,False,False,False,False,False,False,False,False,False,False,False,False,False,False,False,False,False,False,False,False,False,False,False,False,False,False,False,False,False,False,False,False,False
53,9,0,2,1,42,0,11,0,0,0,2,0,0,0.79245283,0.0,0.20754717,0,8,4.093407427,33,0,False,False,False,True,False,False,False,False,False,False,False,False,False,False,False,False,False,False,False,False,False,False,False,False,False,False,False,False,False,False,False,False,False,False,False,False,False,False,False,False,False,False,False,False,False,False,False,False,False,False,False
39,10,0,6,1,30,0,9,0,0,0,3,0,0,0.769230769,0.0,0.230769231,0,5,3.760172899,18,0,False,False,False,False,False,False,False,False,False,False,False,False,False,False,False,False,False,False,True,False,False,False,False,False,False,False,False,False,False,False,False,False,False,False,False,False,False,False,False,False,False,False,False,False,False,False,False,False,False,False,False
32,18,0,6,1,25,0,7,0,0,0,3,0,0,0.78125,0.0,0.21875,0,3,3.991729297,3,0,False,False,False,False,False,False,False,False,False,False,False,False,False,False,False,False,False,False,False,False,False,False,False,False,False,False,False,False,False,False,False,False,False,False,False,False,False,False,False,False,False,False,False,False,False,False,False,False,False,False,True
21,12,0,6,0,14,0,7,0,0,0,1,2,0,0.666666667,0.0,0.333333333,1,3,3.522571589,1,0,False,False,False,False,False,False,False,False,False,False,False,False,False,False,False,False,False,False,False,False,False,False,False,False,False,False,False,False,False,False,False,False,False,False,False,False,False,False,False,False,False,False,False,False,False,False,False,False,False,False,True
25,13,0,3,1,19,0,6,0,0,0,2,0,0,0.76,0.0,0.24,1,3,3.70346519,1,0,True,False,False,False,False,False,False,False,False,False,False,False,False,False,False,False,False,False,False,False,False,False,False,False,False,False,False,False,False,False,False,False,False,False,False,False,False,False,False,False,False,False,False,False,False,False,False,False,False,False,False
20,12,0,3,0,15,0,5,0,0,0,1,0,0,0.75,0.0,0.25,0,3,3.446439345,1,0,True,False,False,False,False,False,False,False,False,False,False,False,False,False,False,False,False,False,False,False,False,False,False,False,False,False,False,False,False,False,False,False,False,False,False,False,False,False,False,False,False,False,False,False,False,False,False,False,False,False,False
27,10,0,3,1,21,0,6,0,0,0,2,0,0,0.777777778,0.0,0.222222222,0,3,4.004344446,5,0,False,False,False,False,False,False,False,True,False,False,False,False,False,False,False,False,False,False,False,False,False,False,False,False,False,False,False,False,False,False,False,False,False,False,False,False,False,False,False,False,False,False,False,False,False,False,False,False,False,False,False
35,21,0,6,1,28,0,7,0,0,0,3,0,0,0.8,0.0,0.2,0,3,4.050013374,3,0,False,False,False,False,False,False,False,False,False,False,False,False,False,False,False,False,False,False,False,False,False,False,False,False,False,False,False,False,False,False,False,False,False,False,False,False,False,False,False,False,False,False,False,False,False,False,False,False,False,False,True
23,11,0,5,1,16,0,7,0,0,0,3,0,0,0.695652174,0.0,0.304347826,0,3,3.402934238,1,0,False,False,False,False,False,False,False,False,False,False,False,False,False,False,False,True,False,False,False,False,False,False,False,False,False,False,False,False,False,False,False,False,False,False,False,False,False,False,False,False,False,False,False,False,False,False,False,False,False,False,False
29,17,0,3,1,23,0,6,0,0,0,2,0,0,0.793103448,0.0,0.206896552,0,3,3.745406426,1,0,False,True,False,False,False,False,False,False,False,False,False,False,False,False,False,False,False,False,False,False,False,False,False,False,False,False,False,False,False,False,False,False,False,False,False,False,False,False,False,False,False,False,False,False,False,False,False,False,False,False,False
23,11,0,3,1,17,0,6,0,0,0,2,0,0,0.739130435,0.0,0.260869565,0,3,3.762267391,1,0,True,False,False,False,False,False,False,False,False,False,False,False,False,False,False,False,False,False,False,False,False,False,False,False,False,False,False,False,False,False,False,False,False,False,False,False,False,False,False,False,False,False,False,False,False,False,False,False,False,False,False
43,16,0,3,2,30,6,7,0,0,0,3,0,0,0.697674419,0.139534884,0.162790698,1,3,4.396853999,1,0,True,False,False,False,False,False,False,False,False,False,False,False,False,False,False,False,False,False,False,False,False,False,False,False,False,False,False,False,False,False,False,False,False,False,False,False,False,False,False,False,False,False,False,False,False,False,False,False,False,False,False
26,18,0,3,0,20,1,5,0,0,0,1,0,0,0.769230769,0.038461538,0.192307692,0,3,3.891995487,1,0,False,True,False,False,False,False,False,False,False,False,False,False,False,False,False,False,False,False,False,False,False,False,False,False,False,False,False,False,False,False,False,False,False,False,False,False,False,False,False,False,False,False,False,False,False,False,False,False,False,False,False
29,17,0,2,1,21,0,8,0,0,0,2,2,0,0.724137931,0.0,0.275862069,0,3,3.952302978,1,0,False,False,False,False,True,False,False,False,False,False,False,False,False,False,False,False,False,False,False,False,False,False,False,False,False,False,False,False,False,False,False,False,False,False,False,False,False,False,False,False,False,False,False,False,False,False,False,False,False,False,False
23,11,0,6,1,16,0,7,0,0,0,3,0,0,0.695652174,0.0,0.304347826,0,3,3.522711956,1,0,False,False,False,False,False,False,False,False,False,False,False,False,False,False,False,False,False,False,False,False,False,False,False,False,False,False,False,False,False,False,False,False,False,False,False,False,False,False,False,False,False,False,False,False,False,False,False,False,False,False,True
26,11,0,6,1,21,0,5,0,0,0,2,0,0,0.807692308,0.0,0.192307692,1,2,3.87314068,0,0,False,False,False,False,False,False,False,False,False,False,False,False,False,False,False,False,False,False,False,False,False,False,False,False,False,False,False,False,False,False,False,False,False,False,False,False,False,False,False,False,False,False,False,False,False,False,False,False,False,False,True
42,16,0,11,2,32,0,10,0,0,0,4,0,1,0.761904762,0.0,0.238095238,0,4,3.984712292,8,0,False,False,False,False,False,False,False,False,False,False,False,False,False,False,False,False,False,False,False,False,False,False,False,False,False,False,False,False,False,False,False,False,False,False,False,False,False,False,False,False,False,False,False,False,False,False,False,False,False,False,True
33,20,0,4,1,26,0,7,0,0,0,2,1,0,0.787878788,0.0,0.212121212,1,3,4.006071013,1,0,False,False,False,False,False,False,False,False,False,False,False,False,False,False,False,False,False,False,False,False,False,False,False,False,False,False,False,False,False,False,False,False,False,False,False,False,False,False,False,False,False,False,False,False,False,False,False,False,False,False,True
22,10,0,3,1,16,0,6,0,0,0,2,0,0,0.727272727,0.0,0.272727273,0,3,3.845350937,1,0,True,False,False,False,False,False,False,False,False,False,False,False,False,False,False,False,False,False,False,False,False,False,False,False,False,False,False,False,False,False,False,False,False,False,False,False,False,False,False,False,False,False,False,False,False,False,False,False,False,False,False
55,20,0,9,2,43,0,12,0,0,0,5,0,0,0.781818182,0.0,0.218181818,0,6,4.322471878,17,0,False,False,False,False,False,False,False,False,False,False,False,False,False,False,False,False,False,False,False,False,False,False,False,False,False,False,False,False,False,False,False,False,False,False,False,False,False,False,False,False,False,False,False,False,False,False,False,False,False,False,True
24,11,0,6,1,17,0,7,0,0,0,3,0,0,0.708333333,0.0,0.291666667,1,3,3.65726823,1,0,False,False,False,False,False,False,False,False,False,False,False,False,False,False,False,False,False,False,False,False,False,False,False,False,False,False,False,False,False,False,False,False,False,False,False,False,False,False,False,False,False,True,False,False,False,False,False,False,False,False,False
64,20,0,2,1,54,0,10,0,0,0,3,3,0,0.84375,0.0,0.15625,1,3,4.388148195,32,0,False,False,False,True,False,False,False,False,False,False,False,False,False,False,False,False,False,False,False,False,False,False,False,False,False,False,False,False,False,False,False,False,False,False,False,False,False,False,False,False,False,False,False,False,False,False,False,False,False,False,False
27,18,0,3,0,22,0,5,0,0,0,1,0,0,0.814814815,0.0,0.185185185,1,3,3.838039817,1,0,True,False,False,False,False,False,False,False,False,False,False,False,False,False,False,False,False,False,False,False,False,False,False,False,False,False,False,False,False,False,False,False,False,False,False,False,False,False,False,False,False,False,False,False,False,False,False,False,False,False,False
40,28,0,3,1,34,0,6,0,0,0,2,0,0,0.85,0.0,0.15,0,3,4.187326145,1,0,False,True,False,False,False,False,False,False,False,False,False,False,False,False,False,False,False,False,False,False,False,False,False,False,False,False,False,False,False,False,False,False,False,False,False,False,False,False,False,False,False,False,False,False,False,False,False,False,False,False,False
22,14,0,3,0,17,0,5,0,0,0,1,0,0,0.772727273,0.0,0.227272727,0,3,3.845350937,1,0,False,True,False,False,False,False,False,False,False,False,False,False,False,False,False,False,False,False,False,False,False,False,False,False,False,False,False,False,False,False,False,False,False,False,False,False,False,False,False,False,False,False,False,False,False,False,False,False,False,False,False
21,9,0,5,1,14,0,7,0,0,0,3,0,0,0.666666667,0.0,0.333333333,0,3,3.427333494,1,0,False,False,False,False,False,False,False,False,False,False,False,False,False,False,False,False,False,False,False,False,False,False,False,False,False,False,False,False,False,False,False,False,False,False,False,False,False,False,False,False,False,False,False,False,False,False,False,False,False,False,True
35,27,0,6,0,30,0,5,0,0,0,2,0,0,0.857142857,0.0,0.142857143,1,2,4.090296503,0,0,False,False,False,False,False,False,False,False,False,False,False,False,False,False,False,False,False,False,False,False,False,False,False,False,False,False,False,False,False,False,False,False,False,False,False,False,False,False,False,False,False,False,False,False,False,False,False,False,False,False,True
39,11,0,6,1,26,3,10,1,1,0,3,0,0,0.666666667,0.076923077,0.256410256,0,4,4.43874709,9,7,False,False,False,False,False,False,False,False,False,False,False,False,False,False,False,False,False,False,False,False,False,False,False,False,False,False,False,False,False,False,False,False,False,True,False,False,False,False,False,False,False,False,False,False,False,False,False,False,False,False,False
23,15,0,3,0,18,0,5,0,0,0,1,0,0,0.782608696,0.0,0.217391304,0,3,3.675310869,1,0,True,False,False,False,False,False,False,False,False,False,False,False,False,False,False,False,False,False,False,False,False,False,False,False,False,False,False,False,False,False,False,False,False,False,False,False,False,False,False,False,False,False,False,False,False,False,False,False,False,False,False
23,11,0,6,1,16,0,7,0,0,0,3,0,0,0.695652174,0.0,0.304347826,0,3,3.816402717,1,0,False,False,False,False,False,False,False,False,False,False,False,False,False,False,False,False,False,False,False,False,False,False,False,False,False,False,False,False,False,False,False,False,False,False,False,False,False,False,False,False,False,False,False,False,False,False,False,False,False,False,True
28,16,0,3,1,22,0,6,0,0,0,2,0,0,0.785714286,0.0,0.214285714,0,3,3.601125011,1,0,False,True,False,False,False,False,False,False,False,False,False,False,False,False,False,False,False,False,False,False,False,False,False,False,False,False,False,False,False,False,False,False,False,False,False,False,False,False,False,False,False,False,False,False,False,False,False,False,False,False,False
32,13,0,3,1,24,0,8,0,0,0,2,1,0,0.75,0.0,0.25,1,4,3.882048828,7,0,True,False,False,False,False,False,False,False,False,False,False,False,False,False,False,False,False,False,False,False,False,False,False,False,False,False,False,False,False,False,False,False,False,False,False,False,False,False,False,False,False,False,False,False,False,False,False,False,False,False,False
21,12,0,3,0,16,0,5,0,0,0,1,0,0,0.761904762,0.0,0.238095238,1,3,3.617809684,1,0,True,False,False,False,False,False,False,False,False,False,False,False,False,False,False,False,False,False,False,False,False,False,False,False,False,False,False,False,False,False,False,False,False,False,False,False,False,False,False,False,False,False,False,False,False,False,False,False,False,False,False
24,12,0,2,1,17,0,7,0,0,0,2,1,0,0.708333333,0.0,0.291666667,0,3,3.772055209,1,0,False,False,False,False,False,False,False,False,False,False,False,False,False,False,False,False,False,False,False,True,False,False,False,False,False,False,False,False,False,False,False,False,False,False,False,False,False,False,False,False,False,False,False,False,False,False,False,False,False,False,False
24,11,0,3,1,18,0,6,0,0,0,2,0,0,0.75,0.0,0.25,1,3,3.740601563,1,0,True,False,False,False,False,False,False,False,False,False,False,False,False,False,False,False,False,False,False,False,False,False,False,False,False,False,False,False,False,False,False,False,False,False,False,False,False,False,False,False,False,False,False,False,False,False,False,False,False,False,False
45,10,0,3,1,39,0,6,0,0,0,2,0,0,0.866666667,0.0,0.133333333,1,3,4.172206919,1,0,True,False,False,False,False,False,False,False,False,False,False,False,False,False,False,False,False,False,False,False,False,False,False,False,False,False,False,False,False,False,False,False,False,False,False,False,False,False,False,False,False,False,False,False,False,False,False,False,False,False,False
22,10,0,5,1,15,0,7,0,0,0,3,0,0,0.681818182,0.0,0.318181818,0,3,3.503997527,1,0,False,False,False,False,False,False,False,False,False,False,False,False,False,False,False,False,False,False,False,False,False,False,False,False,False,False,False,False,False,False,False,False,False,False,False,False,False,False,False,False,False,False,False,False,False,False,False,False,False,False,True
22,9,0,3,1,16,0,6,0,0,0,2,0,0,0.727272727,0.0,0.272727273,1,3,3.754441846,1,0,False,True,False,False,False,False,False,False,False,False,False,False,False,False,False,False,False,False,False,False,False,False,False,False,False,False,False,False,False,False,False,False,False,False,False,False,False,False,False,False,False,False,False,False,False,False,False,False,False,False,False
21,9,0,2,1,15,0,6,0,0,0,2,0,0,0.714285714,0.0,0.285714286,0,3,3.617809684,1,0,False,False,False,False,False,False,False,False,False,False,True,False,False,False,False,False,False,False,False,False,False,False,False,False,False,False,False,False,False,False,False,False,False,False,False,False,False,False,False,False,False,False,False,False,False,False,False,False,False,False,False
20,9,0,2,1,14,0,6,0,0,0,2,0,0,0.7,0.0,0.3,0,3,3.58418372,1,0,False,False,False,False,False,False,False,False,False,False,False,False,False,False,False,False,True,False,False,False,False,False,False,False,False,False,False,False,False,False,False,False,False,False,False,False,False,False,False,False,False,False,False,False,False,False,False,False,False,False,False
21,9,0,3,1,15,0,6,0,0,0,2,0,0,0.714285714,0.0,0.285714286,0,3,3.522571589,1,0,True,False,False,False,False,False,False,False,False,False,False,False,False,False,False,False,False,False,False,False,False,False,False,False,False,False,False,False,False,False,False,False,False,False,False,False,False,False,False,False,False,False,False,False,False,False,False,False,False,False,False
30,9,0,5,1,22,0,8,0,0,0,4,0,0,0.733333333,0.0,0.266666667,0,3,3.989898095,10,0,False,False,False,False,False,False,False,False,False,False,False,False,False,False,False,False,False,False,False,False,False,False,False,False,False,False,False,False,False,False,False,False,False,False,False,False,False,False,False,False,False,False,False,False,False,False,False,False,False,False,True
20,8,0,2,1,14,0,6,0,0,0,2,0,0,0.7,0.0,0.3,0,3,3.346439345,1,0,False,False,False,False,False,False,False,False,False,False,False,False,True,False,False,False,False,False,False,False,False,False,False,False,False,False,False,False,False,False,False,False,False,False,False,False,False,False,False,False,False,False,False,False,False,False,False,False,False,False,False
28,16,0,3,1,22,0,6,0,0,0,2,0,0,0.785714286,0.0,0.214285714,0,3,3.743982154,1,0,True,False,False,False,False,False,False,False,False,False,False,False,False,False,False,False,False,False,False,False,False,False,False,False,False,False,False,False,False,False,False,False,False,False,False,False,False,False,False,False,False,False,False,False,False,False,False,False,False,False,False
22,13,0,3,0,17,0,5,0,0,0,1,0,0,0.772727273,0.0,0.227272727,1,3,3.879664005,1,0,True,False,False,False,False,False,False,False,False,False,False,False,False,False,False,False,False,False,False,False,False,False,False,False,False,False,False,False,False,False,False,False,False,False,False,False,False,False,False,False,False,False,False,False,False,False,False,False,False,False,False
22,6,0,2,0,15,2,5,0,0,0,1,0,0,0.681818182,0.090909091,0.227272727,1,3,3.936260028,8,0,False,False,False,False,False,False,False,False,False,False,False,False,False,False,False,False,False,False,False,False,False,True,False,False,False,False,False,False,False,False,False,False,False,False,False,False,False,False,False,False,False,False,False,False,False,False,False,False,False,False,False
55,14,0,5,0,45,0,10,1,1,0,2,0,0,0.818181818,0.0,0.181818182,1,4,4.582884314,18,14,False,False,False,False,False,False,False,False,False,False,False,False,False,False,False,False,False,False,False,False,False,False,False,False,False,False,False,False,False,False,False,False,False,False,False,False,False,False,False,False,False,False,False,False,False,False,False,False,False,False,True
31,18,0,3,1,25,0,6,0,0,0,2,0,0,0.806451613,0.0,0.193548387,1,3,3.913400746,1,0,True,False,False,False,False,False,False,False,False,False,False,False,False,False,False,False,False,False,False,False,False,False,False,False,False,False,False,False,False,False,False,False,False,False,False,False,False,False,False,False,False,False,False,False,False,False,False,False,False,False,False
25,13,0,3,1,19,0,6,0,0,0,2,0,0,0.76,0.0,0.24,0,3,3.78346519,1,0,True,False,False,False,False,False,False,False,False,False,False,False,False,False,False,False,False,False,False,False,False,False,False,False,False,False,False,False,False,False,False,False,False,False,False,False,False,False,False,False,False,False,False,False,False,False,False,False,False,False,False
28,11,0,3,1,21,0,7,0,0,0,2,0,0,0.75,0.0,0.25,0,4,3.726474118,6,0,False,True,False,False,False,False,False,False,False,False,False,False,False,False,False,False,False,False,False,False,False,False,False,False,False,False,False,False,False,False,False,False,False,False,False,False,False,False,False,False,False,False,False,False,False,False,False,False,False,False,False
38,10,0,3,1,27,3,8,0,0,0,2,1,0,0.710526316,0.078947368,0.210526316,0,4,4.280693632,4,0,False,False,False,False,False,False,False,False,False,False,False,False,False,False,False,False,False,False,False,False,False,False,False,False,False,False,False,False,False,False,False,False,False,False,False,False,False,False,False,False,False,False,False,False,False,False,False,False,False,False,True
20,9,0,6,1,14,0,6,0,0,0,3,0,0,0.7,0.0,0.3,0,2,3.446439345,0,0,False,False,False,False,False,False,False,False,False,False,False,False,False,False,False,False,False,False,False,False,False,False,False,False,False,False,False,False,False,False,False,False,False,False,False,False,False,False,False,False,False,False,False,False,False,False,False,False,False,False,True
32,10,0,2,1,22,2,8,0,0,0,2,0,0,0.6875,0.0625,0.25,0,5,3.855337797,11,0,False,False,False,False,False,False,False,False,False,False,False,False,False,False,False,False,False,False,False,False,False,False,False,False,False,False,False,False,False,False,False,False,False,False,False,False,False,False,False,False,False,False,False,False,False,False,False,False,False,False,True
42,8,0,2,0,35,0,7,0,0,0,1,1,0,0.833333333,0.0,0.166666667,1,4,4.041625614,26,0,False,False,False,False,False,False,False,False,False,False,True,False,False,False,False,False,False,False,False,False,False,False,False,False,False,False,False,False,False,False,False,False,False,False,False,False,False,False,False,False,False,False,False,False,False,False,False,False,False,False,False
37,9,0,5,1,28,1,8,0,0,0,4,0,0,0.756756757,0.027027027,0.216216216,0,3,4.114066203,14,0,False,False,False,False,False,False,False,False,False,False,False,False,False,False,False,False,False,False,False,False,False,False,False,False,False,False,False,False,False,False,False,False,False,False,False,False,False,False,False,False,False,False,False,False,False,False,False,False,False,False,True
33,21,0,3,1,27,0,6,0,0,0,2,0,0,0.818181818,0.0,0.181818182,0,3,3.937444877,1,0,True,False,False,False,False,False,False,False,False,False,False,False,False,False,False,False,False,False,False,False,False,False,False,False,False,False,False,False,False,False,False,False,False,False,False,False,False,False,False,False,False,False,False,False,False,False,False,False,False,False,False
31,18,0,3,1,25,0,6,0,0,0,2,0,0,0.806451613,0.0,0.193548387,1,3,3.864698326,1,0,False,True,False,False,False,False,False,False,False,False,False,False,False,False,False,False,False,False,False,False,False,False,False,False,False,False,False,False,False,False,False,False,False,False,False,False,False,False,False,False,False,False,False,False,False,False,False,False,False,False,False
24,12,0,2,1,18,0,6,0,0,0,2,0,0,0.75,0.0,0.25,0,3,3.573934896,1,0,False,False,False,False,False,False,False,False,False,False,False,False,False,False,False,False,False,False,False,False,False,False,False,False,False,False,True,False,False,False,False,False,False,False,False,False,False,False,False,False,False,False,False,False,False,False,False,False,False,False,False
55,11,0,3,1,42,6,7,0,0,0,2,0,1,0.763636364,0.109090909,0.127272727,1,3,4.694551759,30,0,True,False,False,False,False,False,False,False,False,False,False,False,False,False,False,False,False,False,False,False,False,False,False,False,False,False,False,False,False,False,False,False,False,False,False,False,False,False,False,False,False,False,False,False,False,False,False,False,False,False,False
21,9,0,3,1,14,1,6,0,0,0,2,0,0,0.666666667,0.047619048,0.285714286,0,3,3.427333494,1,0,True,False,False,False,False,False,False,False,False,False,False,False,False,False,False,False,False,False,False,False,False,False,False,False,False,False,False,False,False,False,False,False,False,False,False,False,False,False,False,False,False,False,False,False,False,False,False,False,False,False,False
40,28,0,3,1,32,0,8,0,0,0,2,2,0,0.8,0.0,0.2,0,3,4.037326145,1,0,False,True,False,False,False,False,False,False,False,False,False,False,False,False,False,False,False,False,False,False,False,False,False,False,False,False,False,False,False,False,False,False,False,False,False,False,False,False,False,False,False,False,False,False,False,False,False,False,False,False,False
23,11,0,6,1,16,0,7,0,0,0,3,0,0,0.695652174,0.0,0.304347826,0,3,3.522711956,1,0,False,False,False,False,False,False,False,False,False,False,False,False,False,False,False,False,False,False,False,False,False,False,False,False,False,False,False,False,False,False,False,False,False,False,False,False,False,False,False,False,False,False,False,False,False,False,False,False,False,False,True
28,16,0,5,1,20,0,8,0,0,0,3,1,0,0.714285714,0.0,0.285714286,0,3,3.770942422,1,0,False,False,False,False,False,False,False,False,False,False,False,False,False,False,False,False,False,False,False,False,False,False,False,False,False,False,False,False,False,False,False,False,False,False,False,False,False,False,False,False,False,False,False,False,False,False,False,False,False,False,True
22,10,0,3,1,16,0,6,0,0,0,2,0,0,0.727272727,0.0,0.272727273,0,3,3.606936732,1,0,True,False,False,False,False,False,False,False,False,False,False,False,False,False,False,False,False,False,False,False,False,False,False,False,False,False,False,False,False,False,False,False,False,False,False,False,False,False,False,False,False,False,False,False,False,False,False,False,False,False,False
22,10,0,3,1,16,0,6,0,0,0,2,0,0,0.727272727,0.0,0.272727273,0,3,3.754441846,1,0,False,False,True,False,False,False,False,False,False,False,False,False,False,False,False,False,False,False,False,False,False,False,False,False,False,False,False,False,False,False,False,False,False,False,False,False,False,False,False,False,False,False,False,False,False,False,False,False,False,False,False
21,9,0,5,1,14,0,7,0,0,0,3,0,0,0.666666667,0.0,0.333333333,0,3,3.522571589,1,0,False,False,False,False,False,False,False,False,False,False,False,False,False,False,False,False,False,False,False,False,False,False,False,False,False,False,False,False,False,True,False,False,False,False,False,False,False,False,False,False,False,False,False,False,False,False,False,False,False,False,False
35,22,0,5,1,28,0,7,0,0,0,3,0,0,0.8,0.0,0.2,1,3,3.935727659,1,0,False,False,False,False,False,False,False,False,False,False,False,False,False,False,True,False,False,False,False,False,False,False,False,False,False,False,False,False,False,False,False,False,False,False,False,False,False,False,False,False,False,False,False,False,False,False,False,False,False,False,False
21,6,0,2,0,15,0,6,0,0,0,1,1,0,0.714285714,0.0,0.285714286,1,3,3.784941827,7,0,False,False,False,False,False,False,False,False,False,False,False,False,False,False,False,False,False,False,False,False,False,False,False,False,False,False,False,False,False,False,False,False,False,False,False,False,False,False,False,False,False,False,False,False,False,False,False,False,False,False,True
33,21,0,3,1,27,0,6,0,0,0,2,0,0,0.818181818,0.0,0.181818182,0,3,3.861983513,1,0,False,True,False,False,False,False,False,False,False,False,False,False,False,False,False,False,False,False,False,False,False,False,False,False,False,False,False,False,False,False,False,False,False,False,False,False,False,False,False,False,False,False,False,False,False,False,False,False,False,False,False
23,11,0,3,1,17,0,6,0,0,0,2,0,0,0.739130435,0.0,0.260869565,0,3,3.762267391,1,0,False,True,False,False,False,False,False,False,False,False,False,False,False,False,False,False,False,False,False,False,False,False,False,False,False,False,False,False,False,False,False,False,False,False,False,False,False,False,False,False,False,False,False,False,False,False,False,False,False,False,False
19,10,0,2,0,12,2,5,0,0,0,1,0,0,0.631578947,0.105263158,0.263157895,1,3,3.787143961,1,0,False,False,False,False,False,False,True,False,False,False,False,False,False,False,False,False,False,False,False,False,False,False,False,False,False,False,False,False,False,False,False,False,False,False,False,False,False,False,False,False,False,False,False,False,False,False,False,False,False,False,False
23,6,0,2,1,16,1,6,0,0,0,2,0,0,0.695652174,0.043478261,0.260869565,1,3,3.936180434,7,0,False,False,False,False,False,False,False,False,False,False,False,False,False,False,False,False,False,False,False,False,False,False,False,False,False,False,False,False,False,False,False,False,False,False,False,False,False,False,True,False,False,False,False,False,False,False,False,False,False,False,False
23,10,0,6,1,16,0,7,0,0,0,3,0,0,0.695652174,0.0,0.304347826,1,3,3.729446195,1,0,False,False,False,False,False,False,False,False,False,False,False,False,False,False,False,False,False,False,False,False,False,False,False,False,False,False,False,False,False,False,False,False,False,False,False,False,False,False,False,False,False,True,False,False,False,False,False,False,False,False,False
41,15,0,3,1,35,0,6,0,0,0,2,0,0,0.853658537,0.0,0.146341463,1,3,4.2595142,1,0,True,False,False,False,False,False,False,False,False,False,False,False,False,False,False,False,False,False,False,False,False,False,False,False,False,False,False,False,False,False,False,False,False,False,False,False,False,False,False,False,False,False,False,False,False,False,False,False,False,False,False
26,18,0,5,0,21,0,5,0,0,0,2,0,0,0.807692308,0.0,0.192307692,1,2,3.609496334,0,0,False,False,False,False,False,False,False,False,False,False,False,False,False,False,False,False,False,False,False,False,False,False,False,False,False,False,False,False,False,False,False,False,False,False,False,False,False,False,False,False,False,False,False,False,False,False,False,False,False,False,True
32,20,0,5,1,25,0,7,0,0,0,3,0,0,0.78125,0.0,0.21875,0,3,4.054229297,1,0,False,False,False,False,False,False,False,False,False,False,False,False,False,False,False,False,False,False,False,False,False,False,False,False,False,False,False,False,False,False,False,False,False,False,False,False,False,False,False,False,False,False,False,False,False,False,False,False,False,False,True
24,12,0,3,1,18,0,6,0,0,0,2,0,0,0.75,0.0,0.25,0,3,3.855388542,1,0,True,False,False,False,False,False,False,False,False,False,False,False,False,False,False,False,False,False,False,False,False,False,False,False,False,False,False,False,False,False,False,False,False,False,False,False,False,False,False,False,False,False,False,False,False,False,False,False,False,False,False
26,17,0,3,0,21,0,5,0,0,0,1,0,0,0.807692308,0.0,0.192307692,1,3,3.661226256,1,0,True,False,False,False,False,False,False,False,False,False,False,False,False,False,False,False,False,False,False,False,False,False,False,False,False,False,False,False,False,False,False,False,False,False,False,False,False,False,False,False,False,False,False,False,False,False,False,False,False,False,False
33,20,0,3,1,27,0,6,0,0,0,2,0,0,0.818181818,0.0,0.181818182,1,3,3.907734271,1,0,False,True,False,False,False,False,False,False,False,False,False,False,False,False,False,False,False,False,False,False,False,False,False,False,False,False,False,False,False,False,False,False,False,False,False,False,False,False,False,False,False,False,False,False,False,False,False,False,False,False,False
37,22,0,2,1,29,0,8,0,0,0,2,1,0,0.783783784,0.0,0.216216216,0,4,4.033513501,4,0,False,False,False,True,False,False,False,False,False,False,False,False,False,False,False,False,False,False,False,False,False,False,False,False,False,False,False,False,False,False,False,False,False,False,False,False,False,False,False,False,False,False,False,False,False,False,False,False,False,False,False
31,13,0,2,1,25,0,6,0,0,0,2,0,0,0.806451613,0.0,0.193548387,0,3,4.155651552,7,0,False,False,False,False,False,False,False,False,False,False,False,False,False,False,False,False,False,False,False,False,False,False,False,False,False,False,False,False,False,False,False,False,False,False,False,False,False,False,False,False,False,False,False,True,False,False,False,False,False,False,False
25,13,0,3,1,18,1,6,0,0,0,2,0,0,0.72,0.04,0.24,0,3,3.86346519,1,0,True,False,False,False,False,False,False,False,False,False,False,False,False,False,False,False,False,False,False,False,False,False,False,False,False,False,False,False,False,False,False,False,False,False,False,False,False,False,False,False,False,False,False,False,False,False,False,False,False,False,False
30,18,0,2,1,22,1,7,0,0,0,2,1,0,0.733333333,0.033333333,0.233333333,0,3,4.164735179,1,0,False,False,False,False,False,True,False,False,False,False,False,False,False,False,False,False,False,False,False,False,False,False,False,False,False,False,False,False,False,False,False,False,False,False,False,False,False,False,False,False,False,False,False,False,False,False,False,False,False,False,False
21,8,0,2,1,15,0,6,0,0,0,2,0,0,0.714285714,0.0,0.285714286,1,3,3.558518613,1,0,False,False,False,False,False,False,False,False,False,False,False,False,False,False,False,False,False,False,False,False,False,False,False,False,False,False,False,False,False,False,False,False,False,False,False,False,False,False,False,False,True,False,False,False,False,False,False,False,False,False,False
29,17,0,2,1,23,0,6,0,0,0,2,0,0,0.793103448,0.0,0.206896552,0,3,3.80524565,1,0,False,False,False,False,False,False,False,False,False,False,False,False,False,False,False,False,False,False,False,False,False,False,False,False,False,False,False,False,False,False,True,False,False,False,False,False,False,False,False,False,False,False,False,False,False,False,False,False,False,False,False
47,18,0,6,1,38,0,9,0,0,0,3,2,0,0.808510638,0.0,0.191489362,1,3,4.123559469,17,0,False,False,False,False,False,False,False,False,False,False,False,False,False,False,False,False,False,False,True,False,False,False,False,False,False,False,False,False,False,False,False,False,False,False,False,False,False,False,False,False,False,False,False,False,False,False,False,False,False,False,False
45,13,0,3,1,37,0,8,0,0,0,2,2,0,0.822222222,0.0,0.177777778,1,3,4.159093797,1,0,False,False,False,False,False,False,False,False,False,False,False,False,False,False,False,False,False,False,False,False,False,False,False,False,False,False,False,False,False,False,False,False,True,False,False,False,False,False,False,False,False,False,False,False,False,False,False,False,False,False,False
30,18,0,3,1,24,0,6,0,0,0,2,0,0,0.8,0.0,0.2,0,3,4.072905595,1,0,False,True,False,False,False,False,False,False,False,False,False,False,False,False,False,False,False,False,False,False,False,False,False,False,False,False,False,False,False,False,False,False,False,False,False,False,False,False,False,False,False,False,False,False,False,False,False,False,False,False,False
28,12,0,3,1,21,0,7,0,0,0,2,0,0,0.75,0.0,0.25,1,4,4.06610894,4,0,True,False,False,False,False,False,False,False,False,False,False,False,False,False,False,False,False,False,False,False,False,False,False,False,False,False,False,False,False,False,False,False,False,False,False,False,False,False,False,False,False,False,False,False,False,False,False,False,False,False,False
42,9,0,3,1,33,0,9,0,0,0,3,0,0,0.785714286,0.0,0.214285714,0,5,3.583027402,22,0,True,False,False,False,False,False,False,False,False,False,False,False,False,False,False,False,False,False,False,False,False,False,False,False,False,False,False,False,False,False,False,False,False,False,False,False,False,False,False,False,False,False,False,False,False,False,False,False,False,False,False
21,9,0,3,1,15,0,6,0,0,0,2,0,0,0.714285714,0.0,0.285714286,0,3,3.558518613,1,0,False,True,False,False,False,False,False,False,False,False,False,False,False,False,False,False,False,False,False,False,False,False,False,False,False,False,False,False,False,False,False,False,False,False,False,False,False,False,False,False,False,False,False,False,False,False,False,False,False,False,False
57,20,0,3,0,49,0,8,0,0,0,2,0,0,0.859649123,0.0,0.140350877,1,5,4.205330366,29,0,True,False,False,False,False,False,False,False,False,False,False,False,False,False,False,False,False,False,False,False,False,False,False,False,False,False,False,False,False,False,False,False,False,False,False,False,False,False,False,False,False,False,False,False,False,False,False,False,False,False,False
19,7,0,3,1,13,0,6,0,0,0,2,0,0,0.684210526,0.0,0.315789474,0,3,3.391892645,1,0,False,True,False,False,False,False,False,False,False,False,False,False,False,False,False,False,False,False,False,False,False,False,False,False,False,False,False,False,False,False,False,False,False,False,False,False,False,False,False,False,False,False,False,False,False,False,False,False,False,False,False
29,13,0,6,1,21,0,8,0,0,0,3,0,0,0.724137931,0.0,0.275862069,1,4,3.676440909,4,0,False,False,False,False,False,False,False,False,False,False,False,False,False,False,False,False,False,False,False,False,False,False,False,False,False,False,False,False,False,False,False,False,False,False,False,False,False,False,False,False,False,False,False,False,False,False,False,False,False,False,True
28,20,0,3,0,23,0,5,0,0,0,1,0,0,0.821428571,0.0,0.178571429,0,3,3.726474118,1,0,False,True,False,False,False,False,False,False,False,False,False,False,False,False,False,False,False,False,False,False,False,False,False,False,False,False,False,False,False,False,False,False,False,False,False,False,False,False,False,False,False,False,False,False,False,False,False,False,False,False,False
17,6,0,2,1,12,0,5,0,0,0,2,0,0,0.705882353,0.0,0.294117647,0,2,3.175123135,0,0,False,False,False,False,False,False,True,False,False,False,False,False,False,False,False,False,False,False,False,False,False,False,False,False,False,False,False,False,False,False,False,False,False,False,False,False,False,False,False,False,False,False,False,False,False,False,False,False,False,False,False
29,12,0,3,2,22,0,7,0,0,0,3,0,0,0.75862069,0.0,0.24137931,0,3,3.693345219,1,0,False,False,False,False,False,False,False,True,False,False,False,False,False,False,False,False,False,False,False,False,False,False,False,False,False,False,False,False,False,False,False,False,False,False,False,False,False,False,False,False,False,False,False,False,False,False,False,False,False,False,False
22,10,0,3,1,16,0,6,0,0,0,2,0,0,0.727272727,0.0,0.272727273,0,3,3.516027641,1,0,False,True,False,False,False,False,False,False,False,False,False,False,False,False,False,False,False,False,False,False,False,False,False,False,False,False,False,False,False,False,False,False,False,False,False,False,False,False,False,False,False,False,False,False,False,False,False,False,False,False,False
40,6,0,3,0,31,0,9,0,0,0,1,4,0,0.775,0.0,0.225,1,3,3.943942708,26,0,False,False,False,False,False,False,False,False,False,False,False,False,False,False,False,False,False,False,False,False,False,False,False,False,False,False,False,False,False,False,False,False,False,False,False,False,False,False,False,False,False,False,False,False,False,False,False,False,False,False,True
22,10,0,3,1,16,0,6,0,0,0,2,0,0,0.727272727,0.0,0.272727273,0,3,3.572623664,1,0,True,False,False,False,False,False,False,False,False,False,False,False,False,False,False,False,False,False,False,False,False,False,False,False,False,False,False,False,False,False,False,False,False,False,False,False,False,False,False,False,False,False,False,False,False,False,False,False,False,False,False
23,10,0,3,1,17,0,6,0,0,0,2,0,0,0.739130435,0.0,0.260869565,1,3,3.555533151,1,0,True,False,False,False,False,False,False,False,False,False,False,False,False,False,False,False,False,False,False,False,False,False,False,False,False,False,False,False,False,False,False,False,False,False,False,False,False,False,False,False,False,False,False,False,False,False,False,False,False,False,False
31,18,0,3,1,25,0,6,0,0,0,2,0,0,0.806451613,0.0,0.193548387,1,3,3.953565665,1,0,False,True,False,False,False,False,False,False,False,False,False,False,False,False,False,False,False,False,False,False,False,False,False,False,False,False,False,False,False,False,False,False,False,False,False,False,False,False,False,False,False,False,False,False,False,False,False,False,False,False,False
25,17,0,3,0,20,0,5,0,0,0,1,0,0,0.8,0.0,0.2,0,3,3.643074189,1,0,True,False,False,False,False,False,False,False,False,False,False,False,False,False,False,False,False,False,False,False,False,False,False,False,False,False,False,False,False,False,False,False,False,False,False,False,False,False,False,False,False,False,False,False,False,False,False,False,False,False,False
22,9,0,2,1,16,0,6,0,0,0,2,0,0,0.727272727,0.0,0.272727273,1,3,3.356492414,1,0,False,False,False,False,False,False,False,False,False,False,False,False,False,False,False,False,False,False,False,False,False,False,False,False,False,False,False,False,False,False,False,False,False,False,False,False,False,False,False,False,False,False,False,False,False,False,False,False,False,False,True
25,13,0,6,1,18,0,7,0,0,0,3,0,0,0.72,0.0,0.28,0,3,3.723074189,1,0,False,False,False,False,False,False,False,False,False,False,False,False,False,False,False,False,False,False,False,False,False,False,False,False,False,False,False,False,False,False,False,False,False,False,False,False,False,False,False,False,False,False,False,False,False,False,False,False,False,False,True
38,9,0,2,1,29,0,9,1,1,0,3,0,0,0.763157895,0.0,0.236842105,0,3,4.023471592,10,7,False,False,False,False,False,False,False,False,False,False,False,False,True,False,False,False,False,False,False,False,False,False,False,False,False,False,False,False,False,False,False,False,False,False,False,False,False,False,False,False,False,False,False,False,False,False,False,False,False,False,False
28,13,0,2,1,21,0,7,0,0,0,2,0,0,0.75,0.0,0.25,0,4,3.655045547,4,0,False,False,False,False,False,False,False,False,False,False,False,False,False,False,False,False,False,True,False,False,False,False,False,False,False,False,False,False,False,False,False,False,False,False,False,False,False,False,False,False,False,False,False,False,False,False,False,False,False,False,False
20,8,0,3,1,14,0,6,0,0,0,2,0,0,0.7,0.0,0.3,0,3,3.446439345,1,0,False,True,False,False,False,False,False,False,False,False,False,False,False,False,False,False,False,False,False,False,False,False,False,False,False,False,False,False,False,False,False,False,False,False,False,False,False,False,False,False,False,False,False,False,False,False,False,False,False,False,False
29,21,0,6,0,24,0,5,0,0,0,2,0,0,0.827586207,0.0,0.172413793,1,2,3.952302978,0,0,False,False,False,False,False,False,False,False,False,False,False,False,False,False,False,False,False,False,False,False,False,False,False,False,False,False,False,False,False,False,False,False,False,False,False,False,False,False,False,False,False,False,False,False,False,False,False,False,False,False,True
17,6,0,2,1,12,0,5,0,0,0,2,0,0,0.705882353,0.0,0.294117647,0,2,3.337175341,0,0,False,False,False,False,False,False,False,False,False,False,False,False,False,False,False,False,False,False,False,False,False,False,False,False,False,False,False,False,False,False,False,False,False,False,False,False,False,False,False,False,True,False,False,False,False,False,False,False,False,False,False
25,13,0,3,1,19,0,6,0,0,0,2,0,0,0.76,0.0,0.24,0,3,3.57366069,1,0,False,False,True,False,False,False,False,False,False,False,False,False,False,False,False,False,False,False,False,False,False,False,False,False,False,False,False,False,False,False,False,False,False,False,False,False,False,False,False,False,False,False,False,False,False,False,False,False,False,False,False
22,10,0,6,1,15,0,7,0,0,0,3,0,0,0.681818182,0.0,0.318181818,0,3,3.629219687,1,0,False,False,False,False,False,False,False,False,False,False,False,False,False,False,False,False,False,False,False,False,False,False,False,False,True,False,False,False,False,False,False,False,False,False,False,False,False,False,False,False,False,False,False,False,False,False,False,False,False,False,False
23,11,0,6,1,16,0,7,0,0,0,3,0,0,0.695652174,0.0,0.304347826,0,3,3.311635739,1,0,False,False,False,False,False,False,False,False,False,False,False,False,False,False,False,False,False,False,False,False,False,False,False,False,False,False,False,False,False,False,False,False,False,False,False,False,False,False,False,False,False,False,False,False,False,False,False,False,False,False,True
56,10,0,3,1,42,2,12,0,1,0,5,0,1,0.75,0.035714286,0.214285714,1,4,4.496924958,7,24,True,False,False,False,False,False,False,False,False,False,False,False,False,False,False,False,False,False,False,False,False,False,False,False,False,False,False,False,False,False,False,False,False,False,False,False,False,False,False,False,False,False,False,False,False,False,False,False,False,False,False
27,14,0,6,1,20,0,7,0,0,0,3,0,0,0.740740741,0.0,0.259259259,1,3,3.754163428,1,0,False,False,False,False,False,False,False,False,False,False,False,False,False,True,False,False,False,False,False,False,False,False,False,False,False,False,False,False,False,False,False,False,False,False,False,False,False,False,False,False,False,False,False,False,False,False,False,False,False,False,False
22,9,0,3,1,16,0,6,0,0,0,2,0,0,0.727272727,0.0,0.272727273,1,3,3.629219687,1,0,True,False,False,False,False,False,False,False,False,False,False,False,False,False,False,False,False,False,False,False,False,False,False,False,False,False,False,False,False,False,False,False,False,False,False,False,False,False,False,False,False,False,False,False,False,False,False,False,False,False,False
22,7,0,2,0,17,0,5,0,0,0,1,0,0,0.772727273,0.0,0.227272727,1,3,3.970573096,7,0,False,False,False,True,False,False,False,False,False,False,False,False,False,False,False,False,False,False,False,False,False,False,False,False,False,False,False,False,False,False,False,False,False,False,False,False,False,False,False,False,False,False,False,False,False,False,False,False,False,False,False
31,19,0,3,1,25,0,6,0,0,0,2,0,0,0.806451613,0.0,0.193548387,0,3,3.848884617,1,0,False,True,False,False,False,False,False,False,False,False,False,False,False,False,False,False,False,False,False,False,False,False,False,False,False,False,False,False,False,False,False,False,False,False,False,False,False,False,False,False,False,False,False,False,False,False,False,False,False,False,False
18,6,0,2,1,12,0,6,0,0,0,2,0,0,0.666666667,0.0,0.333333333,0,3,3.016875696,1,0,False,False,False,False,False,False,False,False,False,False,True,False,False,False,False,False,False,False,False,False,False,False,False,False,False,False,False,False,False,False,False,False,False,False,False,False,False,False,False,False,False,False,False,False,False,False,False,False,False,False,False
26,14,0,3,1,20,0,6,0,0,0,2,0,0,0.769230769,0.0,0.230769231,0,3,3.719294526,1,0,False,True,False,False,False,False,False,False,False,False,False,False,False,False,False,False,False,False,False,False,False,False,False,False,False,False,False,False,False,False,False,False,False,False,False,False,False,False,False,False,False,False,False,False,False,False,False,False,False,False,False
39,16,0,3,1,31,2,6,0,0,0,2,0,0,0.794871795,0.051282051,0.153846154,1,3,4.02849068,1,0,True,False,False,False,False,False,False,False,False,False,False,False,False,False,False,False,False,False,False,False,False,False,False,False,False,False,False,False,False,False,False,False,False,False,False,False,False,False,False,False,False,False,False,False,False,False,False,False,False,False,False
36,23,0,3,1,29,0,7,0,0,0,2,1,0,0.805555556,0.0,0.194444444,1,3,4.083274571,1,0,True,False,False,False,False,False,False,False,False,False,False,False,False,False,False,False,False,False,False,False,False,False,False,False,False,False,False,False,False,False,False,False,False,False,False,False,False,False,False,False,False,False,False,False,False,False,False,False,False,False,False
21,8,0,2,1,15,0,6,0,0,0,2,0,0,0.714285714,0.0,0.285714286,1,3,3.427333494,1,0,False,False,False,False,False,False,False,False,False,False,False,False,False,False,False,False,False,True,False,False,False,False,False,False,False,False,False,False,False,False,False,False,False,False,False,False,False,False,False,False,False,False,False,False,False,False,False,False,False,False,False
21,8,0,2,1,15,0,6,0,0,0,2,0,0,0.714285714,0.0,0.285714286,1,3,3.39138647,1,0,False,False,False,False,False,False,False,False,False,False,False,False,False,False,False,False,False,False,False,False,False,False,False,False,False,False,False,False,False,False,False,False,False,False,False,False,False,False,False,False,False,False,False,False,False,False,False,False,False,False,True
17,6,0,2,1,12,0,5,0,0,0,2,0,0,0.705882353,0.0,0.294117647,0,2,3.175123135,0,0,False,False,False,False,False,False,False,False,False,False,False,False,False,False,False,False,False,False,False,False,False,False,False,False,False,False,False,False,False,False,False,False,False,False,False,False,False,False,False,False,False,False,False,False,False,False,False,False,False,False,True
26,17,0,3,0,21,0,5,0,0,0,1,0,0,0.807692308,0.0,0.192307692,1,3,3.902174814,1,0,True,False,False,False,False,False,False,False,False,False,False,False,False,False,False,False,False,False,False,False,False,False,False,False,False,False,False,False,False,False,False,False,False,False,False,False,False,False,False,False,False,False,False,False,False,False,False,False,False,False,False
22,10,0,5,1,15,0,7,0,0,0,3,0,0,0.681818182,0.0,0.318181818,0,3,3.594906618,1,0,False,False,False,False,False,False,False,False,False,False,False,False,False,False,False,False,False,False,False,False,False,False,False,False,False,False,False,False,True,False,False,False,False,False,False,False,False,False,False,False,False,False,False,False,False,False,False,False,False,False,False
33,21,0,3,1,27,0,6,0,0,0,2,0,0,0.818181818,0.0,0.181818182,0,3,4.066677074,1,0,False,True,False,False,False,False,False,False,False,False,False,False,False,False,False,False,False,False,False,False,False,False,False,False,False,False,False,False,False,False,False,False,False,False,False,False,False,False,False,False,False,False,False,False,False,False,False,False,False,False,False
25,14,0,2,1,20,0,5,0,0,0,2,0,0,0.8,0.0,0.2,0,2,3.94346519,0,0,False,False,False,False,False,True,False,False,False,False,False,False,False,False,False,False,False,False,False,False,False,False,False,False,False,False,False,False,False,False,False,False,False,False,False,False,False,False,False,False,False,False,False,False,False,False,False,False,False,False,False
24,8,0,3,1,18,0,6,0,0,0,2,0,0,0.75,0.0,0.25,1,3,3.688721876,4,0,False,True,False,False,False,False,False,False,False,False,False,False,False,False,False,False,False,False,False,False,False,False,False,False,False,False,False,False,False,False,False,False,False,False,False,False,False,False,False,False,False,False,False,False,False,False,False,False,False,False,False
28,7,0,2,1,21,0,7,0,0,0,3,0,0,0.75,0.0,0.25,0,3,3.770942422,10,0,False,False,False,False,False,True,False,False,False,False,False,False,False,False,False,False,False,False,False,False,False,False,False,False,False,False,False,False,False,False,False,False,False,False,False,False,False,False,False,False,False,False,False,False,False,False,False,False,False,False,False
22,9,0,3,1,16,0,6,0,0,0,2,0,0,0.727272727,0.0,0.272727273,1,3,3.538310596,1,0,True,False,False,False,False,False,False,False,False,False,False,False,False,False,False,False,False,False,False,False,False,False,False,False,False,False,False,False,False,False,False,False,False,False,False,False,False,False,False,False,False,False,False,False,False,False,False,False,False,False,False
27,14,0,3,1,21,0,6,0,0,0,2,0,0,0.777777778,0.0,0.222222222,1,3,3.736006946,1,0,False,True,False,False,False,False,False,False,False,False,False,False,False,False,False,False,False,False,False,False,False,False,False,False,False,False,False,False,False,False,False,False,False,False,False,False,False,False,False,False,False,False,False,False,False,False,False,False,False,False,False
21,9,0,3,1,15,0,6,0,0,0,2,0,0,0.714285714,0.0,0.285714286,0,3,3.558518613,1,0,True,False,False,False,False,False,False,False,False,False,False,False,False,False,False,False,False,False,False,False,False,False,False,False,False,False,False,False,False,False,False,False,False,False,False,False,False,False,False,False,False,False,False,False,False,False,False,False,False,False,False
25,10,0,6,2,17,0,8,0,0,0,4,0,0,0.68,0.0,0.32,0,3,3.65366069,1,0,False,False,False,False,False,False,False,False,False,False,False,False,False,False,False,False,False,False,False,False,False,False,False,False,False,False,False,False,False,False,False,False,False,False,False,False,False,False,False,False,False,False,False,False,False,False,False,False,False,False,True
42,11,0,6,1,33,0,9,0,0,0,3,0,0,0.785714286,0.0,0.214285714,1,5,3.955066757,19,0,False,False,False,False,False,False,False,False,False,False,False,False,False,False,False,False,False,False,True,False,False,False,False,False,False,False,False,False,False,False,False,False,False,False,False,False,False,False,False,False,False,False,False,False,False,False,False,False,False,False,False
20,8,0,3,1,15,0,5,0,0,0,2,0,0,0.75,0.0,0.25,1,2,3.58418372,0,0,True,False,False,False,False,False,False,False,False,False,False,False,False,False,False,False,False,False,False,False,False,False,False,False,False,False,False,False,False,False,False,False,False,False,False,False,False,False,False,False,False,False,False,False,False,False,False,False,False,False,False
46,9,0,2,0,36,0,10,1,0,0,1,0,0,0.782608696,0.0,0.217391304,1,7,4.088431251,29,0,False,False,False,False,False,False,False,False,False,False,False,False,False,False,False,False,True,False,False,False,False,False,False,False,False,False,False,False,False,False,False,False,False,False,False,False,False,False,False,False,False,False,False,False,False,False,False,False,False,False,False
37,10,0,3,1,31,0,6,0,0,0,2,0,0,0.837837838,0.0,0.162162162,1,3,4.195675663,1,0,True,False,False,False,False,False,False,False,False,False,False,False,False,False,False,False,False,False,False,False,False,False,False,False,False,False,False,False,False,False,False,False,False,False,False,False,False,False,False,False,False,False,False,False,False,False,False,False,False,False,False
26,14,0,6,1,19,0,7,0,0,0,3,0,0,0.730769231,0.0,0.269230769,0,3,3.921029622,1,0,False,False,False,False,False,False,False,False,False,False,False,False,False,False,False,False,False,False,False,False,False,False,False,False,False,True,False,False,False,False,False,False,False,False,False,False,False,False,False,False,False,False,False,False,False,False,False,False,False,False,False
18,6,0,2,1,11,1,6,0,0,0,2,0,0,0.611111111,0.055555556,0.333333333,0,3,3.26633264,1,0,False,False,False,False,False,False,False,False,False,False,False,True,False,False,False,False,False,False,False,False,False,False,False,False,False,False,False,False,False,False,False,False,False,False,False,False,False,False,False,False,False,False,False,False,False,False,False,False,False,False,False
30,13,0,2,1,22,0,8,0,0,0,2,1,0,0.733333333,0.0,0.266666667,1,4,3.989898095,5,0,False,False,False,False,True,False,False,False,False,False,False,False,False,False,False,False,False,False,False,False,False,False,False,False,False,False,False,False,False,False,False,False,False,False,False,False,False,False,False,False,False,False,False,False,False,False,False,False,False,False,False
34,21,0,3,1,27,0,7,0,0,0,2,1,0,0.794117647,0.0,0.205882353,1,3,4.094097032,1,0,True,False,False,False,False,False,False,False,False,False,False,False,False,False,False,False,False,False,False,False,False,False,False,False,False,False,False,False,False,False,False,False,False,False,False,False,False,False,False,False,False,False,False,False,False,False,False,False,False,False,False
29,7,0,2,3,22,0,7,0,0,0,4,0,0,0.75862069,0.0,0.24137931,0,2,3.371104599,0,0,False,False,False,False,False,False,False,False,False,False,False,False,False,False,False,False,False,False,False,False,False,False,False,False,False,False,True,False,False,False,False,False,False,False,False,False,False,False,False,False,False,False,False,False,False,False,False,False,False,False,False
22,9,0,5,1,15,0,7,0,0,0,3,0,0,0.681818182,0.0,0.318181818,1,3,3.538310596,1,0,False,False,False,False,False,False,False,False,False,False,False,False,False,False,False,False,False,False,False,False,False,False,False,False,False,False,False,False,False,False,False,False,False,False,False,False,False,False,False,False,False,False,False,False,False,False,False,False,False,False,True
28,7,0,3,1,21,0,7,0,0,0,2,0,0,0.75,0.0,0.25,0,4,3.923251797,10,0,True,False,False,False,False,False,False,False,False,False,False,False,False,False,False,False,False,False,False,False,False,False,False,False,False,False,False,False,False,False,False,False,False,False,False,False,False,False,False,False,False,False,False,False,False,False,False,False,False,False,False
38,26,0,3,1,32,0,6,0,0,0,2,0,0,0.842105263,0.0,0.157894737,0,3,4.233997908,1,0,False,True,False,False,False,False,False,False,False,False,False,False,False,False,False,False,False,False,False,False,False,False,False,False,False,False,False,False,False,False,False,False,False,False,False,False,False,False,False,False,False,False,False,False,False,False,False,False,False,False,False
18,10,0,3,0,13,0,5,0,0,0,1,0,0,0.722222222,0.0,0.277777778,0,3,3.419381946,1,0,False,True,False,False,False,False,False,False,False,False,False,False,False,False,False,False,False,False,False,False,False,False,False,False,False,False,False,False,False,False,False,False,False,False,False,False,False,False,False,False,False,False,False,False,False,False,False,False,False,False,False
46,8,0,3,1,36,0,10,0,0,0,2,0,0,0.782608696,0.0,0.217391304,0,7,3.900278598,27,0,False,False,False,False,False,False,False,True,False,False,False,False,False,False,False,False,False,False,False,False,False,False,False,False,False,False,False,False,False,False,False,False,False,False,False,False,False,False,False,False,False,False,False,False,False,False,False,False,False,False,False
18,10,0,2,0,13,0,5,0,0,0,1,0,0,0.722222222,0.0,0.277777778,0,3,3.308270835,1,0,False,False,False,False,False,False,True,False,False,False,False,False,False,False,False,False,False,False,False,False,False,False,False,False,False,False,False,False,False,False,False,False,False,False,False,False,False,False,False,False,False,False,False,False,False,False,False,False,False,False,False
23,11,0,6,1,17,0,6,0,0,0,3,0,0,0.739130435,0.0,0.260869565,1,2,3.555533151,0,0,False,False,False,False,False,False,False,False,False,False,False,False,False,False,False,False,False,False,False,False,False,False,False,False,False,False,False,False,False,False,False,False,False,False,False,False,False,False,False,False,False,False,False,False,False,False,False,False,False,False,True
23,14,0,2,0,18,0,5,0,0,0,1,0,0,0.782608696,0.0,0.217391304,1,3,3.642489673,1,0,False,False,False,False,False,False,False,False,False,False,False,False,False,False,False,False,False,False,False,False,False,False,False,False,False,False,False,False,False,False,False,False,False,False,False,False,False,False,False,False,False,False,False,False,False,False,False,False,False,True,False
29,17,0,3,1,24,0,5,0,0,0,2,0,0,0.827586207,0.0,0.172413793,1,2,4.047299098,0,0,False,True,False,False,False,False,False,False,False,False,False,False,False,False,False,False,False,False,False,False,False,False,False,False,False,False,False,False,False,False,False,False,False,False,False,False,False,False,False,False,False,False,False,False,False,False,False,False,False,False,False
19,7,0,2,1,13,0,6,0,0,0,2,0,0,0.684210526,0.0,0.315789474,0,3,3.536886724,1,0,False,False,False,False,False,False,False,False,False,False,False,False,False,False,False,False,False,False,False,False,False,False,True,False,False,False,False,False,False,False,False,False,False,False,False,False,False,False,False,False,False,False,False,False,False,False,False,False,False,False,False
30,9,0,3,1,23,0,7,0,0,0,3,0,0,0.766666667,0.0,0.233333333,0,3,4.098068512,10,0,False,True,False,False,False,False,False,False,False,False,False,False,False,False,False,False,False,False,False,False,False,False,False,False,False,False,False,False,False,False,False,False,False,False,False,False,False,False,False,False,False,False,False,False,False,False,False,False,False,False,False
20,7,0,3,1,14,0,6,0,0,0,2,0,0,0.7,0.0,0.3,1,3,3.546439345,1,0,False,False,True,False,False,False,False,False,False,False,False,False,False,False,False,False,False,False,False,False,False,False,False,False,False,False,False,False,False,False,False,False,False,False,False,False,False,False,False,False,False,False,False,False,False,False,False,False,False,False,False
33,21,0,5,1,24,0,9,0,0,0,3,2,0,0.727272727,0.0,0.272727273,0,3,3.816232755,1,0,False,False,False,False,False,False,False,False,False,False,False,False,False,False,False,False,False,False,False,False,False,False,False,False,False,False,False,False,False,False,False,False,False,False,False,False,False,False,False,False,False,False,False,False,False,False,False,False,False,False,True
30,18,0,2,1,23,0,7,0,0,0,2,1,0,0.766666667,0.0,0.233333333,0,3,3.923231429,1,0,False,False,False,True,False,False,False,False,False,False,False,False,False,False,False,False,False,False,False,False,False,False,False,False,False,False,False,False,False,False,False,False,False,False,False,False,False,False,False,False,False,False,False,False,False,False,False,False,False,False,False
27,18,0,2,0,22,0,5,0,0,0,1,0,0,0.814814815,0.0,0.185185185,1,3,3.782122224,1,0,False,False,False,True,False,False,False,False,False,False,False,False,False,False,False,False,False,False,False,False,False,False,False,False,False,False,False,False,False,False,False,False,False,False,False,False,False,False,False,False,False,False,False,False,False,False,False,False,False,False,False
32,13,0,5,1,23,0,9,0,0,0,3,1,0,0.71875,0.0,0.28125,0,4,4.054229297,8,0,False,False,False,False,False,False,False,False,False,False,False,False,False,False,False,False,False,False,False,False,False,False,False,False,False,False,False,False,False,False,False,False,False,False,False,False,False,False,False,False,False,False,False,False,False,False,False,False,False,False,True
23,10,0,3,1,16,1,6,0,0,0,2,0,0,0.695652174,0.043478261,0.260869565,0,3,3.882045108,1,0,True,False,False,False,False,False,False,False,False,False,False,False,False,False,False,False,False,False,False,False,False,False,False,False,False,False,False,False,False,False,False,False,False,False,False,False,False,False,False,False,False,False,False,False,False,False,False,False,False,False,False
26,12,0,3,1,20,0,6,0,0,0,2,0,0,0.769230769,0.0,0.230769231,0,3,3.950063756,1,0,False,False,False,False,False,False,False,True,False,False,False,False,False,False,False,False,False,False,False,False,False,False,False,False,False,False,False,False,False,False,False,False,False,False,False,False,False,False,False,False,False,False,False,False,False,False,False,False,False,False,False
20,8,0,3,1,14,0,6,0,0,0,2,0,0,0.7,0.0,0.3,0,3,3.346439345,1,0,False,False,True,False,False,False,False,False,False,False,False,False,False,False,False,False,False,False,False,False,False,False,False,False,False,False,False,False,False,False,False,False,False,False,False,False,False,False,False,False,False,False,False,False,False,False,False,False,False,False,False
28,16,0,3,1,22,0,6,0,0,0,2,0,0,0.785714286,0.0,0.214285714,0,3,3.940759833,1,0,False,True,False,False,False,False,False,False,False,False,False,False,False,False,False,False,False,False,False,False,False,False,False,False,False,False,False,False,False,False,False,False,False,False,False,False,False,False,False,False,False,False,False,False,False,False,False,False,False,False,False
27,15,0,3,1,21,0,6,0,0,0,2,0,0,0.777777778,0.0,0.222222222,0,3,3.736006946,1,0,False,False,True,False,False,False,False,False,False,False,False,False,False,False,False,False,False,False,False,False,False,False,False,False,False,False,False,False,False,False,False,False,False,False,False,False,False,False,False,False,False,False,False,False,False,False,False,False,False,False,False
25,12,0,5,1,17,0,8,0,0,0,3,1,0,0.68,0.0,0.32,1,3,3.91326969,1,0,False,False,False,False,False,False,False,False,False,False,False,False,False,False,False,True,False,False,False,False,False,False,False,False,False,False,False,False,False,False,False,False,False,False,False,False,False,False,False,False,False,False,False,False,False,False,False,False,False,False,False
18,9,0,3,0,13,0,5,0,0,0,1,0,0,0.722222222,0.0,0.277777778,1,3,3.572431251,1,0,False,True,False,False,False,False,False,False,False,False,False,False,False,False,False,False,False,False,False,False,False,False,False,False,False,False,False,False,False,False,False,False,False,False,False,False,False,False,False,False,False,False,False,False,False,False,False,False,False,False,False
32,9,0,3,1,24,0,8,0,0,0,2,2,0,0.75,0.0,0.25,1,3,4.116729297,1,0,False,False,False,False,False,False,False,False,False,True,False,False,False,False,False,False,False,False,False,False,False,False,False,False,False,False,False,False,False,False,False,False,False,False,False,False,False,False,False,False,False,False,False,False,False,False,False,False,False,False,False
20,12,0,3,0,15,0,5,0,0,0,1,0,0,0.75,0.0,0.25,0,3,3.78418372,1,0,True,False,False,False,False,False,False,False,False,False,False,False,False,False,False,False,False,False,False,False,False,False,False,False,False,False,False,False,False,False,False,False,False,False,False,False,False,False,False,False,False,False,False,False,False,False,False,False,False,False,False
26,14,0,5,1,20,0,6,0,0,0,3,0,0,0.769230769,0.0,0.230769231,1,2,3.87314068,0,0,False,False,False,False,False,False,False,False,False,False,False,False,False,False,False,False,False,False,False,False,False,False,False,False,False,False,False,False,False,False,False,False,False,False,False,False,False,False,False,False,False,False,False,False,False,False,False,False,False,False,True
27,15,0,3,1,21,0,6,0,0,0,2,0,0,0.777777778,0.0,0.222222222,0,3,3.574357762,1,0,False,True,False,False,False,False,False,False,False,False,False,False,False,False,False,False,False,False,False,False,False,False,False,False,False,False,False,False,False,False,False,False,False,False,False,False,False,False,False,False,False,False,False,False,False,False,False,False,False,False,False
23,15,0,5,0,18,0,5,0,0,0,2,0,0,0.782608696,0.0,0.217391304,1,2,3.675310869,0,0,False,False,False,False,False,False,False,False,False,False,False,False,False,False,False,False,False,False,False,False,False,False,False,False,False,False,False,False,False,False,False,False,False,False,False,False,False,False,False,False,False,False,False,False,False,False,False,False,False,False,True
22,10,0,3,1,16,0,6,0,0,0,2,0,0,0.727272727,0.0,0.272727273,0,3,3.629219687,1,0,True,False,False,False,False,False,False,False,False,False,False,False,False,False,False,False,False,False,False,False,False,False,False,False,False,False,False,False,False,False,False,False,False,False,False,False,False,False,False,False,False,False,False,False,False,False,False,False,False,False,False
17,9,0,3,0,12,0,5,0,0,0,1,0,0,0.705882353,0.0,0.294117647,0,3,3.690116518,1,0,False,True,False,False,False,False,False,False,False,False,False,False,False,False,False,False,False,False,False,False,False,False,False,False,False,False,False,False,False,False,False,False,False,False,False,False,False,False,False,False,False,False,False,False,False,False,False,False,False,False,False
27,15,0,5,1,20,0,7,0,0,0,3,0,0,0.740740741,0.0,0.259259259,0,3,3.828237502,1,0,False,False,False,False,False,False,False,False,False,False,False,False,False,False,False,False,False,False,False,False,False,False,False,False,False,False,False,False,False,False,False,False,False,False,False,False,False,False,False,False,False,False,False,False,False,False,False,False,False,False,True
53,8,0,2,0,44,0,9,0,0,0,1,2,0,0.830188679,0.0,0.169811321,0,5,4.050677945,38,0,False,False,False,False,False,False,False,False,False,False,False,False,False,False,False,False,False,False,False,False,True,False,False,False,False,False,False,False,False,False,False,False,False,False,False,False,False,False,False,False,False,False,False,False,False,False,False,False,False,False,False
20,7,0,3,1,14,0,6,0,0,0,2,0,0,0.7,0.0,0.3,1,3,3.546439345,1,0,False,True,False,False,False,False,False,False,False,False,False,False,False,False,False,False,False,False,False,False,False,False,False,False,False,False,False,False,False,False,False,False,False,False,False,False,False,False,False,False,False,False,False,False,False,False,False,False,False,False,False
27,10,0,3,0,21,0,6,0,0,0,2,0,0,0.777777778,0.0,0.222222222,0,3,3.856196298,10,0,True,False,False,False,False,False,False,False,False,False,False,False,False,False,False,False,False,False,False,False,False,False,False,False,False,False,False,False,False,False,False,False,False,False,False,False,False,False,False,False,False,False,False,False,False,False,False,False,False,False,False
23,11,0,3,1,17,0,6,0,0,0,2,0,0,0.739130435,0.0,0.260869565,0,3,3.849223912,1,0,False,False,True,False,False,False,False,False,False,False,False,False,False,False,False,False,False,False,False,False,False,False,False,False,False,False,False,False,False,False,False,False,False,False,False,False,False,False,False,False,False,False,False,False,False,False,False,False,False,False,False
30,17,0,3,1,24,0,6,0,0,0,2,0,0,0.8,0.0,0.2,1,3,3.723231429,1,0,True,False,False,False,False,False,False,False,False,False,False,False,False,False,False,False,False,False,False,False,False,False,False,False,False,False,False,False,False,False,False,False,False,False,False,False,False,False,False,False,False,False,False,False,False,False,False,False,False,False,False
22,10,0,3,1,16,0,6,0,0,0,2,0,0,0.727272727,0.0,0.272727273,0,3,3.629219687,1,0,False,False,True,False,False,False,False,False,False,False,False,False,False,False,False,False,False,False,False,False,False,False,False,False,False,False,False,False,False,False,False,False,False,False,False,False,False,False,False,False,False,False,False,False,False,False,False,False,False,False,False
23,10,0,3,1,17,0,6,0,0,0,2,0,0,0.739130435,0.0,0.260869565,1,3,3.729446195,1,0,True,False,False,False,False,False,False,False,False,False,False,False,False,False,False,False,False,False,False,False,False,False,False,False,False,False,False,False,False,False,False,False,False,False,False,False,False,False,False,False,False,False,False,False,False,False,False,False,False,False,False
75,12,0,6,0,61,0,14,0,0,0,2,0,1,0.813333333,0.0,0.186666667,0,9,4.474620191,56,0,False,False,False,False,False,False,False,False,False,False,False,False,False,False,False,False,False,False,False,False,False,False,False,False,False,False,False,False,False,False,False,False,False,False,False,False,False,False,False,False,False,False,False,False,False,False,False,False,False,False,True
22,10,0,3,1,16,0,6,0,0,0,2,0,0,0.727272727,0.0,0.272727273,0,3,3.572623664,1,0,True,False,False,False,False,False,False,False,False,False,False,False,False,False,False,False,False,False,False,False,False,False,False,False,False,False,False,False,False,False,False,False,False,False,False,False,False,False,False,False,False,False,False,False,False,False,False,False,False,False,False
21,9,0,2,1,15,0,6,0,0,0,2,0,0,0.714285714,0.0,0.285714286,0,3,3.748994804,1,0,False,False,False,False,False,True,False,False,False,False,False,False,False,False,False,False,False,False,False,False,False,False,False,False,False,False,False,False,False,False,False,False,False,False,False,False,False,False,False,False,False,False,False,False,False,False,False,False,False,False,False
34,16,0,3,0,28,0,6,0,0,0,1,0,0,0.823529412,0.0,0.176470588,1,4,4.043057694,10,0,True,False,False,False,False,False,False,False,False,False,False,False,False,False,False,False,False,False,False,False,False,False,False,False,False,False,False,False,False,False,False,False,False,False,False,False,False,False,False,False,False,False,False,False,False,False,False,False,False,False,False
44,21,0,3,1,30,7,7,0,0,0,2,2,0,0.681818182,0.159090909,0.159090909,0,2,4.399677289,0,0,False,False,False,False,False,False,False,False,False,False,False,False,False,False,False,False,False,False,False,False,False,False,False,False,False,False,False,False,False,False,False,False,False,False,False,False,False,False,False,False,False,False,False,False,False,False,False,False,False,False,True
33,21,0,6,1,27,0,6,0,0,0,3,0,0,0.818181818,0.0,0.181818182,1,2,3.778502074,0,0,False,False,False,False,False,False,False,False,False,False,False,False,False,False,False,False,False,False,False,False,False,False,False,False,False,True,False,False,False,False,False,False,False,False,False,False,False,False,False,False,False,False,False,False,False,False,False,False,False,False,False
36,24,0,3,1,31,0,5,0,0,0,2,0,0,0.861111111,0.0,0.138888889,1,2,4.086048612,0,0,False,True,False,False,False,False,False,False,False,False,False,False,False,False,False,False,False,False,False,False,False,False,False,False,False,False,False,False,False,False,False,False,False,False,False,False,False,False,False,False,False,False,False,False,False,False,False,False,False,False,False
32,20,0,3,1,26,0,6,0,0,0,2,0,0,0.8125,0.0,0.1875,0,3,3.882048828,1,0,True,False,False,False,False,False,False,False,False,False,False,False,False,False,False,False,False,False,False,False,False,False,False,False,False,False,False,False,False,False,False,False,False,False,False,False,False,False,False,False,False,False,False,False,False,False,False,False,False,False,False
25,13,0,3,1,19,0,6,0,0,0,2,0,0,0.76,0.0,0.24,0,3,3.75326969,1,0,True,False,False,False,False,False,False,False,False,False,False,False,False,False,False,False,False,False,False,False,False,False,False,False,False,False,False,False,False,False,False,False,False,False,False,False,False,False,False,False,False,False,False,False,False,False,False,False,False,False,False
30,18,0,2,1,24,0,6,0,0,0,2,0,0,0.8,0.0,0.2,0,3,4.031401845,1,0,False,False,False,False,False,False,False,False,False,False,False,False,False,False,False,False,False,False,False,False,False,False,False,False,False,False,True,False,False,False,False,False,False,False,False,False,False,False,False,False,False,False,False,False,False,False,False,False,False,False,False
36,15,0,3,1,29,0,7,0,0,0,2,1,0,0.805555556,0.0,0.194444444,1,3,4.141604168,1,0,True,False,False,False,False,False,False,False,False,False,False,False,False,False,False,False,False,False,False,False,False,False,False,False,False,False,False,False,False,False,False,False,False,False,False,False,False,False,False,False,False,False,False,False,False,False,False,False,False,False,False
46,10,0,3,1,33,7,6,0,0,0,2,0,0,0.717391304,0.152173913,0.130434783,1,3,4.577697282,1,0,True,False,False,False,False,False,False,False,False,False,False,False,False,False,False,False,False,False,False,False,False,False,False,False,False,False,False,False,False,False,False,False,False,False,False,False,False,False,False,False,False,False,False,False,False,False,False,False,False,False,False
33,21,0,6,1,26,0,7,0,0,0,3,0,0,0.787878788,0.0,0.212121212,0,3,4.043801695,1,0,False,False,False,False,False,False,False,False,False,False,False,False,False,False,False,False,False,False,False,False,False,False,False,False,False,False,False,False,False,False,False,False,False,False,False,False,False,False,False,False,False,False,False,False,False,False,False,False,False,False,True
24,12,0,2,1,18,0,6,0,0,0,2,0,0,0.75,0.0,0.25,0,3,3.605388542,1,0,False,False,False,False,False,False,False,False,False,False,True,False,False,False,False,False,False,False,False,False,False,False,False,False,False,False,False,False,False,False,False,False,False,False,False,False,False,False,False,False,False,False,False,False,False,False,False,False,False,False,False
25,13,0,3,1,20,0,5,0,0,0,2,0,0,0.8,0.0,0.2,1,2,3.70346519,0,0,True,False,False,False,False,False,False,False,False,False,False,False,False,False,False,False,False,False,False,False,False,False,False,False,False,False,False,False,False,False,False,False,False,False,False,False,False,False,False,False,False,False,False,False,False,False,False,False,False,False,False
28,16,0,3,1,22,0,6,0,0,0,2,0,0,0.785714286,0.0,0.214285714,0,3,3.708966083,1,0,True,False,False,False,False,False,False,False,False,False,False,False,False,False,False,False,False,False,False,False,False,False,False,False,False,False,False,False,False,False,False,False,False,False,False,False,False,False,False,False,False,False,False,False,False,False,False,False,False,False,False
37,12,0,6,1,27,0,10,0,0,0,4,0,0,0.72972973,0.0,0.27027027,0,5,3.807445177,14,0,False,False,False,False,False,False,False,False,False,False,False,False,False,False,False,False,False,False,False,False,False,False,False,False,False,False,False,False,False,False,False,False,False,False,False,False,False,False,False,False,False,False,False,False,False,False,False,False,False,False,True
23,14,0,3,0,18,0,5,0,0,0,1,0,0,0.782608696,0.0,0.217391304,1,3,3.795088586,1,0,False,True,False,False,False,False,False,False,False,False,False,False,False,False,False,False,False,False,False,False,False,False,False,False,False,False,False,False,False,False,False,False,False,False,False,False,False,False,False,False,False,False,False,False,False,False,False,False,False,False,False
31,14,0,6,1,24,0,7,0,0,0,3,0,0,0.774193548,0.0,0.225806452,1,3,3.953565665,1,0,False,False,False,False,False,False,False,False,False,False,False,False,False,False,False,False,False,False,False,False,False,False,False,False,False,False,False,False,False,False,False,False,False,False,False,False,False,False,False,False,False,False,False,False,False,False,False,False,False,False,True
33,21,0,3,1,27,0,6,0,0,0,2,0,0,0.818181818,0.0,0.181818182,0,3,4.006071013,1,0,True,False,False,False,False,False,False,False,False,False,False,False,False,False,False,False,False,False,False,False,False,False,False,False,False,False,False,False,False,False,False,False,False,False,False,False,False,False,False,False,False,False,False,False,False,False,False,False,False,False,False
43,28,0,3,0,35,0,8,0,0,0,2,2,0,0.813953488,0.0,0.186046512,1,3,4.065117661,7,0,True,False,False,False,False,False,False,False,False,False,False,False,False,False,False,False,False,False,False,False,False,False,False,False,False,False,False,False,False,False,False,False,False,False,False,False,False,False,False,False,False,False,False,False,False,False,False,False,False,False,False
15,6,0,2,0,10,0,5,0,0,0,1,0,0,0.666666667,0.0,0.333333333,1,3,3.272905595,1,0,False,False,False,False,False,False,False,False,False,False,False,False,False,False,False,False,False,False,False,False,False,False,False,False,False,False,False,False,False,False,False,False,False,False,False,False,False,False,False,False,False,False,False,False,False,False,False,False,False,False,True
23,11,0,3,1,17,0,6,0,0,0,2,0,0,0.739130435,0.0,0.260869565,0,3,3.675310869,1,0,False,False,True,False,False,False,False,False,False,False,False,False,False,False,False,False,False,False,False,False,False,False,False,False,False,False,False,False,False,False,False,False,False,False,False,False,False,False,False,False,False,False,False,False,False,False,False,False,False,False,False
22,10,0,3,1,17,0,5,0,0,0,2,0,0,0.772727273,0.0,0.227272727,1,2,3.754441846,0,0,False,False,True,False,False,False,False,False,False,False,False,False,False,False,False,False,False,False,False,False,False,False,False,False,False,False,False,False,False,False,False,False,False,False,False,False,False,False,False,False,False,False,False,False,False,False,False,False,False,False,False
20,8,0,3,1,14,0,6,0,0,0,2,0,0,0.7,0.0,0.3,0,3,3.40869497,1,0,False,False,True,False,False,False,False,False,False,False,False,False,False,False,False,False,False,False,False,False,False,False,False,False,False,False,False,False,False,False,False,False,False,False,False,False,False,False,False,False,False,False,False,False,False,False,False,False,False,False,False
23,7,0,2,1,17,1,5,0,0,0,2,0,0,0.739130435,0.043478261,0.217391304,1,2,3.762267391,0,0,False,False,False,False,False,False,False,False,False,False,False,False,False,False,False,False,False,False,False,False,False,False,False,True,False,False,False,False,False,False,False,False,False,False,False,False,False,False,False,False,False,False,False,False,False,False,False,False,False,False,False
36,11,0,2,1,28,0,8,0,0,0,3,0,0,0.777777778,0.0,0.222222222,0,4,4.141604168,14,0,False,False,False,False,False,True,False,False,False,False,False,False,False,False,False,False,False,False,False,False,False,False,False,False,False,False,False,False,False,False,False,False,False,False,False,False,False,False,False,False,False,False,False,False,False,False,False,False,False,False,False
31,18,0,3,1,25,0,6,0,0,0,2,0,0,0.806451613,0.0,0.193548387,1,3,3.913400746,1,0,True,False,False,False,False,False,False,False,False,False,False,False,False,False,False,False,False,False,False,False,False,False,False,False,False,False,False,False,False,False,False,False,False,False,False,False,False,False,False,False,False,False,False,False,False,False,False,False,False,False,False
29,17,0,3,1,23,0,6,0,0,0,2,0,0,0.793103448,0.0,0.206896552,0,3,4.021268495,1,0,False,True,False,False,False,False,False,False,False,False,False,False,False,False,False,False,False,False,False,False,False,False,False,False,False,False,False,False,False,False,False,False,False,False,False,False,False,False,False,False,False,False,False,False,False,False,False,False,False,False,False
30,17,0,3,1,24,0,6,0,0,0,2,0,0,0.8,0.0,0.2,1,3,3.806238929,1,0,False,True,False,False,False,False,False,False,False,False,False,False,False,False,False,False,False,False,False,False,False,False,False,False,False,False,False,False,False,False,False,False,False,False,False,False,False,False,False,False,False,False,False,False,False,False,False,False,False,False,False
32,18,0,3,0,26,0,6,0,0,0,1,0,0,0.8125,0.0,0.1875,0,4,4.054229297,7,0,True,False,False,False,False,False,False,False,False,False,False,False,False,False,False,False,False,False,False,False,False,False,False,False,False,False,False,False,False,False,False,False,False,False,False,False,False,False,False,False,False,False,False,False,False,False,False,False,False,False,False
20,5,0,2,0,13,2,5,0,0,0,1,0,0,0.65,0.1,0.25,1,3,3.746439345,7,0,False,False,False,False,False,False,False,False,False,False,False,False,False,False,False,False,False,False,False,False,False,False,False,False,False,False,False,False,False,False,False,False,False,False,False,False,False,False,False,False,False,False,False,False,False,False,False,False,False,False,True
26,10,0,5,1,18,0,8,0,0,0,3,0,0,0.692307692,0.0,0.307692308,0,4,3.565448372,5,0,False,False,False,False,False,False,False,False,False,False,False,False,False,False,False,False,False,False,False,False,False,False,False,False,False,False,False,False,False,False,False,False,False,False,False,False,False,False,False,False,False,False,True,False,False,False,False,False,False,False,False
278,15,0,3,0,229,27,22,2,1,0,2,3,0,0.823741007,0.097122302,0.079136691,0,13,5.435095883,110,145,True,False,False,False,False,False,False,False,False,False,False,False,False,False,False,False,False,False,False,False,False,False,False,False,False,False,False,False,False,False,False,False,False,False,False,False,False,False,False,False,False,False,False,False,False,False,False,False,False,False,False
39,18,0,8,1,23,4,12,0,0,0,2,6,0,0.58974359,0.102564103,0.307692308,1,3,4.072986513,1,0,False,False,False,False,False,False,False,False,False,False,False,False,False,False,False,False,False,False,False,False,False,False,False,False,False,False,False,False,False,False,False,False,False,False,False,False,False,False,False,False,False,False,False,False,False,False,False,False,False,False,True
32,16,0,3,1,25,0,7,0,0,0,2,1,0,0.78125,0.0,0.21875,1,3,4.015319531,1,0,False,False,False,False,False,False,False,False,True,False,False,False,False,False,False,False,False,False,False,False,False,False,False,False,False,False,False,False,False,False,False,False,False,False,False,False,False,False,False,False,False,False,False,False,False,False,False,False,False,False,False
43,23,0,5,0,36,0,7,0,0,0,3,0,0,0.837209302,0.0,0.162790698,0,3,4.219885616,13,0,False,False,False,False,False,False,False,False,False,False,False,False,False,False,False,False,False,False,False,False,False,False,False,False,False,False,False,False,False,False,False,False,False,False,False,True,False,False,False,False,False,False,False,False,False,False,False,False,False,False,False
34,19,0,3,1,27,0,7,0,0,0,2,0,0,0.794117647,0.0,0.205882353,0,4,3.936891798,4,0,True,False,False,False,False,False,False,False,False,False,False,False,False,False,False,False,False,False,False,False,False,False,False,False,False,False,False,False,False,False,False,False,False,False,False,False,False,False,False,False,False,False,False,False,False,False,False,False,False,False,False
32,19,0,3,1,26,0,6,0,0,0,2,0,0,0.8125,0.0,0.1875,1,3,4.030639062,1,0,True,False,False,False,False,False,False,False,False,False,False,False,False,False,False,False,False,False,False,False,False,False,False,False,False,False,False,False,False,False,False,False,False,False,False,False,False,False,False,False,False,False,False,False,False,False,False,False,False,False,False
22,10,0,5,1,15,0,7,0,0,0,3,0,0,0.681818182,0.0,0.318181818,0,3,3.503997527,1,0,False,False,False,False,False,False,False,False,False,False,False,False,False,False,False,False,False,False,False,False,False,False,False,False,False,False,False,False,False,False,False,False,False,False,False,False,False,False,False,False,False,False,False,False,False,False,False,False,False,False,True
28,16,0,6,1,21,0,7,0,0,0,3,0,0,0.75,0.0,0.25,0,3,3.815410725,1,0,False,False,False,False,False,False,False,False,False,False,False,False,False,False,False,False,False,False,False,False,False,False,False,False,False,False,False,False,False,False,False,False,False,False,False,False,False,False,False,False,False,False,False,False,False,False,False,False,False,False,True
84,10,0,3,1,65,8,11,0,0,0,2,1,1,0.773809524,0.095238095,0.130952381,1,6,5.296613851,61,0,True,False,False,False,False,False,False,False,False,False,False,False,False,False,False,False,False,False,False,False,False,False,False,False,False,False,False,False,False,False,False,False,False,False,False,False,False,False,False,False,False,False,False,False,False,False,False,False,False,False,False
43,15,0,6,1,30,3,10,1,1,0,4,0,0,0.697674419,0.069767442,0.23255814,0,3,4.303830743,10,6,False,False,False,False,False,False,False,False,False,False,False,False,False,False,False,False,False,False,False,False,False,False,False,False,False,False,False,False,False,False,False,False,False,False,False,False,False,False,False,False,False,False,False,False,False,False,False,False,False,False,True
24,12,0,3,1,18,0,6,0,0,0,2,0,0,0.75,0.0,0.25,0,3,3.740601563,1,0,True,False,False,False,False,False,False,False,False,False,False,False,False,False,False,False,False,False,False,False,False,False,False,False,False,False,False,False,False,False,False,False,False,False,False,False,False,False,False,False,False,False,False,False,False,False,False,False,False,False,False
26,10,0,6,1,18,0,8,0,0,0,3,0,0,0.692307692,0.0,0.307692308,0,4,3.507380102,5,0,False,False,False,False,False,False,False,False,False,False,False,False,False,False,False,False,False,False,False,False,False,False,False,False,False,False,False,False,False,False,False,False,False,False,False,False,False,False,False,False,False,False,False,False,False,False,False,False,False,False,True
24,17,0,4,0,16,3,5,0,0,0,1,1,0,0.666666667,0.125,0.208333333,0,2,4.136842188,0,0,False,False,False,False,False,False,False,False,False,False,False,False,False,False,False,False,False,False,False,False,False,False,False,False,False,False,False,False,False,False,False,False,False,False,False,False,False,False,False,False,False,False,False,False,False,False,False,False,False,False,True
32,16,0,5,2,22,1,9,0,0,0,4,1,0,0.6875,0.03125,0.28125,0,3,3.878928032,1,0,False,False,False,False,False,False,False,False,False,False,False,False,False,False,False,True,False,False,False,False,False,False,False,False,False,False,False,False,False,False,False,False,False,False,False,False,False,False,False,False,False,False,False,False,False,False,False,False,False,False,False
60,10,0,3,1,51,0,9,0,0,0,2,3,0,0.85,0.0,0.15,1,3,4.227108723,1,0,True,False,False,False,False,False,False,False,False,False,False,False,False,False,False,False,False,False,False,False,False,False,False,False,False,False,False,False,False,False,False,False,False,False,False,False,False,False,False,False,False,False,False,False,False,False,False,False,False,False,False
30,9,0,5,1,22,0,8,0,0,0,4,0,0,0.733333333,0.0,0.266666667,0,3,3.672905595,10,0,False,False,False,False,False,False,False,False,False,False,False,False,False,False,False,False,False,False,False,False,False,False,False,False,False,False,False,False,False,False,False,False,False,False,False,False,False,False,False,False,False,False,False,False,False,False,False,False,False,False,True
25,13,0,5,1,19,0,6,0,0,0,3,0,0,0.76,0.0,0.24,1,2,3.86346519,0,0,False,False,False,False,False,False,False,False,False,False,False,False,False,False,False,False,False,False,False,False,False,False,False,False,False,False,False,False,False,True,False,False,False,False,False,False,False,False,False,False,False,False,False,False,False,False,False,False,False,False,False
31,18,0,3,1,25,0,6,0,0,0,2,0,0,0.806451613,0.0,0.193548387,1,3,3.953565665,1,0,True,False,False,False,False,False,False,False,False,False,False,False,False,False,False,False,False,False,False,False,False,False,False,False,False,False,False,False,False,False,False,False,False,False,False,False,False,False,False,False,False,False,False,False,False,False,False,False,False,False,False
21,9,0,2,1,15,0,6,0,0,0,2,0,0,0.714285714,0.0,0.285714286,0,3,3.463280518,1,0,False,False,False,False,False,False,True,False,False,False,False,False,False,False,False,False,False,False,False,False,False,False,False,False,False,False,False,False,False,False,False,False,False,False,False,False,False,False,False,False,False,False,False,False,False,False,False,False,False,False,False
34,11,0,3,1,27,0,7,0,0,0,3,0,0,0.794117647,0.0,0.205882353,1,3,4.152920562,11,0,True,False,False,False,False,False,False,False,False,False,False,False,False,False,False,False,False,False,False,False,False,False,False,False,False,False,False,False,False,False,False,False,False,False,False,False,False,False,False,False,False,False,False,False,False,False,False,False,False,False,False
34,14,0,3,1,21,6,7,0,0,0,2,1,0,0.617647059,0.176470588,0.205882353,1,3,4.348656504,1,0,True,False,False,False,False,False,False,False,False,False,False,False,False,False,False,False,False,False,False,False,False,False,False,False,False,False,False,False,False,False,False,False,False,False,False,False,False,False,False,False,False,False,False,False,False,False,False,False,False,False,False
26,14,0,6,1,19,0,7,0,0,0,3,0,0,0.730769231,0.0,0.269230769,0,3,3.844106545,1,0,False,False,False,False,False,False,False,False,False,False,False,False,False,True,False,False,False,False,False,False,False,False,False,False,False,False,False,False,False,False,False,False,False,False,False,False,False,False,False,False,False,False,False,False,False,False,False,False,False,False,False
29,17,0,3,1,23,0,6,0,0,0,2,0,0,0.793103448,0.0,0.206896552,0,3,3.969207288,1,0,False,True,False,False,False,False,False,False,False,False,False,False,False,False,False,False,False,False,False,False,False,False,False,False,False,False,False,False,False,False,False,False,False,False,False,False,False,False,False,False,False,False,False,False,False,False,False,False,False,False,False
20,5,0,2,0,14,1,5,0,0,0,1,0,0,0.7,0.05,0.25,1,3,3.78418372,7,0,False,False,False,False,False,False,True,False,False,False,False,False,False,False,False,False,False,False,False,False,False,False,False,False,False,False,False,False,False,False,False,False,False,False,False,False,False,False,False,False,False,False,False,False,False,False,False,False,False,False,False
23,10,0,3,1,18,0,5,0,0,0,2,0,0,0.782608696,0.0,0.217391304,1,2,3.882045108,0,0,False,False,False,False,False,False,False,True,False,False,False,False,False,False,False,False,False,False,False,False,False,False,False,False,False,False,False,False,False,False,False,False,False,False,False,False,False,False,False,False,False,False,False,False,False,False,False,False,False,False,False
66,16,0,3,4,40,13,13,0,0,0,5,0,2,0.606060606,0.196969697,0.196969697,1,5,4.339795734,21,0,True,False,False,False,False,False,False,False,False,False,False,False,False,False,False,False,False,False,False,False,False,False,False,False,False,False,False,False,False,False,False,False,False,False,False,False,False,False,False,False,False,False,False,False,False,False,False,False,False,False,False
19,6,0,3,1,13,0,6,0,0,0,2,0,0,0.684210526,0.0,0.315789474,1,3,3.366091329,1,0,False,False,True,False,False,False,False,False,False,False,False,False,False,False,False,False,False,False,False,False,False,False,False,False,False,False,False,False,False,False,False,False,False,False,False,False,False,False,False,False,False,False,False,False,False,False,False,False,False,False,False
20,9,0,4,1,15,0,5,0,0,0,2,0,0,0.75,0.0,0.25,0,2,3.58418372,0,0,False,False,False,False,False,False,False,False,False,False,False,False,False,False,False,False,False,False,False,False,False,False,False,False,False,False,False,False,False,False,False,False,False,False,False,False,False,False,False,False,False,False,False,False,False,False,False,False,False,False,True
29,21,0,3,0,24,0,5,0,0,0,1,0,0,0.827586207,0.0,0.172413793,0,3,3.909368064,1,0,False,True,False,False,False,False,False,False,False,False,False,False,False,False,False,False,False,False,False,False,False,False,False,False,False,False,False,False,False,False,False,False,False,False,False,False,False,False,False,False,False,False,False,False,False,False,False,False,False,False,False
25,13,0,3,1,20,0,5,0,0,0,2,0,0,0.8,0.0,0.2,1,2,3.89366069,0,0,False,True,False,False,False,False,False,False,False,False,False,False,False,False,False,False,False,False,False,False,False,False,False,False,False,False,False,False,False,False,False,False,False,False,False,False,False,False,False,False,False,False,False,False,False,False,False,False,False,False,False
45,25,0,2,1,33,6,6,0,0,0,2,0,0,0.733333333,0.133333333,0.133333333,0,3,4.324534763,9,0,False,False,False,False,False,False,False,False,False,False,False,False,False,False,False,False,False,False,False,False,False,False,False,False,False,False,False,False,False,False,False,False,False,False,False,False,False,False,False,True,False,False,False,False,False,False,False,False,False,False,False
48,15,0,6,1,38,0,10,0,0,0,4,0,0,0.791666667,0.0,0.208333333,0,5,4.111440502,22,0,False,False,False,False,False,False,False,False,False,False,False,False,False,False,False,False,False,False,False,False,False,False,False,False,False,False,False,False,False,False,False,False,False,False,False,False,False,False,False,False,False,False,False,False,False,False,False,False,False,False,True
16,8,0,4,0,12,0,4,0,0,0,1,0,0,0.75,0.0,0.25,1,2,3.452819531,0,0,False,False,False,False,False,False,False,False,False,False,False,False,False,False,False,False,False,False,False,False,False,False,False,False,False,False,False,False,False,False,False,False,False,False,False,False,False,False,False,False,False,False,False,False,False,False,False,False,False,False,True
48,12,0,6,1,39,0,9,0,0,0,4,0,0,0.8125,0.0,0.1875,0,4,4.014460876,25,0,False,False,False,False,False,False,False,False,False,False,False,False,False,False,False,False,False,False,False,False,False,False,False,False,False,False,False,False,False,False,False,False,False,False,False,False,False,False,False,False,False,False,False,False,False,False,False,False,False,False,True
22,7,0,2,2,15,0,7,0,0,0,3,0,0,0.681818182,0.0,0.318181818,0,3,3.413088436,1,0,False,False,False,False,False,True,False,False,False,False,False,False,False,False,False,False,False,False,False,False,False,False,False,False,False,False,False,False,False,False,False,False,False,False,False,False,False,False,False,False,False,False,False,False,False,False,False,False,False,False,False
26,14,0,6,1,19,0,7,0,0,0,3,0,0,0.730769231,0.0,0.269230769,0,3,3.997952699,1,0,False,False,False,False,False,False,False,False,False,False,False,False,False,False,False,False,False,False,False,False,False,False,False,False,False,True,False,False,False,False,False,False,False,False,False,False,False,False,False,False,False,False,False,False,False,False,False,False,False,False,False
35,23,0,3,1,29,0,6,0,0,0,2,0,0,0.828571429,0.0,0.171428571,0,3,3.857016588,1,0,False,True,False,False,False,False,False,False,False,False,False,False,False,False,False,False,False,False,False,False,False,False,False,False,False,False,False,False,False,False,False,False,False,False,False,False,False,False,False,False,False,False,False,False,False,False,False,False,False,False,False
31,19,0,5,1,25,0,6,0,0,0,3,0,0,0.806451613,0.0,0.193548387,1,2,3.937751955,0,0,False,False,False,False,False,False,False,False,False,False,False,False,False,False,False,False,False,False,False,False,False,False,False,False,False,False,False,False,False,False,False,False,False,False,False,False,False,False,False,False,False,False,False,False,False,False,False,False,False,False,True
252,23,0,6,1,199,37,16,0,0,0,3,1,5,0.78968254,0.146825397,0.063492063,1,6,5.78317448,178,0,False,False,False,False,False,False,False,False,False,False,False,False,False,False,False,False,False,False,False,False,False,False,False,False,False,True,False,False,False,False,False,False,False,False,False,False,False,False,False,False,False,False,False,False,False,False,False,False,False,False,False
26,10,0,6,1,19,0,7,0,0,0,3,0,0,0.730769231,0.0,0.269230769,0,3,3.565448372,1,0,False,False,False,False,False,False,False,False,False,False,False,False,False,False,False,False,False,False,False,False,False,False,False,False,False,False,False,False,False,False,False,False,False,False,False,False,False,False,False,False,False,False,False,False,False,False,False,False,False,False,True
29,17,0,3,1,23,0,6,0,0,0,2,0,0,0.793103448,0.0,0.206896552,0,3,3.926272374,1,0,True,False,False,False,False,False,False,False,False,False,False,False,False,False,False,False,False,False,False,False,False,False,False,False,False,False,False,False,False,False,False,False,False,False,False,False,False,False,False,False,False,False,False,False,False,False,False,False,False,False,False
24,12,0,5,1,18,0,6,0,0,0,3,0,0,0.75,0.0,0.25,1,2,3.855388542,0,0,False,False,False,False,False,False,False,False,False,False,False,False,False,False,False,False,False,False,False,False,False,False,False,False,False,False,False,False,False,True,False,False,False,False,False,False,False,False,False,False,False,False,False,False,False,False,False,False,False,False,False
40,15,0,2,1,32,0,8,0,0,0,2,1,0,0.8,0.0,0.2,0,4,3.922573884,5,0,False,False,False,False,False,False,False,False,False,False,False,False,False,False,False,False,False,True,False,False,False,False,False,False,False,False,False,False,False,False,False,False,False,False,False,False,False,False,False,False,False,False,False,False,False,False,False,False,False,False,False
30,18,0,2,1,22,0,8,0,0,0,2,2,0,0.733333333,0.0,0.266666667,0,3,3.847742679,1,0,False,False,False,False,False,False,False,False,False,False,False,False,False,False,False,False,False,False,False,False,False,False,False,False,False,False,False,False,False,False,True,False,False,False,False,False,False,False,False,False,False,False,False,False,False,False,False,False,False,False,False
33,17,0,2,1,26,0,7,0,0,0,2,0,0,0.787878788,0.0,0.212121212,1,4,3.919563347,4,0,False,False,False,False,False,False,False,False,False,False,False,False,False,False,False,False,False,False,False,False,False,False,False,False,False,False,False,False,False,False,False,False,False,False,False,False,False,False,False,True,False,False,False,False,False,False,False,False,False,False,False
29,16,0,3,1,23,0,6,0,0,0,2,0,0,0.793103448,0.0,0.206896552,1,3,3.689901582,1,0,True,False,False,False,False,False,False,False,False,False,False,False,False,False,False,False,False,False,False,False,False,False,False,False,False,False,False,False,False,False,False,False,False,False,False,False,False,False,False,False,False,False,False,False,False,False,False,False,False,False,False
28,7,0,2,3,21,0,7,0,0,0,4,0,0,0.75,0.0,0.25,1,2,3.624518655,0,0,False,False,False,True,False,False,False,False,False,False,False,False,False,False,False,False,False,False,False,False,False,False,False,False,False,False,False,False,False,False,False,False,False,False,False,False,False,False,False,False,False,False,False,False,False,False,False,False,False,False,False
29,14,0,3,0,23,0,6,0,0,0,1,0,0,0.793103448,0.0,0.206896552,1,4,3.840402547,7,0,False,True,False,False,False,False,False,False,False,False,False,False,False,False,False,False,False,False,False,False,False,False,False,False,False,False,False,False,False,False,False,False,False,False,False,False,False,False,False,False,False,False,False,False,False,False,False,False,False,False,False
26,15,0,3,1,21,0,5,0,0,0,2,0,0,0.807692308,0.0,0.192307692,0,2,3.767183468,0,0,False,True,False,False,False,False,False,False,False,False,False,False,False,False,False,False,False,False,False,False,False,False,False,False,False,False,False,False,False,False,False,False,False,False,False,False,False,False,False,False,False,False,False,False,False,False,False,False,False,False,False
23,11,0,3,1,18,0,5,0,0,0,2,0,0,0.782608696,0.0,0.217391304,1,2,3.555533151,0,0,True,False,False,False,False,False,False,False,False,False,False,False,False,False,False,False,False,False,False,False,False,False,False,False,False,False,False,False,False,False,False,False,False,False,False,False,False,False,False,False,False,False,False,False,False,False,False,False,False,False,False
74,19,0,5,1,62,0,12,1,1,0,4,1,0,0.837837838,0.0,0.162162162,0,4,4.262762657,35,8,False,False,False,False,False,False,False,False,False,False,False,False,False,False,False,False,False,False,False,False,False,False,False,False,False,False,False,False,False,False,False,False,False,False,False,False,False,False,False,False,False,False,False,False,False,False,False,False,False,False,True
76,8,0,2,2,65,1,10,0,0,0,4,1,0,0.855263158,0.013157895,0.131578947,0,4,4.361084218,46,0,False,False,False,True,False,False,False,False,False,False,False,False,False,False,False,False,False,False,False,False,False,False,False,False,False,False,False,False,False,False,False,False,False,False,False,False,False,False,False,False,False,False,False,False,False,False,False,False,False,False,False
22,10,0,3,1,16,0,6,0,0,0,2,0,0,0.727272727,0.0,0.272727273,0,3,3.606936732,1,0,False,False,True,False,False,False,False,False,False,False,False,False,False,False,False,False,False,False,False,False,False,False,False,False,False,False,False,False,False,False,False,False,False,False,False,False,False,False,False,False,False,False,False,False,False,False,False,False,False,False,False
30,11,0,2,1,24,0,6,0,0,0,2,0,0,0.8,0.0,0.2,0,3,3.923231429,8,0,False,False,False,False,False,False,False,False,False,False,False,False,False,False,False,False,False,False,False,False,False,False,False,False,False,False,False,False,False,False,False,False,False,False,False,False,False,False,False,False,True,False,False,False,False,False,False,False,False,False,False
36,18,0,3,1,27,0,9,0,0,0,2,1,1,0.75,0.0,0.25,0,4,3.993132558,7,0,True,False,False,False,False,False,False,False,False,False,False,False,False,False,False,False,False,False,False,False,False,False,False,False,False,False,False,False,False,False,False,False,False,False,False,False,False,False,False,False,False,False,False,False,False,False,False,False,False,False,False
37,13,0,3,0,30,0,7,0,0,0,1,0,1,0.810810811,0.0,0.189189189,0,4,4.195675663,17,0,True,False,False,False,False,False,False,False,False,False,False,False,False,False,False,False,False,False,False,False,False,False,False,False,False,False,False,False,False,False,False,False,False,False,False,False,False,False,False,False,False,False,False,False,False,False,False,False,False,False,False
19,10,0,5,0,13,0,6,0,0,0,2,0,0,0.684210526,0.0,0.315789474,1,3,3.642149882,1,0,False,False,False,False,False,False,False,False,False,False,False,False,False,False,False,False,False,False,False,False,False,False,False,False,False,False,False,False,False,False,False,False,False,False,False,False,False,False,False,False,False,False,False,False,False,False,False,False,False,False,True
37,16,0,3,1,30,0,7,0,0,0,3,0,0,0.810810811,0.0,0.189189189,0,3,4.080414514,10,0,True,False,False,False,False,False,False,False,False,False,False,False,False,False,False,False,False,False,False,False,False,False,False,False,False,False,False,False,False,False,False,False,False,False,False,False,False,False,False,False,False,False,False,False,False,False,False,False,False,False,False
24,15,0,3,0,19,0,5,0,0,0,1,0,0,0.791666667,0.0,0.208333333,1,3,3.970175521,1,0,False,True,False,False,False,False,False,False,False,False,False,False,False,False,False,False,False,False,False,False,False,False,False,False,False,False,False,False,False,False,False,False,False,False,False,False,False,False,False,False,False,False,False,False,False,False,False,False,False,False,False
19,11,0,3,0,14,0,5,0,0,0,1,0,0,0.736842105,0.0,0.263157895,0,3,3.681880803,1,0,True,False,False,False,False,False,False,False,False,False,False,False,False,False,False,False,False,False,False,False,False,False,False,False,False,False,False,False,False,False,False,False,False,False,False,False,False,False,False,False,False,False,False,False,False,False,False,False,False,False,False
28,13,0,3,1,21,0,7,0,0,0,2,0,0,0.75,0.0,0.25,0,4,3.824862958,4,0,False,True,False,False,False,False,False,False,False,False,False,False,False,False,False,False,False,False,False,False,False,False,False,False,False,False,False,False,False,False,False,False,False,False,False,False,False,False,False,False,False,False,False,False,False,False,False,False,False,False,False
30,17,0,3,1,24,0,6,0,0,0,2,0,0,0.8,0.0,0.2,1,3,3.989898095,1,0,False,True,False,False,False,False,False,False,False,False,False,False,False,False,False,False,False,False,False,False,False,False,False,False,False,False,False,False,False,False,False,False,False,False,False,False,False,False,False,False,False,False,False,False,False,False,False,False,False,False,False
21,8,0,3,1,15,0,6,0,0,0,2,0,0,0.714285714,0.0,0.285714286,1,3,3.463280518,1,0,False,True,False,False,False,False,False,False,False,False,False,False,False,False,False,False,False,False,False,False,False,False,False,False,False,False,False,False,False,False,False,False,False,False,False,False,False,False,False,False,False,False,False,False,False,False,False,False,False,False,False
34,22,0,6,1,27,0,7,0,0,0,3,0,0,0.794117647,0.0,0.205882353,0,3,4.035273503,1,0,False,False,False,False,False,False,False,False,False,False,False,False,False,True,False,False,False,False,False,False,False,False,False,False,False,False,False,False,False,False,False,False,False,False,False,False,False,False,False,False,False,False,False,False,False,False,False,False,False,False,False
22,14,0,3,0,17,0,5,0,0,0,1,0,0,0.772727273,0.0,0.227272727,0,3,3.629219687,1,0,True,False,False,False,False,False,False,False,False,False,False,False,False,False,False,False,False,False,False,False,False,False,False,False,False,False,False,False,False,False,False,False,False,False,False,False,False,False,False,False,False,False,False,False,False,False,False,False,False,False,False
22,11,0,6,1,16,0,6,0,0,0,3,0,0,0.727272727,0.0,0.272727273,0,2,3.754441846,0,0,False,False,False,False,False,False,False,False,False,False,False,False,False,False,False,False,False,False,False,False,False,False,False,False,False,False,False,False,False,False,False,False,False,False,False,False,False,False,False,False,False,False,False,False,False,False,False,False,False,False,True
23,11,0,6,1,16,0,7,0,0,0,3,0,0,0.695652174,0.0,0.304347826,0,3,3.729446195,1,0,False,False,False,False,False,False,False,False,False,False,False,False,False,False,False,False,False,False,False,False,False,False,False,False,True,False,False,False,False,False,False,False,False,False,False,False,False,False,False,False,False,False,False,False,False,False,False,False,False,False,False
33,10,0,2,1,26,0,7,0,0,0,2,0,0,0.787878788,0.0,0.212121212,1,4,3.968340331,11,0,False,False,False,False,False,False,False,False,False,False,False,False,False,False,False,False,False,False,False,False,False,False,False,False,False,False,False,False,False,False,False,False,False,False,False,False,False,False,False,False,False,False,False,False,False,False,False,False,False,False,True
20,8,0,3,1,14,0,6,0,0,0,2,0,0,0.7,0.0,0.3,0,3,3.546439345,1,0,False,True,False,False,False,False,False,False,False,False,False,False,False,False,False,False,False,False,False,False,False,False,False,False,False,False,False,False,False,False,False,False,False,False,False,False,False,False,False,False,False,False,False,False,False,False,False,False,False,False,False
21,9,0,5,1,14,0,7,0,0,0,3,0,0,0.666666667,0.0,0.333333333,0,3,3.617809684,1,0,False,False,False,False,False,False,False,False,False,False,False,False,False,False,False,False,False,False,False,False,False,False,False,False,False,False,False,False,False,True,False,False,False,False,False,False,False,False,False,False,False,False,False,False,False,False,False,False,False,False,False
21,9,0,3,1,15,0,6,0,0,0,2,0,0,0.714285714,0.0,0.285714286,0,3,3.653756708,1,0,False,False,True,False,False,False,False,False,False,False,False,False,False,False,False,False,False,False,False,False,False,False,False,False,False,False,False,False,False,False,False,False,False,False,False,False,False,False,False,False,False,False,False,False,False,False,False,False,False,False,False
47,16,0,2,1,39,0,8,0,0,0,2,2,0,0.829787234,0.0,0.170212766,1,3,4.222052884,19,0,False,False,False,True,False,False,False,False,False,False,False,False,False,False,False,False,False,False,False,False,False,False,False,False,False,False,False,False,False,False,False,False,False,False,False,False,False,False,False,False,False,False,False,False,False,False,False,False,False,False,False
19,11,0,3,0,14,0,5,0,0,0,1,0,0,0.736842105,0.0,0.263157895,0,3,3.536886724,1,0,False,True,False,False,False,False,False,False,False,False,False,False,False,False,False,False,False,False,False,False,False,False,False,False,False,False,False,False,False,False,False,False,False,False,False,False,False,False,False,False,False,False,False,False,False,False,False,False,False,False,False
34,11,0,4,1,25,4,5,0,0,0,2,0,0,0.735294118,0.117647059,0.147058824,0,2,4.113362386,0,0,False,False,False,False,False,False,False,False,False,False,False,False,False,False,False,False,False,False,False,False,False,False,False,False,False,False,False,False,False,False,False,False,False,False,False,False,False,False,False,False,False,False,False,False,False,False,False,True,False,False,False
32,20,0,3,1,26,0,6,0,0,0,2,0,0,0.8125,0.0,0.1875,0,3,3.679229297,1,0,False,True,False,False,False,False,False,False,False,False,False,False,False,False,False,False,False,False,False,False,False,False,False,False,False,False,False,False,False,False,False,False,False,False,False,False,False,False,False,False,False,False,False,False,False,False,False,False,False,False,False
24,12,0,5,1,17,0,7,0,0,0,3,0,0,0.708333333,0.0,0.291666667,0,3,3.709147917,1,0,False,False,False,False,False,False,False,False,False,False,False,False,False,False,False,False,False,False,False,False,False,False,False,False,False,False,False,False,False,False,False,True,False,False,False,False,False,False,False,False,False,False,False,False,False,False,False,False,False,False,False
37,15,0,3,1,30,0,7,0,0,0,3,0,0,0.810810811,0.0,0.189189189,0,3,4.090964771,11,0,False,True,False,False,False,False,False,False,False,False,False,False,False,False,False,False,False,False,False,False,False,False,False,False,False,False,False,False,False,False,False,False,False,False,False,False,False,False,False,False,False,False,False,False,False,False,False,False,False,False,False
38,16,0,3,1,30,0,8,0,0,0,2,1,0,0.789473684,0.0,0.210526316,1,4,3.918208434,9,0,True,False,False,False,False,False,False,False,False,False,False,False,False,False,False,False,False,False,False,False,False,False,False,False,False,False,False,False,False,False,False,False,False,False,False,False,False,False,False,False,False,False,False,False,False,False,False,False,False,False,False
21,9,0,2,1,15,0,6,0,0,0,2,0,0,0.714285714,0.0,0.285714286,0,3,3.748994804,1,0,False,False,False,False,True,False,False,False,False,False,False,False,False,False,False,False,False,False,False,False,False,False,False,False,False,False,False,False,False,False,False,False,False,False,False,False,False,False,False,False,False,False,False,False,False,False,False,False,False,False,False
22,10,0,3,1,17,0,5,0,0,0,2,0,0,0.772727273,0.0,0.227272727,1,2,3.663532755,0,0,True,False,False,False,False,False,False,False,False,False,False,False,False,False,False,False,False,False,False,False,False,False,False,False,False,False,False,False,False,False,False,False,False,False,False,False,False,False,False,False,False,False,False,False,False,False,False,False,False,False,False
23,11,0,3,1,18,0,5,0,0,0,2,0,0,0.782608696,0.0,0.217391304,1,2,3.555533151,0,0,False,True,False,False,False,False,False,False,False,False,False,False,False,False,False,False,False,False,False,False,False,False,False,False,False,False,False,False,False,False,False,False,False,False,False,False,False,False,False,False,False,False,False,False,False,False,False,False,False,False,False
29,16,0,6,1,22,0,7,0,0,0,3,0,0,0.75862069,0.0,0.24137931,1,3,3.693345219,1,0,False,False,False,False,False,False,False,False,False,False,False,False,False,False,False,False,False,False,False,False,False,False,False,False,False,False,False,False,False,False,False,False,False,False,False,False,False,False,False,False,False,False,False,False,False,False,False,False,False,False,True
36,6,0,2,2,23,4,9,0,0,0,3,1,0,0.638888889,0.111111111,0.25,0,4,4.252715279,8,0,False,False,False,True,False,False,False,False,False,False,False,False,False,False,False,False,False,False,False,False,False,False,False,False,False,False,False,False,False,False,False,False,False,False,False,False,False,False,False,False,False,False,False,False,False,False,False,False,False,False,False
36,24,0,6,1,29,0,7,0,0,0,3,0,0,0.805555556,0.0,0.194444444,0,3,3.808270835,1,0,False,False,False,False,False,False,False,False,False,False,False,False,False,True,False,False,False,False,False,False,False,False,False,False,False,False,False,False,False,False,False,False,False,False,False,False,False,False,False,False,False,False,False,False,False,False,False,False,False,False,False
19,11,0,2,0,15,0,4,0,0,0,1,0,0,0.789473684,0.0,0.210526316,1,2,3.787143961,0,0,False,False,False,False,False,False,False,False,False,False,False,False,False,False,False,False,False,False,False,False,False,False,True,False,False,False,False,False,False,False,False,False,False,False,False,False,False,False,False,False,False,False,False,False,False,False,False,False,False,False,False
19,7,0,2,1,13,0,6,0,0,0,2,0,0,0.684210526,0.0,0.315789474,0,3,3.326360408,1,0,False,False,False,False,False,False,False,False,False,False,False,False,False,False,False,False,False,False,False,False,False,False,False,False,False,False,False,False,False,False,False,False,False,False,False,False,False,False,False,False,False,False,False,True,False,False,False,False,False,False,False
37,11,0,6,1,29,0,8,0,0,0,3,1,0,0.783783784,0.0,0.216216216,1,3,3.959057082,14,0,False,False,False,False,False,False,False,False,False,False,False,False,False,False,False,False,False,False,True,False,False,False,False,False,False,False,False,False,False,False,False,False,False,False,False,False,False,False,False,False,False,False,False,False,False,False,False,False,False,False,False
84,10,0,3,1,66,8,10,0,0,0,2,1,0,0.785714286,0.095238095,0.119047619,1,6,5.182213369,61,0,True,False,False,False,False,False,False,False,False,False,False,False,False,False,False,False,False,False,False,False,False,False,False,False,False,False,False,False,False,False,False,False,False,False,False,False,False,False,False,False,False,False,False,False,False,False,False,False,False,False,False
29,17,0,5,1,22,0,7,0,0,0,3,0,0,0.75862069,0.0,0.24137931,0,3,4.090234012,1,0,False,False,False,False,False,False,False,False,False,False,False,False,False,False,True,False,False,False,False,False,False,False,False,False,False,False,False,False,False,False,False,False,False,False,False,False,False,False,False,False,False,False,False,False,False,False,False,False,False,False,False
48,18,0,3,1,42,0,6,0,0,0,2,0,0,0.875,0.0,0.125,0,3,3.881866543,19,0,False,True,False,False,False,False,False,False,False,False,False,False,False,False,False,False,False,False,False,False,False,False,False,False,False,False,False,False,False,False,False,False,False,False,False,False,False,False,False,False,False,False,False,False,False,False,False,False,False,False,False
28,16,0,2,1,21,0,7,0,0,0,2,1,0,0.75,0.0,0.25,0,3,3.767375798,1,0,False,False,False,True,False,False,False,False,False,False,False,False,False,False,False,False,False,False,False,False,False,False,False,False,False,False,False,False,False,False,False,False,False,False,False,False,False,False,False,False,False,False,False,False,False,False,False,False,False,False,False
78,18,0,3,1,66,0,12,0,0,0,2,4,0,0.846153846,0.0,0.153846154,0,5,4.190860439,49,0,True,False,False,False,False,False,False,False,False,False,False,False,False,False,False,False,False,False,False,False,False,False,False,False,False,False,False,False,False,False,False,False,False,False,False,False,False,False,False,False,False,False,False,False,False,False,False,False,False,False,False
25,13,0,3,1,18,0,7,0,0,0,2,1,0,0.72,0.0,0.28,0,3,3.86346519,1,0,False,True,False,False,False,False,False,False,False,False,False,False,False,False,False,False,False,False,False,False,False,False,False,False,False,False,False,False,False,False,False,False,False,False,False,False,False,False,False,False,False,False,False,False,False,False,False,False,False,False,False
31,19,0,3,1,26,0,5,0,0,0,2,0,0,0.838709677,0.0,0.161290323,1,2,3.913400746,0,0,True,False,False,False,False,False,False,False,False,False,False,False,False,False,False,False,False,False,False,False,False,False,False,False,False,False,False,False,False,False,False,False,False,False,False,False,False,False,False,False,False,False,False,False,False,False,False,False,False,False,False
33,20,0,2,1,27,0,6,0,0,0,2,0,0,0.818181818,0.0,0.181818182,1,3,3.839108134,1,0,False,False,False,False,False,False,False,False,False,False,False,False,False,False,False,False,False,False,False,False,False,False,False,False,False,False,False,False,False,False,False,False,False,False,False,False,False,False,False,False,False,False,False,True,False,False,False,False,False,False,False
23,11,0,6,1,17,0,6,0,0,0,3,0,0,0.739130435,0.0,0.260869565,1,2,3.435755434,0,0,False,False,False,False,False,False,False,False,False,False,False,False,False,False,False,False,False,False,False,False,False,False,False,False,False,False,False,False,False,False,False,False,False,False,False,False,False,False,False,False,False,False,False,False,False,False,False,False,False,False,True
22,6,0,2,1,15,0,7,0,0,0,2,0,0,0.681818182,0.0,0.318181818,0,4,3.481714573,5,0,False,False,False,False,False,False,False,False,False,False,False,False,False,False,False,False,False,False,False,False,False,False,False,False,False,False,False,False,False,False,False,False,False,False,False,False,False,False,False,False,False,False,False,False,False,False,False,False,False,False,True
27,14,0,3,1,21,0,6,0,0,0,2,0,0,0.777777778,0.0,0.222222222,1,3,3.902311576,1,0,True,False,False,False,False,False,False,False,False,False,False,False,False,False,False,False,False,False,False,False,False,False,False,False,False,False,False,False,False,False,False,False,False,False,False,False,False,False,False,False,False,False,False,False,False,False,False,False,False,False,False
34,22,0,10,1,27,0,7,0,0,0,3,0,0,0.794117647,0.0,0.205882353,0,3,4.035273503,1,0,False,False,False,False,False,False,False,False,False,False,False,False,False,False,False,False,False,False,False,False,False,False,False,False,False,False,False,False,False,False,False,False,False,False,False,False,False,False,False,False,False,False,False,False,False,False,False,False,False,False,True
21,9,0,3,1,15,0,6,0,0,0,2,0,0,0.714285714,0.0,0.285714286,0,3,3.653756708,1,0,False,True,False,False,False,False,False,False,False,False,False,False,False,False,False,False,False,False,False,False,False,False,False,False,False,False,False,False,False,False,False,False,False,False,False,False,False,False,False,False,False,False,False,False,False,False,False,False,False,False,False
20,8,0,2,1,14,0,6,0,0,0,2,0,0,0.7,0.0,0.3,0,3,3.446439345,1,0,False,False,False,False,False,False,False,False,False,False,False,False,False,False,False,False,False,False,False,True,False,False,False,False,False,False,False,False,False,False,False,False,False,False,False,False,False,False,False,False,False,False,False,False,False,False,False,False,False,False,False
20,12,0,6,0,14,0,6,0,0,0,2,0,0,0.7,0.0,0.3,0,3,3.546439345,1,0,False,False,False,False,False,False,False,False,False,False,False,False,False,False,False,False,False,False,False,False,False,False,False,False,False,False,False,False,False,False,False,False,False,False,False,False,False,False,False,False,False,False,False,False,False,False,False,False,False,False,True
32,8,0,3,1,24,0,8,0,0,0,3,0,0,0.75,0.0,0.25,0,4,3.890319531,13,0,True,False,False,False,False,False,False,False,False,False,False,False,False,False,False,False,False,False,False,False,False,False,False,False,False,False,False,False,False,False,False,False,False,False,False,False,False,False,False,False,False,False,False,False,False,False,False,False,False,False,False
18,9,0,3,0,13,0,5,0,0,0,1,0,0,0.722222222,0.0,0.277777778,1,3,3.308270835,1,0,True,False,False,False,False,False,False,False,False,False,False,False,False,False,False,False,False,False,False,False,False,False,False,False,False,False,False,False,False,False,False,False,False,False,False,False,False,False,False,False,False,False,False,False,False,False,False,False,False,False,False
23,15,0,2,0,18,0,5,0,0,0,1,0,0,0.782608696,0.0,0.217391304,0,3,3.675310869,1,0,False,False,False,False,False,False,False,False,False,False,False,False,False,False,False,False,False,False,False,False,False,False,False,False,False,False,False,False,False,False,False,False,False,False,False,False,False,False,False,False,False,False,False,False,False,True,False,False,False,False,False
18,10,0,6,0,13,0,5,0,0,0,2,0,0,0.722222222,0.0,0.277777778,1,2,3.725480557,0,0,False,False,False,False,False,False,False,False,False,False,False,False,False,False,False,False,False,False,False,False,False,False,False,False,False,False,False,False,False,False,False,False,False,False,False,False,False,False,False,False,False,False,False,False,False,False,False,False,False,False,True
34,22,0,2,1,27,0,7,0,0,0,2,2,0,0.794117647,0.0,0.205882353,1,2,4.197325709,0,0,False,False,False,False,True,False,False,False,False,False,False,False,False,False,False,False,False,False,False,False,False,False,False,False,False,False,False,False,False,False,False,False,False,False,False,False,False,False,False,False,False,False,False,False,False,False,False,False,False,False,False
29,18,0,5,1,21,0,8,0,0,0,3,2,0,0.724137931,0.0,0.275862069,0,2,4.047299098,0,0,False,False,False,False,False,False,False,False,False,False,False,False,False,False,False,True,False,False,False,False,False,False,False,False,False,False,False,False,False,False,False,False,False,False,False,False,False,False,False,False,False,False,False,False,False,False,False,False,False,False,False
22,14,0,3,0,18,0,4,0,0,0,1,0,0,0.818181818,0.0,0.181818182,1,2,3.754441846,0,0,False,True,False,False,False,False,False,False,False,False,False,False,False,False,False,False,False,False,False,False,False,False,False,False,False,False,False,False,False,False,False,False,False,False,False,False,False,False,False,False,False,False,False,False,False,False,False,False,False,False,False
